tree
version=v4
num_class=1
num_tree_per_iteration=1
label_index=0
max_feature_idx=46
objective=binary sigmoid:1
feature_names=sport age gender height_cm weight_kg_baseline dominant_side years_playing position prior_season_injury_count steps_mean steps_std steps_sum steps_slope distance_mean very_active_min_mean fairly_active_min_mean lightly_active_min_mean sedentary_min_mean calories_mean calories_std calories_slope n_days_logged sleep_min_mean sleep_min_std time_in_bed_mean sleep_efficiency_mean sleep_debt_mean n_sleep_records weight_last fat_last bmi_last n_weight_logs n_sessions_total total_hours n_unique_session_days max_sessions_per_day n_gym n_practice n_scrimmage acwr rest_days hr_mean hr_std hr_max intensity_mean intensity_std steps_hourly_std
feature_infos=-1:3:1:0:4:2:5 [18:24] -1:0:1 [138.69999999999999:201.69999999999999] [22.399999999999999:102.2] -1:1:0 [1:11] -1:12:4:5:7:1:6:14:8:3:2:15:11:10:9:0:13 [0:6] [3369.0999999999999:20166.033333333333] [716.62604749898867:10565.428367324132] [101073:604981] [-146.61112347052304:975.28654060066742] [2.5276666666666667:15.124666666666666] [19.399999999999999:37.833333333333336] [11.800000000000001:22.100000000000001] [180.56666666666666:208.83333333333334] none [1898.4666666666667:2684.8666666666668] [63.373514174697434:556.01026307405357] [-8.5290322580645963:51.804004449388152] none [302.30000000000001:546.60000000000002] [5.4718716460042076:25.914980356862159] [332.26666666666665:604.06666666666672] [0.86588826221263415:0.92640258511402207] [29.966666666666665:73.166666666666671] none [33.399999999999999:103] [1:25.800000000000001] [10.300000000000001:40.600000000000001] [1:5] [12:22] [14:38] [12:22] none [0:12] [3:20] [0:12] [0.18633540372670807:1.9047619047619047] [8:18] [65.279884338378906:110.81167602539062] [13.906895637512207:29.120307922363281] [92:185] [1.9680696725845337:3.7485380172729492] [1.5314967632293701:3.4959757328033447] [107.70095062255859:813.57049560546875]
tree_sizes=1674 1724 1718 1724 1721 1711 1715 1721 1713 1724 1717 1717 1723 1725 1749 1741 1731 1748 1719 1717 1744 1714 1731 1725 1724 1751 1724 1751 1724 1754 1741 1726 1721 1745 1734 1751 1737 1729 1743 1749 1729 1747 1721 1724 1725 1724 1723 1748 1742 1745 1764 1732 1744 1750 1731 1752 1744 1739 1749 1762 1747 1752 1754 1741 1738 1733 1752 1732 1729 1758 1728 1747 1746 1732 1740 1750 1746 1739 1731 1736 1750 1745 1756 1720 1736 1764 1723 1750 1720 1752 1752 1743 1734 1733 1757 1757 1739 1736 1748 1733 1715 1748 1726 1750 1738 1745 1739 1738 1737 1757 1727 1723 1736 1729 1756 1733 1745 1719 1745 1737 1739 1724 1724 1755 1725 1753 1736 1729 1720 1735 1732 1750 1756 1731 1751 1744 1760 1722 1746 1730 1730 1747 1728 1736 1736 1734 1726 1750 1729 1728 1740 1720 1745 1759 1752 1730 1738 1746 1751 1738 1737 1732 1725 1732 1741 1754 1714 1743 1739 1732 1745 1720 1758 1726 1728 1728 1736 1735 1721 1732 1758 1754 1740 1752 1728 1715 1729 1730 1737 1741 1755 1724 1729 1736 1747 1724 1758 1727 1741 1724 1726 1754 1726 1730 1716 1743 1727 1748 1718 1746 1739 1739 1747 1717 1739 1745 1723 1726 1732 1720 1744 1724 1728 1720 1733 1732 1725 1727 1739 1747 1744 1727 1755 1735 1752 1727 1756 1734 1728 1728 1715 1749 1744 1744 1721 1727 1746 1721 1732 1757 1726 1723 1721 1737 1736 1734 1758 1739 1723 1729 1750 1734 1734 1738 1724 1730 1746 1737 1731 1730 1745 1738 1717 1743 1727 1718 1747 1731 1749 1731 1745 1726 1730 1752 1738 1736 1723 1737 1755 1743 1727 1753 1749 1749 1723 1716 1733 1730 1726 1730 1747 1735 1728 1739 1736 1726 1737 1743 1750 1726 1735 1720 1736 1728 1749 1723 1747 1728 1725 1732 1721 1732 1747 1753 1743 1724 1743 1733 1735 1715 1731 1748 1718 1714 1724 1751 1724 1732 1734 1718 1723 1740 1754 1713 1731 1750 1731 1735 1732 1734 1743 1731 1723 1721 1746 1718 1741 1741 1742 1760 1723 1717 1726 1722 1746 1754 1725 1745 1721 1724 1728 1729 1738 1728 1717 1755 1722 1745 1726 1729 1732 1747 1734 1715 1738 1755 1723 1746 1737 1746 1747 1737 1746 1729 1752 1736 1742 1740 1720 1718

Tree=0
num_leaves=15
num_cat=0
split_feature=12 12 12 42 10 26 43 42 15 42 12 33 44 31
split_gain=873.223 35.1778 13.527 12.6934 10.0067 10.0085 7.811 7.42688 11.9317 7.19295 6.96944 6.46247 6.73975 6.63396
threshold=40.980088987763992 79.229254727474739 1.1496106785314761 15.69723701477051 2496.0001604757385 43.95000000000001 111.50000000000001 18.230983734130863 13.583333333333334 16.101969718933109 -36.303003337041375 26.500000000000004 2.3204385042190556 2.5000000000000004
decision_type=2 2 2 2 2 2 2 2 2 2 2 2 2 8
left_child=2 7 10 6 5 9 -4 8 -2 -5 -1 13 -13 -7
right_child=1 -3 3 4 -6 11 -8 -9 -10 -11 -12 12 -14 -15
leaf_value=-0.64302807156053288 -0.61566404680729314 -0.53833832891738664 -0.64524695557375988 -0.64370363709021794 -0.65251131367384019 -0.64606623447249389 -0.6232794914161458 -0.61903920888950437 -0.55796803220491342 -0.60885941715055913 -0.63456062707899996 -0.58591963334168695 -0.62240369470614532 -0.6000863756393221
leaf_weight=128.31000369787216 4.7775001376867321 99.872502878308296 31.395000904798508 10.920000314712526 5.0050001442432395 4.5500001311302158 27.300000786781311 4.5500001311302176 9.782500281929968 8.8725002557039243 317.81750915944576 18.88250054419041 5.6875001639127722 4.7775001376867303
leaf_count=564 21 439 138 48 22 20 120 20 43 39 1397 83 25 21
internal_value=-0.619039 -0.545541 -0.634661 -0.625526 -0.615672 -0.611689 -0.635272 -0.585325 -0.575466 -0.628345 -0.637044 -0.601975 -0.594166 -0.622961
internal_weight=682.5 118.983 563.518 117.39 58.695 53.69 58.695 19.11 14.56 19.7925 446.128 33.8975 24.57 9.3275
internal_count=3000 523 2477 516 258 236 258 84 64 87 1961 149 108 41
is_linear=0
shrinkage=1


Tree=1
num_leaves=15
num_cat=0
split_feature=12 12 12 43 19 15 16 45 26 23 14 43 23 43
split_gain=808.959 31.5353 12.8556 11.4872 9.9049 9.08976 7.63791 7.54708 7.45011 9.65944 7.41837 6.91551 7.77281 6.89045
threshold=40.980088987763992 101.42146829810883 1.1496106785314761 111.50000000000001 155.16450367315898 13.550000000000002 203.81666666666669 1.8622462749481203 43.95000000000001 11.099471851104296 23.216666666666672 122.50000000000001 9.2206975955886019 124.50000000000001
decision_type=2 2 2 2 2 2 2 2 2 2 2 2 2 2
left_child=2 4 7 6 5 -2 10 13 -5 11 -4 12 -10 -1
right_child=1 -3 3 8 -6 -7 -8 -9 9 -11 -12 -13 -14 -15
leaf_value=-0.017450547127949616 0.0082777952018019095 0.078320598358056673 0.020855406168900741 -0.010222517347590906 -0.00075682158971057234 0.05640425082396517 -0.024877865083365085 -0.040167970154732495 -0.013427469095891861 -0.018141368968370802 -0.020206955936342894 0.041123806577914521 0.020012205461802036 0.0056230968833735316
leaf_weight=419.72433298826218 4.7923223674297395 93.789085537195206 7.2898056358098966 27.922609329223633 4.5898410379886618 18.283224999904633 34.132169082760811 12.431209638714789 8.6498326659202593 8.1729681640863401 6.5842553228139877 7.0756159573793402 17.338246405124664 11.541459679603575
leaf_count=1855 21 403 32 123 20 79 151 55 38 36 29 31 76 51
internal_value=-3.62698e-06 0.0698652 -0.0152311 -0.00632111 0.0394683 0.0471683 -0.0174341 -0.0175644 0.00153143 0.00954398 0.00131992 0.0167191 0.00879707 -0.0168215
internal_weight=682.317 121.454 560.863 117.166 27.6654 23.0755 48.0062 443.697 69.1593 41.2367 13.8741 33.0637 25.9881 431.266
internal_count=3000 523 2477 516 120 100 212 1961 304 181 61 145 114 1906
is_linear=0
shrinkage=0.03


Tree=2
num_leaves=15
num_cat=0
split_feature=20 43 20 19 42 43 42 41 4 26 20 23 39 6
split_gain=744.625 38.5951 13.0708 12.7093 12.5031 23.0226 16.7954 9.60976 6.92418 10.1333 7.40282 8.05801 7.02829 6.88239
threshold=2.3853170189098676 121.50000000000001 8.8575083426028627 169.58853135869762 17.403923034667972 125.50000000000001 16.494048118591312 81.236099243164077 61.350000000000001 44.850000000000009 0.65572858731919492 9.3614518964312126 1.2552521008403363 4.5000000000000009
decision_type=2 2 2 2 2 2 2 2 2 2 2 2 2 2
left_child=4 -2 3 -3 5 6 8 -8 9 -1 -11 -12 -10 -7
right_child=1 2 -4 -5 -6 13 7 -9 12 10 11 -13 -14 -15
leaf_value=-0.0039049973566385307 -0.016599066896162244 0.059309815927709016 0.076250009007363215 0.011999264799150073 -0.042285803774227956 0.048410895197437125 0.0373585920598676 -0.0084294408221837966 -0.02014730355106268 -0.021078365779589964 -0.022408943506717065 0.024993946076200244 -0.0049712381899581831 0.0064962582435816778
leaf_weight=87.818590924143791 4.5725226998329154 30.724875956773758 83.26542304456234 6.7917254865169516 13.874813899397848 4.5579697638750067 7.4743577539920789 7.4526648670434952 298.30405946075916 83.980592116713524 4.7616864740848523 6.3821611553430557 31.091584175825119 10.694254338741301
leaf_count=390 20 131 351 29 62 20 33 33 1324 373 21 28 138 47
internal_value=-4.66396e-06 0.0657502 0.0689784 0.051279 -0.0149105 -0.0141339 -0.0151951 0.0154039 -0.0161149 -0.0113225 -0.0180584 0.00456165 -0.0187342 0.02123
internal_weight=681.747 125.355 120.782 37.5166 556.393 542.518 527.266 14.927 512.339 182.943 95.1244 11.1438 329.396 15.2522
internal_count=3000 531 511 160 2469 2407 2340 66 2274 812 422 49 1462 67
is_linear=0
shrinkage=0.03


Tree=3
num_leaves=15
num_cat=0
split_feature=12 12 12 42 22 41 15 42 22 42 15 6 42 31
split_gain=700.52 26.2756 12.0431 8.42841 11.3283 9.98188 10.9961 7.69083 7.24725 6.75683 9.58959 4.76374 4.76984 4.7382
threshold=40.980088987763992 79.229254727474739 -36.303003337041375 16.092265129089359 495.78333333333336 82.069484710693374 13.616666666666669 16.494048118591312 413.95000000000005 18.230983734130863 13.583333333333334 1.5000000000000002 15.748600006103517 2.5000000000000004
decision_type=2 2 2 2 2 2 2 2 2 2 2 2 2 10
left_child=2 9 11 13 5 7 -7 8 -5 10 -2 -1 -13 -4
right_child=1 -3 3 4 -6 6 -8 -9 -10 -11 -12 12 -14 -15
leaf_value=-0.0048172273954912971 0.0029119144277143178 0.069777067293747164 -0.015507487536250327 0.018936696997703142 0.038393627451421969 0.021651232468330544 -0.023032895961680736 0.02844193705207711 -0.012714008929530146 -0.0017331607046781865 0.054211264109066751 -0.018486397890347808 -0.031585522648302229 -0.0056798348885221091
leaf_weight=12.734029352664946 4.801683276891711 105.6245404034853 297.04098576307297 8.544055104255678 4.5250039994716635 4.994869425892829 32.862187638878822 8.4417810142040235 19.561850920319557 4.6400021016597739 10.21871581673622 62.338686481118202 50.860503569245338 53.651854708790779
leaf_count=57 21 439 1324 38 20 22 146 37 87 20 43 279 228 239
internal_value=-3.38678e-06 0.0637863 -0.0144775 -0.0120348 -0.00312989 -0.00613086 -0.0167318 0.00500302 -0.00277231 0.0297816 0.0390174 -0.0226505 -0.0245969 -0.0140244
internal_weight=680.841 125.285 555.556 429.623 78.9297 74.4047 37.8571 36.5477 28.1059 19.6604 15.0204 125.933 113.199 350.693
internal_count=3000 523 2477 1913 350 330 168 162 125 84 64 564 507 1563
is_linear=0
shrinkage=0.03


Tree=4
num_leaves=15
num_cat=0
split_feature=12 12 12 42 41 20 42 23 10 26 45 45 43 42
split_gain=654.027 24.3485 11.8248 11.3029 11.5144 9.87828 9.57489 11.58 9.17574 8.96536 8.81175 7.15017 6.24452 8.57226
threshold=40.980088987763992 101.42146829810883 1.1496106785314761 15.69723701477051 83.75256729125978 0.16240266963289104 18.416313171386722 9.9541477521314921 2496.0001604757385 43.95000000000001 1.7940411567687991 1.8622462749481203 124.50000000000001 16.494048118591312
decision_type=2 2 2 2 2 2 2 2 2 2 2 2 2 2
left_child=2 6 11 4 5 -4 7 -2 9 10 -5 12 13 -1
right_child=1 -3 3 8 -6 -7 -8 -9 -10 -11 -12 -13 -14 -15
leaf_value=-0.016893174365655836 0.005712799080570697 0.068413461648149848 0.0052290685981275951 -0.019672559060831239 0.0051992755969274959 -0.03093777324222733 -0.00030512745631804811 0.055168700718006995 -0.032019156494086334 0.016647310542496341 0.023772533667608169 -0.038667764579644874 0.0056997354472814706 0.012318560342978447
leaf_weight=404.68319676816463 5.9164208322763505 98.235842138528824 8.2397369593381864 14.777218118309976 17.582730621099472 31.840049788355827 5.6295878887176505 16.931890964508057 4.8613383471965781 34.003167137503624 4.7931350469589225 12.039359480142592 11.530027031898497 8.5707787573337537
leaf_count=1817 25 403 37 66 78 143 24 71 22 149 21 55 51 38
internal_value=-1.50048e-06 0.0611981 -0.0141119 -0.00553978 -0.0148488 -0.0235562 0.0348318 0.043139 0.00374145 0.00751368 -0.00839367 -0.0163723 -0.015651 -0.0162591
internal_weight=679.634 126.714 552.921 116.097 57.6625 40.0798 28.4779 22.8483 58.4349 53.5735 19.5704 436.823 424.784 413.254
internal_count=3000 523 2477 516 258 180 120 96 258 236 87 1961 1906 1855
is_linear=0
shrinkage=0.03


Tree=5
num_leaves=15
num_cat=0
split_feature=12 12 12 43 44 41 42 23 42 41 4 30 23 23
split_gain=611.928 22.4143 11.4001 12.0185 19.3171 20.4144 8.90997 10.7093 8.67187 9.5709 6.40263 16.4813 5.55843 6.8729
threshold=40.980088987763992 101.42146829810883 -36.303003337041375 122.50000000000001 2.3711347579956059 88.543453216552749 18.416313171386722 9.9541477521314921 16.494048118591312 81.236099243164077 68.250000000000014 23.150000000000002 7.4588896638015374 8.5200911884314934
decision_type=2 2 2 2 2 2 2 2 2 2 2 8 2 2
left_child=2 6 -1 8 5 -5 7 -2 12 -10 11 -7 -4 -14
right_child=1 -3 3 4 -6 10 -8 -9 9 -11 -12 -13 13 -15
leaf_value=-0.021765539701661844 0.005560045896753029 0.06574035707655089 0.006381784973918443 0.057584256162073619 -0.035614401086727109 -0.014439552329648667 -0.00029737393613708259 0.053051051935408947 0.039149372852403906 -0.014276071920467854 -0.019427204647954513 0.047309329160332467 -0.024272620653077434 -0.012530697916954381
leaf_weight=124.2595427185297 5.9239523708820405 99.188580334186554 11.552938804030417 6.908404782414439 7.2546671181917182 8.1204554736614227 5.6291696280241004 17.116509228944778 5.1004254817962629 5.1996408253908157 7.6358434557914725 5.910966470837594 53.304760545492172 315.0435354411602
leaf_count=564 25 403 52 30 33 36 24 71 22 23 34 26 240 1417
internal_value=-1.93442e-06 0.0588558 -0.0137593 -0.0113786 0.00512898 0.0163272 0.0336245 0.0415798 -0.0129037 0.0133027 0.00121266 0.01299 -0.0136473 -0.014291
internal_weight=678.149 127.858 550.291 426.032 35.8303 28.5757 28.6696 23.0405 390.201 10.3001 21.6673 14.0314 379.901 368.348
internal_count=3000 523 2477 1913 159 126 120 96 1754 45 96 62 1709 1657
is_linear=0
shrinkage=0.03


Tree=6
num_leaves=15
num_cat=0
split_feature=20 43 42 43 42 20 19 41 6 39 41 28 22 25
split_gain=568.45 30.9927 11.8453 20.2357 14.283 9.49797 11.601 8.08828 6.13033 5.79787 6.47385 6.44092 8.73411 9.25906
threshold=2.3853170189098676 121.50000000000001 17.403923034667972 125.50000000000001 16.494048118591312 8.8575083426028627 169.58853135869762 81.236099243164077 4.5000000000000009 1.2471198156682031 89.714187622070327 53.750000000000007 421.38333333333338 0.9055257181220363
decision_type=2 2 2 2 2 2 2 2 2 2 2 8 2 2
left_child=2 -2 3 4 9 6 -3 -6 -5 11 -11 12 13 -1
right_child=1 5 -4 8 7 -7 -8 -9 -10 10 -12 -13 -14 -15
leaf_value=-0.0058938874119710992 -0.017242730157990785 0.05143049808996978 -0.040608286215002808 0.0456780455001752 0.034109051294043617 0.064838068697910797 0.0076426166298044131 -0.007768752755718332 0.0063172277526187389 -0.0004728258973806564 -0.033004121473887094 -0.016763273086716136 -0.015628189719784438 0.037662127843075439
leaf_weight=10.173393324017526 4.6008271723985663 31.912770137190819 13.307993471622465 4.6535698324441901 7.6654338687658292 87.039386197924614 6.9885715246200553 7.3848890513181686 10.703458577394484 43.221667557954788 5.3143867254257193 413.79179169237614 23.188866928219795 6.4407102465629569
leaf_count=46 20 131 62 20 33 351 29 33 47 195 24 1875 105 29
internal_value=1.26951e-06 0.0559937 -0.0134675 -0.0127144 -0.0137323 0.058784 0.0439528 0.0143567 0.0203079 -0.014601 -0.00462915 -0.0156555 -0.00401074 0.0121708
internal_weight=676.388 130.542 545.846 532.538 517.181 125.941 38.9013 15.0503 15.357 502.131 48.5361 453.595 39.803 16.6141
internal_count=3000 531 2469 2407 2340 511 160 66 67 2274 219 2055 180 75
is_linear=0
shrinkage=0.03


Tree=7
num_leaves=15
num_cat=0
split_feature=12 12 12 42 41 20 42 43 41 41 15 25 25 42
split_gain=538.622 19.9714 10.8735 10.3288 11.0155 9.51911 7.67283 10.1881 9.12054 7.32865 8.42209 7.82467 6.33233 6.14056
threshold=40.980088987763992 79.229254727474739 1.1496106785314761 15.69723701477051 83.75256729125978 0.16240266963289104 17.522489547729496 121.50000000000001 90.021091461181655 80.876186370849624 13.550000000000002 0.90706065648847978 0.90908376987847062 17.403923034667972
decision_type=2 2 2 2 2 2 2 2 2 2 2 2 2 2
left_child=2 -2 13 4 5 -4 7 9 -9 11 -11 -5 -6 -1
right_child=1 -3 3 6 12 -7 -8 8 -10 10 -12 -13 -14 -15
leaf_value=-0.014660821921325919 0.02554254464554848 0.059912127969305014 0.0058046907966385923 0.025609902681694777 0.017433943743534269 -0.029801655871947705 -0.030396132725087142 0.054282640697248738 -0.00034254259064179333 0.018185186569488233 -0.021218298468717083 -0.012116154476783736 -0.019160474100678688 -0.038666670760315977
leaf_weight=420.81310932338238 20.141596719622612 109.20610553026199 8.183552071452139 13.849565833806993 12.117855936288835 31.189225807785988 4.3407729566097251 5.8868678212165815 4.5598450750112534 5.8341839015483883 17.010256379842758 6.6920249611139289 5.3516811132431021 9.2358707636594755
leaf_count=1917 84 439 37 61 54 143 20 25 20 26 76 30 24 44
internal_value=3.87152e-06 0.0547972 -0.0130755 -0.00482834 -0.0138132 -0.0224405 0.00403603 0.00731616 0.0324925 0.000658588 -0.0108145 0.0133276 0.00579304 -0.0152649
internal_weight=674.413 129.348 545.065 115.016 56.8423 39.3728 58.1735 53.8327 10.4467 43.386 22.8444 20.5416 17.4695 430.049
internal_count=3000 523 2477 516 258 180 258 238 45 193 102 91 78 1961
is_linear=0
shrinkage=0.03


Tree=8
num_leaves=15
num_cat=0
split_feature=12 12 12 43 42 3 33 42 23 43 3 12 44 42
split_gain=506.226 19.0407 10.7385 11.3665 10.4671 10.7161 10.4531 8.28605 9.7053 7.22155 7.01408 6.92245 8.12229 6.57847
threshold=40.980088987763992 101.42146829810883 -36.303003337041375 117.50000000000001 17.690146446228031 178.35000000000005 27.500000000000004 18.416313171386722 9.9541477521314921 122.50000000000001 185.35000000000005 5.5863181312566841 2.2042297124862675 16.494048118591312
decision_type=2 2 2 2 2 2 2 2 2 2 2 2 2 2
left_child=2 7 -1 13 5 6 9 8 -2 -5 -7 12 -8 -4
right_child=1 -3 3 4 -6 10 11 -9 -10 -11 -12 -13 -14 -15
leaf_value=-0.020591464320331335 0.0037958685606237991 0.059289396978433051 -0.013660702214282268 -0.029226312421996192 -0.036754853037547518 0.029717391805552357 0.017516278389884982 -0.002142836969315057 0.048415670067048201 0.0039072524126145666 -0.005565949611774844 0.026325694198440747 -0.014149869443183813 0.015217505918163019
leaf_weight=121.92481924593449 5.9935517311096254 100.63282956182957 321.36955717206001 17.744042888283733 5.8834656924009314 15.505708485841753 10.80208830535412 5.7143169343471518 17.438221618533134 8.339029908180235 6.9171241521835318 9.4290154725313169 18.098313674330711 6.4722367674112311
leaf_count=564 25 403 1467 81 28 69 49 24 71 37 31 41 82 28
internal_value=3.66945e-06 0.0529948 -0.0127476 -0.0104301 -0.0011401 0.00166393 -0.00459069 0.0300158 0.037625 -0.01888 0.01906 0.00536599 -0.00212405 -0.013046
internal_weight=672.264 129.779 542.485 420.561 92.7188 86.8353 64.4125 29.1461 23.4318 26.0831 22.4228 38.3294 28.9004 327.842
internal_count=3000 523 2477 1913 418 390 290 120 96 118 100 172 131 1495
is_linear=0
shrinkage=0.03


Tree=9
num_leaves=15
num_cat=0
split_feature=12 12 43 43 20 26 42 42 23 39 4 10 22 9
split_gain=476.578 17.9772 10.4302 18.1517 11.3682 9.60741 8.75313 7.77203 9.07424 6.8071 6.89555 6.99479 8.09951 9.70556
threshold=40.980088987763992 101.42146829810883 139.50000000000003 122.50000000000001 0.99432703003332568 45.183333333333344 16.494048118591312 18.416313171386722 9.9541477521314921 1.2471198156682031 54.050000000000004 1489.7693133834398 421.38333333333338 8370.5333333333347
decision_type=2 2 2 2 2 2 2 2 2 2 2 2 2 2
left_child=2 7 3 6 5 -5 9 8 -2 10 11 -1 13 -13
right_child=1 -3 -4 4 -6 -7 -8 -9 -10 -11 -12 12 -14 -15
leaf_value=-0.021438567167782779 0.003695981490484535 0.057470615308101436 -0.039184027807861822 0.018503286296903208 0.039766976766051065 -0.016025835459854924 0.0099027561869423665 -0.002088935427246843 0.046808176441686306 -0.0028855868624337454 -0.016587609537788199 0.041541184804853373 -0.0095570042381706508 -0.0022057180716641427
leaf_weight=16.774289473891258 5.9978264421224656 100.73268993198872 11.984891802072523 12.328074902296068 7.3166023641824713 14.90944120287895 13.649979352951048 5.7117573767900458 17.528859794139862 46.257744029164314 372.86103609204292 6.826378762722018 26.310067102313042 10.723616570234297
leaf_count=77 25 403 58 55 31 67 60 24 71 211 1717 31 121 49
internal_value=5.68031e-06 0.0513532 -0.0124264 -0.0117461 0.00906723 -0.000295667 -0.0132191 0.0290738 0.0364161 -0.0138962 -0.0150617 -0.00556183 0.000852777 0.0161325
internal_weight=669.913 129.971 539.942 527.957 34.5541 27.2375 493.403 29.2384 23.5267 479.753 433.495 60.6344 43.8601 17.55
internal_count=3000 523 2477 2419 153 122 2266 120 96 2206 1995 278 201 80
is_linear=0
shrinkage=0.03


Tree=10
num_leaves=15
num_cat=0
split_feature=12 12 12 42 22 41 44 24 28 4 45 39 28 41
split_gain=449.201 17.1407 10.2484 6.78637 10.4059 9.28943 7.023 6.06806 8.01747 6.92712 6.03676 5.91589 5.61341 5.30144
threshold=40.980088987763992 79.229254727474739 -36.303003337041375 16.092265129089359 495.78333333333336 82.069484710693374 2.311306476593018 458.45000000000005 80.250000000000014 74.950000000000017 1.7700011730194094 1.1040157998683346 53.750000000000007 80.327747344970717
decision_type=2 2 2 2 2 2 2 2 8 2 2 2 8 2
left_child=2 11 12 -4 5 7 10 8 -5 13 -7 -2 -1 -9
right_child=1 -3 3 4 -6 6 -8 9 -10 -11 -12 -13 -14 -15
leaf_value=0.00078525778548033727 0.032525146148788008 0.054577957124681956 -0.011666903464469372 0.042027015754996191 0.037960575944133809 -0.020107359002736389 -0.029341496636804874 -0.018486209312905118 -0.0064294586692675328 0.027588234773801412 0.011002908681191631 -0.0026796155815289168 -0.021838773438104468 0.015512177426347237
leaf_weight=10.762881085276602 14.647417023777964 109.59881766140461 339.63061678409576 6.7095212340354893 4.5200113803148261 9.2702294141054171 16.171754524111748 15.448251366615301 4.719723418354989 4.4969386309385291 11.43038550019264 5.7233398109674445 109.58045898377895 4.666189342737197
leaf_count=50 60 439 1563 30 20 42 75 70 21 20 51 24 514 21
internal_value=9.03877e-06 0.0498373 -0.0121119 -0.00984403 -0.00180186 -0.00474705 -0.0151451 0.00601268 0.0231095 -0.00251919 -0.00321359 0.0229715 -0.0198256 -0.0102381
internal_weight=667.377 129.97 537.407 417.064 77.433 72.913 36.8724 36.0406 11.4292 24.6114 20.7006 20.3708 120.343 20.1144
internal_count=3000 523 2477 1913 350 330 168 162 51 111 93 84 564 91
is_linear=0
shrinkage=0.03


Tree=11
num_leaves=15
num_cat=0
split_feature=20 43 42 43 42 20 19 41 4 23 28 22 39 39
split_gain=420.222 25.6368 10.9387 17.6236 12.238 7.73089 11.1489 7.03469 6.56964 7.12054 6.58191 8.19026 6.87072 6.55123
threshold=2.3853170189098676 121.50000000000001 17.403923034667972 125.50000000000001 16.494048118591312 8.8575083426028627 169.58853135869762 81.236099243164077 61.350000000000001 7.4588896638015374 65.050000000000011 462.31666666666672 1.2149234693877553 1.3243652898825315
decision_type=2 2 2 2 2 2 2 2 2 2 10 2 2 2
left_child=2 -2 3 4 8 6 -3 -6 9 -1 11 13 -13 -10
right_child=1 5 -4 -5 7 -7 -8 -9 10 -11 -12 12 -14 -15
leaf_value=0.022911007330918859 -0.018209395162015807 0.044544313426419187 -0.038690522947135313 0.019602727243332944 0.032041963198494137 0.05575128331433319 0.0027461685919848572 -0.0070320303112871678 -0.025765286743717232 -0.0093397321742180548 -0.011198284407624066 -0.013021217420161187 0.021337511519491561 0.0079364276342011406
leaf_weight=5.4607889652252188 4.6301551163196555 32.436327368021011 12.49286864697933 15.407803907990454 7.766365319490431 87.453416138887405 7.0995297580957404 7.3058288544416428 107.12844675779343 170.20275646448135 161.63796482980251 35.536517068743706 5.1912885755300513 5.0196735113859168
leaf_count=25 20 131 62 67 33 351 29 33 499 787 751 165 24 23
internal_value=1.28078e-05 0.0478098 -0.0118543 -0.0111375 -0.0121118 0.0503404 0.0372915 0.0138428 -0.0129364 -0.00821315 -0.01554 -0.020028 -0.00823535 -0.0242
internal_weight=664.77 131.619 533.15 520.657 505.25 126.989 39.5359 15.0722 490.177 175.664 314.514 152.876 40.7278 112.148
internal_count=3000 531 2469 2407 2340 511 160 66 2274 812 1462 711 189 522
is_linear=0
shrinkage=0.03


Tree=12
num_leaves=15
num_cat=0
split_feature=12 12 43 43 12 42 42 23 26 39 30 12 28 36
split_gain=400.299 16.1356 9.90193 16.5122 9.26073 7.76248 7.28825 8.26175 6.42358 6.38191 6.33462 5.77725 6.29917 7.97306
threshold=40.980088987763992 101.42146829810883 139.50000000000003 122.50000000000001 16.002669632925237 16.494048118591312 18.416313171386722 9.9541477521314921 45.38333333333334 1.2471198156682031 22.650000000000002 -29.714905450500797 48.650000000000013 3.5000000000000004
decision_type=2 2 2 2 2 2 2 2 2 2 8 2 8 2
left_child=2 6 3 5 8 9 7 -2 10 11 -5 -1 13 -13
right_child=1 -3 -4 4 -6 -7 -8 -9 -10 -11 -12 12 -14 -15
leaf_value=-0.019512881018847166 0.0023849117841210281 0.0529415120973762 -0.038063814500638608 -0.011157301359197517 0.037092471867628977 0.0094657236364157696 -0.0035759913460673798 0.043191217527377909 -0.012808425394318892 -0.0022316360275397725 0.029785239648704762 -0.016382761261765671 -0.012577370940818115 0.031249874779801318
leaf_weight=125.43176309764385 6.0325964242219987 100.06888155639172 11.501818776130674 4.6853350847959527 7.1427042335271826 13.684389948844908 5.7667984366416922 17.63439816236496 14.343148887157438 45.878429844975471 8.3201823234558105 4.9641256481409055 290.60721205174923 5.9192352890968323
leaf_count=593 25 403 58 21 30 60 24 71 65 211 37 23 1352 27
internal_value=1.53404e-05 0.0471113 -0.0115056 -0.0108475 0.00900733 -0.0122707 0.0262017 0.0333083 0.000622579 -0.0129185 0.0152919 -0.0140591 -0.011733 0.00997331
internal_weight=661.981 129.503 532.478 520.977 34.4914 486.485 29.4338 23.667 27.3487 472.801 13.0055 426.922 301.491 10.8834
internal_count=3000 523 2477 2419 153 2266 120 96 123 2206 58 1995 1402 50
is_linear=0
shrinkage=0.03


Tree=13
num_leaves=15
num_cat=0
split_feature=12 12 43 43 20 26 42 19 39 4 10 22 18 18
split_gain=378.437 15.4832 9.63467 15.6726 9.78598 8.66634 7.36103 7.14857 6.07432 6.28892 6.7534 7.65188 11.998 8.82617
threshold=40.980088987763992 101.42146829810883 139.50000000000003 122.50000000000001 0.99432703003332568 45.38333333333334 16.494048118591312 155.16450367315898 1.2471198156682031 54.050000000000004 1489.7693133834398 421.38333333333338 2107.0833333333335 2117.1333333333337
decision_type=2 2 2 2 2 2 2 2 2 2 2 2 2 2
left_child=2 7 3 6 5 -5 8 -2 9 10 -1 12 -12 -13
right_child=1 -3 -4 4 -6 -7 -8 -9 -10 -11 11 13 -14 -15
leaf_value=-0.020364874561903033 0.031757323183388912 0.051624240846650522 -0.037621722411651272 0.016910591795199575 0.036993845079378578 -0.015844884906449929 0.0091778182908678636 -0.0068736907867537394 -0.0021678472792177926 -0.015191695792841214 0.04461840507425447 -0.024292712175511856 -0.0039430430790406363 0.0096371972978531346
leaf_weight=16.459058210253716 24.651188239455227 99.576370730996132 11.302633658051489 13.067207604646685 7.4280698895454398 14.043952345848082 13.721055954694746 4.8009527176618567 45.841540783643723 364.76279565691948 6.8694412559270885 13.712087959051134 10.601547375321386 12.2129830121994
leaf_count=77 100 403 58 58 31 64 60 20 211 1717 31 64 49 57
internal_value=1.83968e-05 0.0458893 -0.0112138 -0.0105671 0.00875939 -1.72489e-05 -0.011961 0.0254412 -0.0125956 -0.0137137 -0.00460496 0.00169646 0.0165328 -0.00854447
internal_weight=659.051 129.029 530.022 518.72 34.5392 27.1112 484.181 29.4521 470.459 424.618 59.8551 43.3961 17.471 25.9251
internal_count=3000 523 2477 2419 153 122 2266 120 2206 1995 278 201 80 121
is_linear=0
shrinkage=0.03


Tree=14
num_leaves=15
num_cat=1
split_feature=20 43 42 43 42 20 19 41 4 26 7 28 29 20
split_gain=354.885 23.2832 10.3031 15.7237 10.5301 7.14377 10.4694 6.57632 6.14372 9.77415 6.87202 7.52825 6.61645 6.50733
threshold=2.3853170189098676 121.50000000000001 17.403923034667972 125.50000000000001 16.494048118591312 8.8575083426028627 169.58853135869762 81.236099243164077 61.350000000000001 44.850000000000009 0 64.950000000000017 16.750000000000004 0.65572858731919492
decision_type=2 2 2 2 2 2 2 2 2 2 1 10 10 2
left_child=2 -2 3 4 8 6 -3 -6 9 12 -10 -12 -1 -11
right_child=1 5 -4 -5 7 -7 -8 -9 10 13 11 -13 -14 -15
leaf_value=0.0029309247611547054 -0.018565992088647381 0.041231366350353502 -0.037587457402696922 0.018659712594369417 0.030243989847787468 0.051829050319862263 0.00094879018115608029 -0.0073556408168518328 -0.0056610601938355066 -0.017193163891084683 -0.024204248207230258 -0.012647467581037309 -0.02350926134069627 0.0070692345038584981
leaf_weight=75.191813573241234 4.6298300623893729 32.427715927362442 11.918716698884962 15.493846848607062 7.8571399450302106 86.09750959277153 7.0852985680103293 7.3382161259651184 98.408744975924492 79.080555930733681 102.8812862932682 108.22781021893024 8.5901759713888151 10.80616173148155
leaf_count=350 20 131 62 67 33 351 29 33 465 373 487 510 40 49
internal_value=2.07209e-05 0.0441602 -0.0109758 -0.0102868 -0.0112222 0.0466006 0.0342098 0.0127532 -0.012001 -0.00741703 -0.0145408 -0.0175401 -2.53058e-05 -0.0142307
internal_weight=656.035 130.24 525.794 513.876 498.382 125.611 39.513 15.1954 483.187 173.669 309.518 211.109 83.782 89.8867
internal_count=3000 531 2469 2407 2340 511 160 66 2274 812 1462 997 390 422
cat_boundaries=0 1
cat_threshold=9124
is_linear=0
shrinkage=0.03


Tree=15
num_leaves=15
num_cat=1
split_feature=12 12 12 43 41 44 43 44 24 42 23 45 7 26
split_gain=339.134 14.7301 9.39546 9.61207 10.9938 11.2859 11.1591 10.2577 6.71412 6.6952 7.78656 5.79091 10.3057 9.23719
threshold=40.980088987763992 101.42146829810883 -36.303003337041375 117.50000000000001 86.753833770751967 2.3772757053375249 120.50000000000001 2.2123186588287358 474.46666666666675 18.416313171386722 9.9541477521314921 1.726503372192383 0 40.216666666666676
decision_type=2 2 2 2 2 2 2 2 2 2 2 2 1 2
left_child=2 9 -1 11 5 6 -5 8 -6 10 -2 -4 13 -13
right_child=1 -3 3 4 7 -7 -8 -9 -10 -11 -12 12 -14 -15
leaf_value=-0.018160496336302779 0.00096507547196176418 0.049313573357433173 -0.014764725957015239 0.0067290113413863975 0.024041904259416946 -0.023848997510439042 0.049858224517647619 -0.016303602470305194 -0.0055312325720991507 -0.0044905255994802966 0.040261453582969918 -0.02697696252650186 -0.010925376716966428 0.01228788416159767
leaf_weight=116.68484976887703 6.0658553540706697 98.255899101495743 167.55726955831051 13.414720878005033 11.413204908370973 4.4215076565742484 8.4775172322988492 38.17521096765995 14.919518440961836 5.789605423808097 17.628793999552727 5.3172619789838782 107.5794390141964 37.275304764509201
leaf_count=564 25 403 792 62 52 22 36 177 69 24 71 25 504 174
internal_value=1.742e-05 0.0436617 -0.0106599 -0.00847857 0.000129783 0.0161176 0.0248787 -0.00653836 0.00769709 0.0238271 0.030648 -0.0109319 -0.00658603 0.00559596
internal_weight=652.976 127.74 525.236 408.551 90.8217 26.3137 21.8922 64.5079 26.3327 29.4843 23.6946 317.729 150.172 42.5926
internal_count=3000 523 2477 1913 418 120 98 298 121 120 96 1495 703 199
cat_boundaries=0 1
cat_threshold=37380
is_linear=0
shrinkage=0.03


Tree=16
num_leaves=15
num_cat=0
split_feature=12 12 43 43 20 26 19 39 15 12 19 15 41 13
split_gain=321.436 14.2579 9.18857 13.9331 8.62033 8.01197 6.4587 6.19598 6.77823 6.45695 7.55579 5.87305 5.8277 8.76122
threshold=40.980088987763992 101.42146829810883 139.50000000000003 122.50000000000001 0.99432703003332568 45.38333333333334 155.16450367315898 1.2471198156682031 13.750000000000002 -29.714905450500797 122.08951948045582 13.550000000000002 85.819908142089858 5.6971666666666669
decision_type=2 2 2 2 2 2 2 2 2 2 2 2 2 2
left_child=2 6 3 7 5 -5 11 9 12 10 -1 -2 13 -9
right_child=1 -3 -4 4 -6 -7 -8 8 -10 -11 -12 -13 -14 -15
leaf_value=-0.021877525301097503 0.00021091063763187623 0.048247628289769098 -0.036685918967333843 0.016345116643199511 0.034822043052595508 -0.015201246576364251 -0.0074165815313720967 0.021891303340656591 0.020896317578440814 -0.009798813630483896 -0.0041261781458582138 0.036293698834972896 -0.028065657284177845 -0.011696054142673011
leaf_weight=97.538679927587509 5.0713255703449311 97.448087647557259 10.82836404442787 13.117521435022356 7.4904535859823218 13.885913521051405 4.7989794313907614 9.7097139060497302 9.3569335043430311 305.90661004185677 28.316926673054695 19.59313029050827 7.6835240572690955 19.122516617178917
leaf_count=472 21 403 58 58 31 64 20 45 43 1444 137 79 36 89
internal_value=1.45754e-05 0.042651 -0.0103941 -0.0097678 0.00845563 0.000159555 0.0231646 -0.0110988 -0.000601448 -0.0122101 -0.0179476 0.0291719 -0.00652028 -3.03178e-05
internal_weight=649.869 126.912 522.957 512.129 34.4939 27.0034 29.4634 477.635 45.8727 431.762 125.856 24.6645 36.5158 28.8322
internal_count=3000 523 2477 2419 153 122 120 2266 213 2053 609 100 170 134
is_linear=0
shrinkage=0.03


Tree=17
num_leaves=15
num_cat=1
split_feature=12 12 42 42 29 1 7 4 24 20 12 39 4 25
split_gain=304.768 13.8618 8.92477 10.0766 8.63233 8.55051 6.90304 8.99553 10.097 7.84964 6.82867 10.1724 7.13986 6.54973
threshold=40.980088987763992 79.229254727474739 17.403923034667972 16.494048118591312 17.150000000000002 20.500000000000004 0 60.850000000000001 453.76666666666671 -2.5132369299221944 -2.6880978865407568 1.2343647136273865 80.950000000000017 0.90347285811943634
decision_type=2 2 2 2 8 2 1 2 2 2 2 2 2 2
left_child=2 4 3 6 -2 -5 -1 8 -8 -10 -9 12 13 -12
right_child=1 -3 -4 5 -6 -7 7 10 9 -11 11 -13 -14 -15
leaf_value=-0.0040216211066882515 -0.014896283972038266 0.046105937116289096 -0.034914347891204241 -0.012957955836726383 0.028335255855915179 0.026050663280121102 0.007450318625403996 -0.019888976568594063 0.0076584903642192993 -0.015883199379504227 -0.0018147013265807073 0.026826106677492689 0.019630656740796417 -0.024726452814800085
leaf_weight=152.98951254785061 4.8288083970546749 105.4520376175642 11.896186023950575 7.4659010916948345 15.714578926563261 12.059457466006277 33.456632137298584 159.50509141385555 14.847528323531149 71.188066348433495 18.720100030303001 5.9068061262369147 4.910014495253562 27.710029318928719
leaf_count=726 20 439 64 33 64 52 157 768 72 335 88 27 23 132
internal_value=1.61119e-05 0.0416933 -0.0101301 -0.00948322 0.0179537 0.0112303 -0.0103311 -0.0126861 -0.00637798 -0.0117792 -0.0167009 -0.00762929 -0.0120303 -0.0157217
internal_weight=646.651 125.995 520.655 508.759 20.5434 19.5254 489.234 336.244 119.492 86.0356 216.752 57.2469 51.3401 46.4301
internal_count=3000 523 2477 2413 84 85 2328 1602 564 407 1038 270 243 220
cat_boundaries=0 1
cat_threshold=9124
is_linear=0
shrinkage=0.03


Tree=18
num_leaves=15
num_cat=0
split_feature=12 12 10 43 43 20 15 42 30 4 44 39 4 16
split_gain=289.036 13.723 10.5487 8.76678 13.248 7.99525 7.22688 6.18963 6.03191 9.68766 5.49464 5.4752 5.782 6.61491
threshold=40.980088987763992 119.48565072302547 2735.9280882367343 139.50000000000003 122.50000000000001 0.99432703003332568 13.550000000000002 16.494048118591312 23.150000000000002 67.450000000000017 2.315789103507996 1.2471198156682031 54.050000000000004 205.65000000000001
decision_type=2 2 2 2 2 2 2 2 8 2 2 2 2 2
left_child=3 2 6 4 7 8 -2 11 -6 -10 -9 12 13 -1
right_child=1 -3 -4 -5 5 -7 -8 10 9 -11 -12 -13 -14 -15
leaf_value=-0.0072666874645015353 -0.0029330396327000257 0.047075849002335343 -0.015032872379390889 -0.035974835508650597 -0.01512530497334554 0.03385126480702258 0.036389451659580067 0.031345857041703361 0.035512070772130949 -0.0098338893393003744 -0.0055606421223338316 -0.0012343314921400424 -0.013688900982737883 0.022016580586950742
leaf_weight=51.885379895567894 4.8288089185953167 89.840186178684235 4.806367725133895 10.449286520481108 11.599990174174311 7.515941008925437 25.558550462126732 4.8771791011095038 7.2444764375686637 8.0401417762041074 8.8685317337512952 45.276844814419746 355.68781267106533 7.0101564824581137
leaf_count=245 20 379 20 58 53 31 104 21 32 37 39 211 1717 33
internal_value=1.51377e-05 0.0407704 0.0238182 -0.0098732 -0.00926669 0.00851895 0.0302464 -0.0105738 0.000476965 0.0125197 0.00877203 -0.0111698 -0.0122493 -0.0034718
internal_weight=643.49 125.034 35.1937 518.456 508.006 34.4005 30.3874 473.606 26.8846 15.2846 13.7457 459.86 414.583 58.8955
internal_count=3000 523 144 2477 2419 153 124 2266 122 69 60 2206 1995 278
is_linear=0
shrinkage=0.03


Tree=19
num_leaves=15
num_cat=0
split_feature=12 12 12 43 41 15 44 43 24 42 23 26 19 44
split_gain=274.319 13.434 8.69467 8.75514 10.1359 10.4401 10.2416 9.63896 7.91678 6.17128 7.36722 5.89539 8.85958 5.96046
threshold=40.980088987763992 101.42146829810883 -36.303003337041375 117.50000000000001 86.753833770751967 13.350000000000003 2.3772757053375249 120.50000000000001 503.41666666666669 18.416313171386722 9.9541477521314921 45.183333333333344 114.63487262408754 2.2308247089385991
decision_type=2 2 2 2 2 2 2 2 2 2 2 2 2 2
left_child=2 9 -1 -4 6 8 7 -5 -6 10 -2 12 13 -7
right_child=1 -3 3 4 5 11 -8 -9 -10 -11 -12 -13 -14 -15
leaf_value=-0.016924332647320843 -0.0007921932721646302 0.045468512889302572 -0.0098793142186966026 0.0072537478519502435 0.00037766775734691802 0.012094280879499847 -0.022776257781188712 0.047422449169054998 0.04286912295489978 -0.005796868607635162 0.037138685451932309 -0.021552664269079886 0.031971550779512616 -0.026608132434760071
leaf_weight=113.87090967595577 6.0843479484319749 94.574130296707153 312.51871791481972 13.319672092795377 12.874880388379099 5.0382558107376125 4.2423775196075431 8.54771441221237 4.7019878178834906 5.8078315109014502 17.483564674854279 27.98600098490715 4.6814818531274787 8.390657573938368
leaf_count=564 25 403 1495 62 60 23 22 36 22 24 71 132 22 39
internal_value=1.95513e-05 0.0399119 -0.00961856 -0.00751384 0.000738085 -0.00572478 0.0161287 0.0243424 0.0134403 0.0211148 0.0277127 -0.0131628 0.000251501 -0.0122559
internal_weight=640.123 123.95 516.173 402.302 89.783 63.6733 26.1098 21.8674 17.5769 29.3757 23.5679 46.0964 18.1104 13.4289
internal_count=3000 523 2477 1913 418 298 120 98 82 120 96 216 84 62
is_linear=0
shrinkage=0.03


Tree=20
num_leaves=15
num_cat=1
split_feature=12 12 10 12 42 26 20 15 23 23 19 45 7 4
split_gain=260.621 11.4402 10.3885 8.96212 9.8027 8.60694 7.75535 7.2666 11.2564 10.4354 6.91326 5.91044 6.19465 7.76199
threshold=45.744827586206618 119.48565072302547 2735.9280882367343 1.1496106785314761 15.69723701477051 43.95000000000001 0.16240266963289104 13.750000000000002 9.7779072155256603 9.8570238620919088 102.92689345529914 1.8622462749481203 0 63.850000000000001
decision_type=2 2 2 2 2 2 2 2 2 2 2 2 1 2
left_child=3 2 -2 11 6 -6 10 8 -7 -9 -5 12 -1 -14
right_child=1 -3 -4 4 5 7 -8 9 -10 -11 -12 -13 13 -15
leaf_value=-0.0044987028885071778 0.030217647686293432 0.045379856375892397 -0.015101816313162221 0.036137767842123747 -0.0085491416830222877 0.0016350540996793266 -0.016367331631481748 0.024175587358913866 0.050578695577259566 -0.015910592517974425 -0.0088413123233887329 -0.03330354729423167 -0.0082883048706698294 -0.018984974628631971
leaf_weight=143.68317697942257 27.318104222416878 87.799615859985352 4.7894336879253379 4.4555639922618848 20.758429035544395 7.5196131318807629 43.760576829314232 10.132644981145861 8.8711775392293912 11.332600980997084 6.3560931086540222 9.9415548741817457 117.14912889897823 132.90509817004204
leaf_count=692 112 379 20 21 96 34 210 45 39 53 30 55 564 650
internal_value=2.49149e-05 0.0396833 0.0232055 -0.00923425 -0.00175495 0.00671154 -0.0108057 0.0150844 0.0295099 0.00324587 0.0111851 -0.0113218 -0.0106838 -0.0134893
internal_weight=636.773 119.907 32.1075 516.866 113.187 58.6145 54.5722 37.856 16.3908 21.4652 10.8117 403.679 393.737 250.054
internal_count=3000 511 132 2489 528 267 261 171 73 98 51 1961 1906 1214
cat_boundaries=0 1
cat_threshold=11172
is_linear=0
shrinkage=0.03


Tree=21
num_leaves=15
num_cat=0
split_feature=20 20 42 29 45 20 15 36 26 10 42 1 31 14
split_gain=245.263 11.8808 18.5907 9.38141 7.74134 6.50812 6.27801 6.10944 5.21612 5.213 5.07603 6.13226 4.65732 6.4728
threshold=3.9923248053392153 0.99432703003332568 15.858805656433107 16.750000000000004 1.878704905509949 8.8575083426028627 14.050000000000002 2.5000000000000004 43.350000000000009 2787.9400314721183 16.494048118591312 20.500000000000004 2.5000000000000004 23.183333333333337
decision_type=2 2 2 8 2 2 2 2 2 2 2 2 10 2
left_child=1 4 7 -4 10 9 8 -3 -5 -2 12 -12 -1 -14
right_child=5 2 3 6 -6 -7 -8 -9 -10 -11 11 -13 13 -15
leaf_value=-0.011344824346167027 0.033607991511257013 0.0089945923291018387 -0.011229798408120774 0.0087152886924615359 -0.035361372307709971 0.045393232715160076 0.0069358218208060906 -0.023719628587425233 0.048736163735362353 0.0030881622757923974 -0.015791398677716888 0.021520345621462784 -0.0059944176474677011 0.022752325602770334
leaf_weight=374.45944367349148 22.152889132499698 6.4697057008743313 6.581312537193301 4.5122506916523006 9.7685143053531629 80.090915858745575 9.3437273949384672 17.714865326881409 11.2799035012722 6.7134670913219443 5.5537300258874884 9.2763511985540372 62.630805641412735 6.939996048808097
leaf_count=1819 92 30 29 20 56 351 41 84 48 28 25 41 303 33
internal_value=2.50461e-05 -0.00850004 0.004506 0.0193514 -0.0100578 0.0407697 0.0274817 -0.0149585 0.0385011 0.026851 -0.00944339 0.00743256 -0.0100225 -0.00284503
internal_weight=633.488 524.531 55.9018 31.7172 468.629 108.957 25.1359 24.1846 15.7922 28.8664 458.86 14.8301 444.03 69.5708
internal_count=3000 2529 252 138 2277 471 109 114 68 120 2221 66 2155 336
is_linear=0
shrinkage=0.03


Tree=22
num_leaves=15
num_cat=0
split_feature=12 12 10 42 42 20 4 16 42 12 26 25 22 26
split_gain=235.642 11.1675 9.63974 8.4745 9.77701 11.299 6.61109 7.68728 8.48806 6.9285 6.99478 7.70298 8.28171 6.82224
threshold=45.744827586206618 119.48565072302547 2735.9280882367343 17.82618618011475 16.101969718933109 0.32680756395990712 61.250000000000007 205.88333333333335 14.754106044769289 -36.303003337041375 44.350000000000009 0.90055023396994804 422.28333333333336 44.216666666666676
decision_type=2 2 2 2 2 2 2 2 2 2 2 2 2 2
left_child=3 2 -2 4 6 -6 7 13 -9 -8 -11 -12 -13 -1
right_child=1 -3 -4 -5 5 -7 9 8 -10 10 11 12 -14 -15
leaf_value=0.00065580238535985669 0.028736170593553274 0.043896649282454292 -0.014930394740933231 -0.035228275036291952 -0.0058093547693611608 0.017672428973973545 -0.022387823292162646 -0.017692946958054522 0.02868459086379092 -0.01696772188698592 -0.018491625129969977 0.027290515184141207 -0.0040987674821563388 -0.012966971197669215
leaf_weight=56.4272480905056 27.144928976893429 85.55878846347332 4.7797750830650321 9.7585394084453565 64.369106143712997 24.692977115511894 55.375622421503067 4.3481483310461035 10.472909986972807 85.024707138538361 30.807426959276199 7.2924931794404975 85.454279690980911 78.66735851764679
leaf_count=269 112 379 20 57 308 108 280 21 50 415 150 35 415 381
internal_value=2.9343e-05 0.0381667 0.0219435 -0.00876715 -0.00818483 0.000825042 -0.010121 -0.00504197 0.0148202 -0.0129758 -0.0103821 -0.00575027 -0.00136591 -0.00731391
internal_weight=630.174 117.483 31.9247 512.691 502.932 89.0621 413.87 149.916 14.8211 263.955 208.579 123.554 92.7468 135.095
internal_count=3000 511 132 2489 2432 416 2016 721 71 1295 1015 600 450 650
is_linear=0
shrinkage=0.03


Tree=23
num_leaves=15
num_cat=0
split_feature=20 20 42 29 42 43 42 20 3 14 36 26 16 4
split_gain=222.283 10.7423 17.0584 8.84894 7.12717 6.85656 7.4555 6.44639 7.8369 6.12754 5.85961 5.26545 6.31258 5.14336
threshold=3.9923248053392153 0.99432703003332568 15.858805656433107 16.750000000000004 17.099287033081058 125.50000000000001 16.494048118591312 8.8575083426028627 176.95000000000002 23.583333333333339 2.5000000000000004 44.516666666666673 202.01666666666668 60.350000000000001
decision_type=2 2 2 8 2 2 2 2 2 2 2 2 2 2
left_child=1 4 10 -4 5 6 13 8 -2 -8 -3 -5 -13 -1
right_child=7 2 3 11 -6 -7 9 -9 -10 -11 -12 12 -14 -15
leaf_value=-0.0054744588758941243 0.034854739331334254 0.0089449332325447963 -0.011230240730212676 0.0058991766090599872 -0.033058754917091961 0.013307205285193288 0.035813995094223373 0.043991636650497025 -3.2177661384645747e-05 -0.0054009419619381474 -0.023131864741972027 0.0040768268576696978 0.046003982037934633 -0.012495060000625653
leaf_weight=142.65294356644154 20.676748454570774 6.4696429371833828 6.5732304006814983 8.3565970808267611 10.472012758255003 11.302864506840704 4.8780011981725675 77.869143471121788 7.9071982353925696 6.7554186433553696 17.496236518025398 4.5413817912340191 12.323434635996817 288.56580336391926
leaf_count=689 87 30 29 37 61 50 21 351 33 30 84 20 52 1426
internal_value=2.86634e-05 -0.00806854 0.0043099 0.0184685 -0.00956016 -0.00894688 -0.00954357 0.0393179 0.0255291 0.0133478 -0.0144612 0.0263418 0.035574 -0.0101906
internal_weight=626.841 520.388 55.7605 31.7946 464.627 454.155 442.852 106.453 28.5839 11.6334 23.9659 25.2214 16.8648 431.219
internal_count=3000 2529 252 138 2277 2216 2166 471 120 51 114 109 72 2115
is_linear=0
shrinkage=0.03


Tree=24
num_leaves=15
num_cat=0
split_feature=12 12 43 42 41 43 26 3 10 16 14 30 41 30
split_gain=213.71 13.5755 14.7623 12.7899 10.7358 18.1509 5.74027 5.768 6.78726 5.32786 4.67922 5.69246 4.51635 4.16819
threshold=79.229254727474739 1.1496106785314761 113.50000000000001 18.594023704528812 82.427749633789077 126.50000000000001 46.683333333333344 180.35000000000005 1380.2920836964147 204.05000000000004 23.216666666666672 24.150000000000002 83.823150634765639 24.950000000000003
decision_type=2 2 2 2 2 2 2 2 2 2 2 8 2 10
left_child=1 6 9 4 -4 -6 -1 13 -9 10 11 -3 -10 -8
right_child=-2 2 3 -5 5 -7 7 8 12 -11 -12 -13 -14 -15
leaf_value=-0.007223335151516774 0.040637472921240494 0.033308176287350458 0.032189525789093079 -0.030139937567975946 -0.0043590394678076219 0.037397834909612307 -0.019774613551370963 0.020807996039272254 -0.020081461774367815 -0.017437279373098729 -0.01548666847684901 -0.0051915260413303846 0.0070985257598614321 -0.0057540594396712262
leaf_weight=233.51381115615368 97.321256726980209 5.3823275864124307 18.613033562898636 5.7236785888671866 38.049078539013863 11.358858138322828 108.74319615960121 7.3103405088186291 14.716727852821352 35.752835929393768 7.7411888390779486 7.0409484654665002 7.8260827660560599 24.34514120221138
leaf_count=1150 439 25 80 28 176 47 542 36 73 175 36 33 39 121
internal_value=3.33199e-05 -0.00754049 0.000882113 0.00964164 0.0133773 0.0057923 -0.0102904 -0.014615 -0.00259426 -0.0106365 0.00167578 0.0127271 -0.0107448 -0.0172719
internal_weight=623.439 526.117 129.662 73.7446 68.021 49.4079 396.455 162.941 29.8532 55.9173 20.1645 12.4233 22.5428 133.088
internal_count=3000 2561 600 331 303 223 1961 811 148 269 94 58 112 663
is_linear=0
shrinkage=0.03


Tree=25
num_leaves=15
num_cat=1
split_feature=12 12 43 42 43 41 20 16 20 7 4 41 23 23
split_gain=203.701 12.867 14.0076 11.2634 11.5213 10.322 6.50282 6.07506 5.6535 5.35914 6.93411 7.07407 6.74681 6.40423
threshold=79.229254727474739 1.1496106785314761 111.50000000000001 18.594023704528812 122.50000000000001 80.876186370849624 0.99432703003332568 204.18333333333337 0.16240266963289104 0 61.350000000000001 93.910751342773452 8.6438137668339063 11.099471851104296
decision_type=2 2 2 2 2 2 2 2 2 1 2 2 2 2
left_child=1 9 7 4 5 -4 -6 -3 -9 12 -11 -12 -1 -14
right_child=-2 2 3 -5 6 -7 -8 8 -10 10 11 -13 13 -15
leaf_value=-0.017328985835208931 0.039975834255035994 0.00059714961492930642 0.032591238409897479 -0.029635454338766895 -0.00092192381474961375 -0.0029289096512209309 0.034648497447412135 0.0069348769787974246 -0.02788259753879006 -0.0065603434989058018 -0.018129201249996396 0.01704303802649567 0.0017532507897729472 -0.017255971565258786
leaf_weight=28.782414466142654 96.000615298748016 18.765859201550484 7.7822909802198401 5.6644030362367621 5.8423036038875606 44.802657693624496 20.317915260791779 4.7337804436683681 21.448802947998047 92.780959293246269 152.24258641898632 4.5743409991264334 98.291528522968292 18.010292068123817
leaf_count=142 439 88 35 28 26 210 83 23 107 455 770 21 482 91
internal_value=3.50352e-05 -0.00734405 0.000863255 0.00804239 0.0110903 0.002838 0.0269632 -0.0125002 -0.0215641 -0.0100294 -0.012657 -0.0170017 -0.00429292 -0.0013125
internal_weight=620.041 524.04 129.358 84.4096 78.7452 52.5849 26.1602 44.9484 26.1826 394.682 249.598 156.817 145.084 116.302
internal_count=3000 2561 600 382 354 245 109 218 130 1961 1246 791 715 573
cat_boundaries=0 1
cat_threshold=11172
is_linear=0
shrinkage=0.03


Tree=26
num_leaves=15
num_cat=0
split_feature=43 44 45 45 26 4 23 44 43 41 30 3 39 41
split_gain=163.826 22.7766 6.83637 6.12022 15.1258 6.25084 7.50394 7.7295 7.79897 7.25882 7.73611 7.07915 5.81511 6.57157
threshold=125.50000000000001 2.6160597801208501 1.9146810770034792 1.8137333989143374 43.250000000000007 61.45000000000001 7.4588896638015374 2.2983981370925908 108.50000000000001 80.037067413330092 18.450000000000003 175.45000000000002 1.2552521008403363 82.52807998657228
decision_type=2 2 2 2 2 2 2 2 2 2 10 2 2 2
left_child=3 2 -2 5 -5 6 -1 8 -8 10 11 -10 -7 -14
right_child=1 -3 -4 4 -6 12 7 -9 9 -11 -12 -13 13 -15
leaf_value=0.028449498818942473 0.027496301181697387 0.042181963607363246 0.0086206148709875412 0.035257129954883969 -0.0091181480863011723 -0.013142878886429017 -0.013499097602291519 -0.031736207981575379 0.052403162160264388 -0.0028738285013710234 -0.006570567803741276 0.0043516563782610932 0.013137320097110976 -0.015947639307082095
leaf_weight=5.0570648461580268 31.280566424131393 63.377749338746071 40.118093028664589 9.0219245404005068 21.402405619621277 255.95786814391613 50.527459517121315 8.6102461963891965 5.8278315961360949 86.473053991794586 6.9371149837970725 4.9606133252382278 16.305715546011928 10.73747795820236
leaf_count=24 135 299 194 42 102 1282 247 42 27 418 34 24 78 52
internal_value=3.50922e-05 0.0291482 0.0171558 -0.00815206 0.00474396 -0.00902982 -0.004416 -0.00560048 -0.00395162 0.000762411 0.0177077 0.0325521 -0.01175 0.00143228
internal_weight=616.595 134.776 71.3987 481.819 30.4243 451.394 168.393 163.336 154.726 104.199 17.7256 10.7884 283.001 27.0432
internal_count=3000 628 329 2372 144 2228 816 792 750 503 85 51 1412 130
is_linear=0
shrinkage=0.03


Tree=27
num_leaves=15
num_cat=1
split_feature=12 12 43 42 41 43 45 7 37 23 24 24 41 36
split_gain=186.927 11.8526 12.9779 11.7378 9.56778 15.8611 5.75106 6.12941 7.12012 7.43412 6.47693 7.33023 6.14477 5.49883
threshold=79.229254727474739 1.1496106785314761 113.50000000000001 18.594023704528812 82.427749633789077 126.50000000000001 1.8622462749481203 0 14.500000000000002 8.6438137668339063 444.85000000000008 436.60000000000008 80.67206192016603 2.5000000000000004
decision_type=2 2 2 2 2 2 2 1 2 2 2 2 2 2
left_child=1 6 -3 4 -4 -6 7 8 9 -1 11 -11 -10 -12
right_child=-2 2 3 -5 5 -7 -8 -9 12 10 13 -13 -14 -15
leaf_value=-0.01882717793644029 0.038864313141164432 -0.0099837948858003643 0.030392213781195221 -0.029297463531492745 -0.0040427148486656848 0.035078531531380686 -0.031931806328003055 -0.011745350195164591 0.04077249534563069 0.0023378293534769925 -0.0205039516126772 0.039735988239157305 -0.0053836162442558802 -0.0014311605727734614
leaf_weight=27.103133991360664 93.484536394476891 55.273091554641724 18.659933179616928 5.6255268454551688 37.854265734553337 11.30679279565811 9.2538933306932432 241.91514252126217 4.9169868081808072 18.787908792495731 16.369769260287285 5.3619547486305228 4.2551480084657669 63.575427800416946
leaf_count=135 439 269 80 28 176 47 55 1214 24 92 81 26 21 313
internal_value=4.00641e-05 -0.00699738 0.000895826 0.00910755 0.0126725 0.00547491 -0.00958797 -0.00896519 -0.00307624 -0.00513328 -0.00142259 0.0118911 0.0209355 -0.00554161
internal_weight=613.744 520.259 128.72 73.4465 67.821 49.1611 391.539 382.285 140.37 131.198 104.095 24.1499 9.17213 79.9452
internal_count=3000 2561 600 331 303 223 1961 1906 692 647 512 118 45 394
cat_boundaries=0 1
cat_threshold=11172
is_linear=0
shrinkage=0.03


Tree=28
num_leaves=15
num_cat=0
split_feature=20 42 43 20 20 3 26 30 42 39 23 10 38 16
split_gain=175.813 9.36556 18.9497 13.7847 6.86165 7.51807 6.3251 6.15899 5.35309 4.98368 4.87693 5.66359 5.69661 4.66362
threshold=3.9923248053392153 18.416313171386722 122.50000000000001 0.99432703003332568 8.8575083426028627 176.95000000000002 45.38333333333334 22.650000000000002 16.494048118591312 1.2471198156682031 9.7779072155256603 1868.2623632057857 3.5000000000000004 203.15000000000001
decision_type=2 2 2 2 2 2 2 8 2 2 2 2 2 2
left_child=1 2 8 6 5 -2 7 -4 9 -1 11 12 -11 -12
right_child=4 -3 3 -5 -6 -7 -8 -9 -10 10 13 -13 -14 -15
leaf_value=-0.0098986230070575009 0.031545455045445314 -0.035114868517138506 -0.011825655103757823 0.035048989628139175 0.041249680705544869 -0.002752497866899249 -0.014075661125457262 0.02746447108104726 0.0095780938795143305 0.033863789275350387 0.016431228571382812 -0.0098108931653403102 -0.0035134064732798547 -0.015929276388937871
leaf_weight=400.74037101864815 19.889104157686237 9.5702058076858503 4.9123771041631707 14.622749656438826 72.191149979829788 7.7286606878042212 13.793620869517325 8.915292352437973 13.872341498732565 9.2914805263280886 4.2394686788320568 7.6398214846849433 5.4338360577821723 17.545107394456863
leaf_count=2009 87 58 23 60 351 33 66 40 61 44 20 37 26 85
internal_value=3.63035e-05 -0.00709932 -0.00649529 0.0125273 0.0362472 0.0221866 -0.000203676 0.0136502 -0.00827037 -0.00884715 0.000704772 0.0103205 0.0207248 -0.00918688
internal_weight=610.386 510.577 501.006 42.244 99.8089 27.6178 27.6213 13.8277 458.762 444.89 44.1497 22.3651 14.7253 21.7846
internal_count=3000 2529 2471 189 471 120 129 63 2282 2221 212 107 70 105
is_linear=0
shrinkage=0.03


Tree=29
num_leaves=15
num_cat=1
split_feature=12 12 43 42 43 41 6 16 45 7 4 37 22 43
split_gain=170.6 10.8425 11.9505 10.1054 8.92502 9.29001 9.85691 5.89091 5.54564 5.93771 6.95996 6.73325 6.36394 6.14949
threshold=79.229254727474739 1.1496106785314761 111.50000000000001 18.594023704528812 122.50000000000001 80.876186370849624 8.5000000000000018 204.25000000000003 1.8622462749481203 0 63.850000000000001 14.500000000000002 433.88333333333338 118.50000000000001
decision_type=2 2 2 2 2 2 2 2 2 1 2 2 2 2
left_child=1 8 7 4 5 -4 -7 -3 9 11 12 -1 13 -11
right_child=-2 2 3 -5 -6 6 -8 -9 -10 10 -12 -13 -14 -15
leaf_value=-0.004776071060088179 0.037755533333130468 0.00036311284189506117 0.031228146721400112 -0.028584963509339995 0.024450096452987524 -0.011226223012063581 0.019170107133062487 -0.021384429026454828 -0.031384990372344129 -0.0039015176533831243 -0.016564991865984167 0.020529551511684715 -0.013694797643177967 0.020918677405795325
leaf_weight=130.42529049515724 90.690060913562775 20.425021126866341 7.8422285169363013 5.5061462372541419 25.98240938782692 31.891325756907463 12.572074517607687 23.758420243859291 8.9671947807073575 50.072596237063408 126.39040012657642 9.2132568359374982 53.328956380486488 9.9022447466850263
leaf_count=647 439 97 35 28 109 151 59 121 55 249 650 45 268 47
internal_value=4.05573e-05 -0.00664469 0.000923716 0.00755717 0.0104276 0.00313399 -0.00239901 -0.0115455 -0.00913509 -0.00852797 -0.0112705 -0.00277501 -0.00625722 0.000472324
internal_weight=606.968 516.278 127.978 83.7942 78.288 52.3056 44.4634 44.1834 388.3 379.333 239.694 139.639 113.304 59.9748
internal_count=3000 2561 600 382 354 245 210 218 1961 1906 1214 692 564 296
cat_boundaries=0 1
cat_threshold=11172
is_linear=0
shrinkage=0.03


Tree=30
num_leaves=15
num_cat=2
split_feature=12 12 43 41 24 7 6 16 20 45 7 37 11 12
split_gain=162.916 10.2688 11.3125 7.52688 6.44315 6.07777 6.43987 5.65481 5.53992 5.40543 5.68075 8.41111 8.30517 6.87743
threshold=79.229254727474739 1.1496106785314761 111.50000000000001 80.876186370849624 543.61666666666679 0 8.5000000000000018 204.18333333333337 0.16240266963289104 1.8622462749481203 1 14.500000000000002 336461.50000000006 -16.42402669632941
decision_type=2 2 2 2 2 1 2 2 2 2 1 2 2 2
left_child=1 9 7 -4 5 -5 -7 -3 -9 10 -1 12 -12 -13
right_child=-2 2 3 4 -6 6 -8 8 -10 -11 11 13 -14 -15
leaf_value=-0.011266314927538591 0.037215725853231081 0.001335381618196145 0.02619601710237577 0.0098675518354471876 0.033378011614243176 -0.015750666397605115 0.0094928091408444226 0.0080111414517895062 -0.026618153731759485 -0.031049017967247985 -0.0065856340238386307 0.0010787133390361432 0.03284306281698289 0.047030459225026668
leaf_weight=222.64134231209755 89.281211093068123 18.579187512397766 14.582075998187063 24.088399574160576 4.7866512537002555 27.774851649999619 12.503172069787977 4.6532560586929348 20.720334753394127 8.8055710047483426 140.12343484163284 6.9031652808189392 3.9966508001089087 4.1575150787830335
leaf_count=1134 439 88 63 111 21 130 57 23 107 55 698 34 20 20
internal_value=4.09618e-05 -0.00647199 0.000899939 0.0073468 0.00305537 0.000324273 -0.00633878 -0.0112723 -0.0202045 -0.00890268 -0.00830594 -0.0030942 -0.00527344 0.0208185
internal_weight=603.597 514.316 127.688 83.7352 69.1531 64.3664 40.278 43.9528 25.3736 386.628 377.822 155.181 144.12 11.0607
internal_count=3000 2561 600 382 319 298 187 218 130 1961 1906 772 718 54
cat_boundaries=0 1 2
cat_threshold=8656 21595
is_linear=0
shrinkage=0.03


Tree=31
num_leaves=15
num_cat=0
split_feature=12 12 43 42 41 43 26 4 36 23 22 3 3 9
split_gain=155.586 9.79609 10.862 10.3897 8.40811 14.5531 5.35632 6.96122 18.1832 6.63902 6.27225 8.90631 5.59116 5.5172
threshold=79.229254727474739 1.1496106785314761 113.50000000000001 18.416313171386722 82.427749633789077 126.50000000000001 46.683333333333344 53.850000000000001 4.5000000000000009 7.3683460204005442 458.16666666666669 169.95000000000002 180.35000000000005 7138.5666666666675
decision_type=2 2 2 2 2 2 2 2 2 2 2 2 2 2
left_child=1 6 -3 4 -4 -6 7 8 -1 -8 -9 -12 -11 -14
right_child=-2 2 3 -5 5 -7 9 10 -10 12 11 -13 13 -15
leaf_value=-0.0085783082822385656 0.036696145812493704 -0.0091436447073888882 0.028779634044068948 -0.026328998443677778 -0.0038821289190488655 0.033922899474733891 0.021885164579941555 -0.0092196659555872137 0.037196445976100716 -0.016649030509335458 0.04384285894649588 -0.0072577176603885046 0.016479229847310324 -0.010768938572869863
leaf_weight=22.563726976513863 87.864620134234428 54.430339992046356 18.193453013896942 6.1094270050525656 37.706294029951096 11.038940668106077 3.9341575801372519 182.87967723608017 10.730688780546187 125.39992962777615 4.0282018333673459 7.2886133790016174 9.0020834058523196 19.222421333193779
leaf_count=111 439 269 78 31 176 46 20 931 51 647 20 37 45 99
internal_value=4.53489e-05 -0.00629706 0.000906721 0.0084179 0.0119301 0.0051891 -0.00867819 -0.00569306 0.00682919 -0.0129252 -0.00786395 0.0130143 -0.0139524 -0.00181175
internal_weight=600.393 512.528 127.478 73.0481 66.9387 48.7452 385.05 227.491 33.2944 157.559 194.196 11.3168 153.624 28.2245
internal_count=3000 2561 600 331 300 222 1961 1150 162 811 988 57 791 144
is_linear=0
shrinkage=0.03


Tree=32
num_leaves=15
num_cat=0
split_feature=12 12 43 41 24 16 45 33 14 43 25 16 41 3
split_gain=148.627 9.26711 10.2699 6.86324 6.01947 5.45613 5.29832 5.27553 5.91222 5.44464 6.96871 4.89233 4.78076 4.50159
threshold=79.229254727474739 1.1496106785314761 111.50000000000001 80.876186370849624 543.61666666666679 204.25000000000003 1.8622462749481203 27.500000000000004 21.750000000000004 116.50000000000001 0.9068547913297561 201.78333333333339 77.272060394287124 177.35000000000005
decision_type=2 2 2 2 2 2 2 2 2 2 2 2 2 2
left_child=1 6 5 -4 7 12 13 8 -5 10 -9 -11 -3 -1
right_child=-2 2 3 4 -6 -7 -8 9 -10 11 -12 -13 -14 -15
leaf_value=-0.009944597231069963 0.036195307539833452 0.013915035767037983 0.024997066635667701 0.020323908873616705 0.032167321229169016 -0.020407414911845563 -0.030614313066838292 0.015154982147843013 -0.014806555865002322 -0.010685648236558225 -0.02822676716732217 0.022217951620906302 -0.013861840826833781 -0.0026528299877103135
leaf_weight=267.11546336114407 86.443395033478737 10.644095033407213 14.606811776757239 4.2798644453287151 4.8042353689670554 23.19826465845108 8.5871949344873411 5.3439516574144346 24.570099070668221 4.4360749423503902 6.1805514097213745 19.385236918926239 9.7040435671806318 107.72744193673134
leaf_count=1360 439 50 63 20 21 121 55 25 115 22 30 86 47 546
internal_value=5.09145e-05 -0.00612724 0.000886819 0.00701861 0.00290997 -0.0107792 -0.0084495 0.00026062 -0.00908871 0.00793183 -0.00850663 0.0159069 0.000639412 -0.00786162
internal_weight=597.027 510.583 127.153 83.6068 69 43.5464 383.43 64.1958 28.85 35.3458 11.5245 23.8213 20.3481 374.843
internal_count=3000 2561 600 382 319 218 1961 298 135 163 55 108 97 1906
is_linear=0
shrinkage=0.03


Tree=33
num_leaves=15
num_cat=1
split_feature=20 42 42 20 3 7 4 24 14 28 22 3 39 42
split_gain=139.24 8.66709 10.7869 7.42038 7.3072 6.99695 6.95944 9.03496 6.28677 6.27709 7.53676 5.99475 5.65813 5.6785
threshold=3.9923248053392153 18.416313171386722 16.494048118591312 8.8575083426028627 176.95000000000002 0 60.850000000000001 483.06666666666678 24.116666666666671 64.950000000000017 462.31666666666672 184.55000000000004 1.2026785714285717 16.038477897644047
decision_type=2 2 2 2 2 1 2 2 2 10 2 2 2 2
left_child=1 2 5 4 -2 -1 7 11 -4 10 -8 -7 13 -12
right_child=3 -3 8 -5 -6 6 9 -9 -10 -11 12 -13 -14 -15
leaf_value=-0.00089228622779977248 0.028611795402987295 -0.034047007864157902 0.021403559645313038 0.039085582671834936 -0.0054720064115129727 0.00633581612000931 -0.02277318754341854 -0.013361433014640479 -0.0092382899021154954 -0.0073625044817095132 -0.017548826107423199 -0.024980097415479876 0.024622696375154692 0.01829401427910016
leaf_weight=147.61406411230564 18.912547260522846 8.9075573682785016 19.201424062252048 66.194575041532516 7.5125468075275412 62.046062231063843 74.950278714299202 46.964076384902 7.9153678417205802 102.61383754014969 17.640023440122611 5.0435716062784186 4.1723915785551062 4.182900369167327
leaf_count=733 87 58 84 351 33 304 390 237 37 527 92 25 21 21
internal_value=5.18547e-05 -0.00620933 -0.00563769 0.0336414 0.0190757 -0.00671634 -0.00909828 -0.00341049 0.0124488 -0.0126976 -0.0179955 0.0036493 -0.0038872 -0.0101781
internal_weight=593.871 501.252 492.344 92.6197 26.4251 465.227 317.613 114.054 27.1168 203.559 100.946 67.0896 25.9953 21.8229
internal_count=3000 2529 2471 471 120 2350 1617 566 121 1051 524 329 134 113
cat_boundaries=0 1
cat_threshold=9124
is_linear=0
shrinkage=0.03


Tree=34
num_leaves=15
num_cat=2
split_feature=12 12 43 42 41 43 26 4 36 7 23 42 1 7
split_gain=136.043 8.6789 9.65712 9.57837 7.57537 13.5227 5.09819 6.43934 16.9854 6.4291 8.74328 8.12063 6.05797 6.71834
threshold=79.229254727474739 1.1496106785314761 113.50000000000001 18.416313171386722 82.427749633789077 126.50000000000001 46.683333333333344 53.850000000000001 4.5000000000000009 0 9.9406283419959092 15.56923294067383 22.500000000000004 1
decision_type=2 2 2 2 2 2 2 2 2 1 2 2 2 1
left_child=1 6 -3 4 -4 -6 7 8 -1 10 11 -8 -9 -14
right_child=-2 2 3 -5 5 -7 9 12 -10 -11 -12 -13 13 -15
leaf_value=-0.0081534780060666095 0.035278166590852089 -0.0085537348474261834 0.027411236052684348 -0.025649896048733162 -0.0037410432891376638 0.032806879589805951 -0.0057208319282429487 -0.010428258279877891 0.035994750690214253 -0.013938281063751147 -0.017749782874885042 0.041718450761062037 -0.0091227006343046063 0.0093065011089415763
leaf_weight=22.39292947947979 83.585337564349174 53.830465778708458 18.188387274742126 5.9690784960985175 37.60112826526165 10.957853451371191 5.268513500690462 141.43801413476467 10.852800890803335 136.2163782119751 7.2231032252311698 6.6530001759529114 21.133614540100098 29.506540149450302
leaf_count=111 439 269 78 31 176 46 27 727 51 714 37 33 110 151
internal_value=5.06659e-05 -0.00581237 0.000988714 0.008073 0.0114229 0.00500195 -0.00806985 -0.00515035 0.00688859 -0.012244 0.00455975 0.0219332 -0.00725899 0.00162333
internal_weight=590.817 507.232 126.547 72.7164 66.7474 48.559 380.685 225.324 33.2457 155.361 19.1446 11.9215 192.078 50.6402
internal_count=3000 2561 600 331 300 222 1961 1150 162 811 97 60 988 261
cat_boundaries=0 1 2
cat_threshold=517 17756
is_linear=0
shrinkage=0.03


Tree=35
num_leaves=15
num_cat=1
split_feature=12 12 7 12 24 29 24 36 25 25 41 12 12 10
split_gain=130.125 8.42619 6.37075 8.97901 5.54488 8.78017 5.83833 6.40323 6.32669 14.0484 10.0825 5.59694 5.73896 5.07742
threshold=79.229254727474739 -36.303003337041375 0 40.980088987763992 540.85000000000014 13.050000000000002 521.81666666666672 5.5000000000000009 0.90451682297395064 0.9055257181220363 78.09854888916017 -18.8221357063406 3.9549499443824976 1863.2943548580836
decision_type=2 2 1 2 2 10 2 2 2 2 2 2 2 2
left_child=1 -1 3 4 6 -6 7 8 -3 -10 11 -11 -13 -12
right_child=-2 2 -4 -5 5 -7 -8 -9 9 10 13 12 -14 -15
leaf_value=-0.013187982404074851 0.034824979912689916 -0.0055565661959778682 -0.0074078167466067662 0.025830107838807303 0.028781587171227904 -0.017738604637559469 -0.020099720617054895 -0.013780802431454717 0.039680921315168149 -0.00034971261181926286 -0.011551687215374773 0.04447697396518753 0.0011143992339411298 0.0096544767783247869
leaf_weight=105.09728471934795 82.167384549975395 61.973801583051682 191.4615972340107 10.575503140687941 11.147525325417517 4.4311762750148764 15.099500760436056 28.86385840177536 9.4086356908082944 7.9872837662696865 33.726912572979927 8.1916971057653409 3.9924779683351508 13.49308606982231
leaf_count=564 439 309 966 45 54 22 77 144 45 40 168 41 20 66
internal_value=4.67978e-05 -0.00566444 -0.00366148 0.000137573 -0.00134834 0.0152776 -0.00284117 -0.00117669 0.00152471 0.00723691 0.00219338 0.0194242 0.0314303 -0.00541749
internal_weight=587.618 505.45 400.353 208.891 198.316 15.5787 182.737 167.638 138.774 76.8001 67.3915 20.1715 12.1842 47.22
internal_count=3000 2561 1997 1031 986 76 910 833 689 380 335 101 61 234
cat_boundaries=0 1
cat_threshold=41908
is_linear=0
shrinkage=0.03


Tree=36
num_leaves=15
num_cat=1
split_feature=12 12 43 42 41 42 6 2 42 28 38 43 43 30
split_gain=124.456 8.02176 11.8626 15.6651 8.21145 5.64667 5.43184 8.06035 5.48741 5.47095 5.7916 5.16899 5.15664 5.95687
threshold=79.229254727474739 -36.303003337041375 122.50000000000001 18.416313171386722 88.543453216552749 17.522489547729496 1.5000000000000002 0 15.748600006103517 59.850000000000001 3.5000000000000004 125.50000000000001 112.50000000000001 23.650000000000002
decision_type=2 2 2 2 2 2 2 1 2 8 2 2 2 8
left_child=1 6 -3 4 5 -4 7 -1 9 -8 12 -6 13 -11
right_child=-2 2 3 -5 11 -7 8 -9 -10 10 -12 -13 -14 -15
leaf_value=-0.014159643395000183 0.034385715614688041 -0.0054942976361018305 0.042186675314457432 -0.027281794980760717 -0.0080818835654061644 0.0033142329020526412 0.0095994321338186573 0.03438693930511337 -0.023272794652455471 -0.015897539659283026 -0.024829048073231674 0.018820084853553732 -0.018507842071670402 0.024177870157974592
leaf_weight=6.343944773077963 80.754737675189972 350.6544546931982 12.781816869974138 7.5267599672079077 11.953260704874994 4.6879906654357901 11.090544521808622 4.3536457717418671 41.336855068802834 4.4354996979236612 19.63249446451664 11.923807457089422 9.1793562918901426 8.0353730171918869
leaf_count=34 439 1771 54 43 57 20 57 23 228 24 106 52 49 43
internal_value=4.69728e-05 -0.00551295 -0.0035601 0.0101492 0.0174464 0.0324995 -0.0128811 0.00684824 -0.0151818 -0.00847945 -0.0134485 0.005569 -0.00248796 0.00980226
internal_weight=584.691 503.936 399.528 48.8736 41.3469 17.4698 104.408 10.6976 93.7101 52.3733 41.2827 23.8771 21.6502 12.4709
internal_count=3000 2561 1997 226 183 74 564 57 507 279 222 109 116 67
cat_boundaries=0 1
cat_threshold=1
is_linear=0
shrinkage=0.03


Tree=37
num_leaves=15
num_cat=0
split_feature=20 42 43 20 20 3 26 30 39 25 15 20 42 32
split_gain=116.11 8.22359 14.1582 9.99406 7.83338 7.10915 5.80791 5.76614 5.2365 4.82041 3.99091 4.10009 3.97353 3.78897
threshold=3.9923248053392153 18.416313171386722 122.50000000000001 0.99432703003332568 8.8575083426028627 176.95000000000002 45.38333333333334 22.650000000000002 1.2922077922077924 0.91726499210002455 13.816666666666668 1.0000000180025095e-35 16.712339401245121 14.500000000000002
decision_type=2 2 2 2 2 2 2 8 2 2 2 2 2 2
left_child=1 2 8 6 5 -2 7 -4 9 12 11 -10 13 -1
right_child=4 -3 3 -5 -6 -7 -8 -9 10 -11 -12 -13 -14 -15
leaf_value=-0.033290686410975767 0.026539825444301005 -0.033326335291574694 -0.011129201245347631 0.03096458103388974 0.037673353228518495 -0.0073710030726403166 -0.012916586300805912 0.027182216124198178 -0.0070310025592961829 0.015528852889831421 0.027362995095153577 0.021033966989532429 0.017305986453323055 -0.0078557102691065705
leaf_weight=4.4481004476547232 18.086984887719158 8.4659994989633542 4.8115488588809976 14.276630043983458 61.41729624569416 7.3354186266660681 13.452061757445334 8.8745312243700027 17.573385089635856 7.1745090633630744 5.1022940427064887 5.2653543353080741 4.6631900817155829 400.63828262686729
leaf_count=23 87 58 23 60 351 33 66 40 88 37 24 25 21 2064
internal_value=4.77512e-05 -0.00558507 -0.0050347 0.0115549 0.0318375 0.0168465 0.000606381 0.0138726 -0.00660156 -0.00744532 0.00581088 5.01595e-05 -0.00788441 -0.00821629
internal_weight=581.586 494.746 486.28 41.4148 86.8397 25.4224 27.1381 13.6861 444.865 416.924 27.941 22.8387 409.75 405.086
internal_count=3000 2529 2471 189 471 120 129 63 2282 2145 137 113 2108 2087
is_linear=0
shrinkage=0.03


Tree=38
num_leaves=15
num_cat=1
split_feature=12 42 43 42 7 4 36 19 1 4 39 24 41 37
split_gain=114.099 7.61581 17.4773 7.20273 5.8923 7.33057 8.10748 6.14663 6.97303 5.9011 5.41363 5.32262 5.29659 5.05667
threshold=79.229254727474739 18.416313171386722 125.50000000000001 16.494048118591312 0 54.050000000000004 3.5000000000000004 101.80750071280183 21.500000000000004 52.050000000000004 1.3675324675324678 471.66666666666669 81.236099243164077 14.500000000000002
decision_type=2 2 2 2 1 2 2 2 2 2 2 2 2 2
left_child=1 2 3 4 13 6 9 11 -9 -6 -7 -8 -5 -1
right_child=-2 -3 -4 12 5 10 7 8 -10 -11 -12 -13 -14 -15
leaf_value=-0.0029260993690922725 0.033577784614772094 -0.029227228675192486 0.017983115996960626 0.02814962824241015 -0.019793098678734165 -0.012046521766696466 0.01767713612911518 0.0429562079468239 0.00026297121999973791 0.012644650867012681 0.011186036386867807 -0.024458750077350672 -0.0050199388355831728 0.018217896290400104
leaf_weight=131.74619874358177 77.937643051147461 10.657451592385767 27.97601230442524 8.4757966548204404 16.335185781121258 250.47975192964077 4.1707791239023226 7.8742602169513685 5.6460156887769699 6.3259353190660468 8.6137741804122907 4.6952856034040451 7.5051176995038977 10.029602751135824
leaf_count=666 439 68 124 36 83 1317 20 38 28 31 42 24 35 49
internal_value=5.19883e-05 -0.00522485 -0.00464419 -0.00605056 -0.00676823 -0.00900341 0.00183667 0.0143271 0.0263736 -0.0105863 -0.0112341 -0.00485452 0.0131939 -0.00122724
internal_weight=578.469 500.531 489.874 461.898 445.917 304.141 45.0475 22.3863 13.5203 22.6611 259.094 8.86606 15.9809 141.776
internal_count=3000 2561 2493 2369 2298 1583 224 110 66 114 1359 44 71 715
cat_boundaries=0 1
cat_threshold=9124
is_linear=0
shrinkage=0.03


Tree=39
num_leaves=15
num_cat=1
split_feature=12 12 43 42 41 10 7 42 26 13 13 19 37 18
split_gain=109.177 7.52134 10.4037 11.1267 9.31895 8.0779 5.5608 6.9077 6.27907 6.10351 10.2383 5.79928 5.43538 5.4043
threshold=79.229254727474739 -36.303003337041375 119.50000000000001 18.416313171386722 89.417510986328139 1664.1494541335303 0 15.831498146057131 37.583333333333343 4.1180000000000012 5.0529999999999999 121.64889411022885 14.500000000000002 2115.983333333334
decision_type=2 2 2 2 2 2 1 2 2 2 2 2 2 2
left_child=1 -1 6 4 -4 -6 7 9 -8 -3 -11 -12 -9 -7
right_child=-2 2 3 -5 5 13 8 12 -10 10 11 -13 -14 -15
leaf_value=-0.01227080985953817 0.033173955838799209 -0.025338623461434884 0.021650021189052907 -0.026199287299807507 -0.015140332379013589 0.035403097296332939 0.01388211940944767 0.0040111447588542029 -0.011691502054384417 0.014836356847474341 -0.010679752077711208 0.011942933928002745 0.034691155628605516 0.00094176093923154175
leaf_weight=102.92718002200127 76.552976846694946 11.504967615008352 33.766159847378731 7.2381236627697936 16.31402699649334 5.5152333825826672 8.3831118047237378 48.069899648427963 140.00813800096512 21.723309457302094 76.463288679718971 10.898849695920942 4.8849108815193167 11.180977955460547
leaf_count=564 439 60 153 43 79 26 42 237 723 111 393 55 23 52
internal_value=5.5595e-05 -0.00508262 -0.00318785 0.00688995 0.0108102 -0.000588326 -0.00551894 -0.00143015 -0.00952586 -0.00546843 -0.00316164 -0.00775424 0.00743179 0.0136826
internal_weight=575.431 498.878 395.951 74.0145 66.7764 33.0102 321.936 173.545 148.391 120.59 109.085 87.3621 52.9548 16.6962
internal_count=3000 2561 1997 353 310 157 1644 879 765 619 559 448 260 78
cat_boundaries=0 1
cat_threshold=38820
is_linear=0
shrinkage=0.03


Tree=40
num_leaves=15
num_cat=0
split_feature=20 20 42 42 45 29 19 18 3 3 19 4 22 20
split_gain=101.812 8.02299 12.2161 8.22333 6.66544 5.60721 4.2548 11.1744 6.40671 9.35908 6.93565 6.86246 6.26979 5.83927
threshold=5.5561735261401051 0.99432703003332568 15.858805656433107 18.594023704528812 1.878704905509949 16.750000000000004 121.64889411022885 2144.9333333333338 178.25000000000003 185.35000000000005 117.71986553817727 54.750000000000007 388.50000000000006 -1.2377085650723589
decision_type=2 2 2 2 2 8 2 2 2 2 2 2 2 2
left_child=1 4 -3 5 6 -4 7 8 10 13 -1 -11 -9 -10
right_child=-2 2 3 -5 -6 -7 -8 12 9 11 -12 -13 -14 -15
leaf_value=-0.0083628213666248497 0.033176594986824341 -0.012206611479695354 -0.004862970021904992 -0.020973455207672832 -0.032311358847577569 0.024720885699203662 0.0015153364871403629 0.0076166063706218576 -0.002257492045190755 0.017730504557864277 0.0183547429840391 -0.019689434073473219 -0.0257300586076059 0.017398090428359957
leaf_weight=235.79523245990276 71.933922305703163 22.757567062973976 6.711736559867858 4.3403524309396735 7.6783997714519492 30.191699236631393 62.917939141392708 5.4137272536754599 22.851397708058357 4.6985594034194973 8.1621689200401288 20.766269192099571 36.379237562417984 31.8743756711483
leaf_count=1224 423 114 30 22 56 134 324 28 121 23 42 108 192 159
internal_value=5.80301e-05 -0.0047582 0.00510112 0.0147141 -0.00621204 0.019354 -0.00567067 -0.00690696 -0.00498704 0.00234731 -0.00739764 -0.0123759 -0.0213334 0.00929744
internal_weight=572.473 500.539 64.0014 41.2438 436.537 36.9034 428.859 365.941 324.148 80.1906 243.957 25.4648 41.793 54.7258
internal_count=3000 2577 300 186 2277 164 2221 1897 1677 411 1266 131 220 280
is_linear=0
shrinkage=0.03


Tree=41
num_leaves=15
num_cat=1
split_feature=12 12 43 42 41 45 26 30 14 28 38 36 32 7
split_gain=100.094 7.03814 9.67766 12.8517 6.93009 5.66148 5.20345 8.18009 7.15808 5.00333 5.73439 4.89587 4.8676 4.92333
threshold=79.229254727474739 -36.303003337041375 122.50000000000001 18.416313171386722 88.543453216552749 1.8460422158241274 44.983333333333341 23.750000000000004 22.116666666666671 58.45000000000001 3.5000000000000004 3.5000000000000004 14.500000000000002 0
decision_type=2 2 2 2 2 2 2 10 2 10 2 2 2 1
left_child=1 6 12 4 5 -4 7 9 -9 10 -1 -12 -3 -14
right_child=-2 2 3 -5 -6 -7 -8 8 -10 -11 11 -13 13 -15
leaf_value=0.01367381460470983 0.032403695187172461 -0.033049637998719732 0.041806238400939354 -0.02550143111156605 0.0051157796055519749 0.005219345423288578 -0.017932685526879381 -0.0087332981877349756 0.040516385805362778 -0.023493896926775771 -0.030811834421021408 0.0065268128966142133 -0.00039242874877200859 -0.0076545491578111115
leaf_weight=10.814898461103441 73.824537307024002 4.4028085172176352 11.160380452871324 7.0597049370408049 23.751243188977242 6.0028675049543372 55.500541254878044 4.183313921093939 5.0923917964100838 14.806739591062067 6.529541462659834 4.9384397640824318 170.42577354609966 171.10719868540764
leaf_count=57 439 23 48 43 109 26 312 23 28 83 35 26 862 886
internal_value=5.64743e-05 -0.00481579 -0.00298217 0.00951558 0.016022 0.0300018 -0.0118084 -0.00425359 0.0196166 -0.0105815 -0.00136088 -0.0154989 -0.00473778 -0.00427738
internal_weight=569.6 495.776 393.91 47.9742 40.9145 17.1632 101.866 46.3653 9.27571 37.0896 22.2829 11.468 345.936 341.533
internal_count=3000 2561 1997 226 183 74 564 252 51 201 118 61 1771 1748
cat_boundaries=0 1
cat_threshold=37796
is_linear=0
shrinkage=0.03


Tree=42
num_leaves=15
num_cat=0
split_feature=20 20 45 29 45 39 20 19 18 30 25 30 26 22
split_gain=93.5125 7.22027 8.9297 7.38163 6.44595 4.6556 4.34017 4.063 10.6983 8.26714 9.58289 8.18886 7.77288 6.0091
threshold=5.5561735261401051 0.99432703003332568 1.6969273090362551 18.950000000000003 1.878704905509949 0.94494047619047628 8.8575083426028627 121.64889411022885 2144.9333333333338 23.650000000000002 0.90130121273916408 19.650000000000002 49.983333333333341 388.50000000000006
decision_type=2 2 2 8 2 2 2 2 2 10 2 8 2 2
left_child=1 4 -3 5 7 -4 -2 8 -1 11 -11 -9 -13 -10
right_child=6 2 3 -5 -6 -7 -8 9 13 10 -12 12 -14 -15
leaf_value=-0.0047108377917112762 0.015589978977597412 -0.019888645256181944 0.0095966179386213768 0.016483395558994238 -0.031941562689799689 -0.022470614842014729 0.036214856452602792 0.017542334073780089 0.0074706610665043654 -0.015761032835086917 0.03486417668936611 -0.017699570237276675 0.015360293186808297 -0.025177336576721322
leaf_weight=322.49508461356163 13.619331359863279 10.008674830198286 6.7375540882348997 38.941987678408623 7.4307159036397925 7.8738676160573959 55.685211062431335 10.813301384449003 5.4260317683219901 4.0688138604164115 10.537039384245871 30.106108635663986 7.2326297312974921 35.79067474603653
leaf_count=1677 72 52 32 179 56 37 351 54 28 21 54 157 38 192
internal_value=5.1082e-05 -0.00451741 0.00486795 0.00977451 -0.0059003 -0.00801637 0.0324412 -0.0053729 -0.00658662 0.00165412 0.020655 -0.00441236 -0.0110622 -0.0208042
internal_weight=566.767 497.462 63.5621 53.5534 433.9 14.6114 69.3045 426.47 363.712 62.7579 14.6059 48.152 37.3387 41.2167
internal_count=3000 2577 300 248 2277 69 423 2221 1897 324 75 249 195 220
is_linear=0
shrinkage=0.03


Tree=43
num_leaves=15
num_cat=0
split_feature=12 12 43 10 26 20 15 41 26 4 4 39 28 45
split_gain=92.1004 7.83261 8.85097 6.51589 6.93843 5.62188 6.0457 9.36866 5.55037 5.37785 5.54142 5.35006 5.16593 4.70367
threshold=101.42146829810883 1.1496106785314761 111.50000000000001 2677.3908318123899 43.95000000000001 0.16240266963289104 13.583333333333334 77.353626251220717 47.850000000000009 76.050000000000011 60.150000000000013 0.82025117739403464 67.950000000000017 1.8622462749481203
decision_type=2 2 2 2 2 2 2 2 2 2 2 2 10 2
left_child=1 13 5 4 9 -3 -7 -8 11 10 -4 -6 -10 -1
right_child=-2 2 3 -5 8 6 7 -9 12 -11 -12 -13 -14 -15
leaf_value=-0.0059957997920780798 0.033682857757061757 0.013357825906201683 0.0084735477983022018 -0.023123874744758813 0.0013515376621034609 -0.022081581003179911 0.027862648085676622 -0.024672061015406466 0.01469947521360822 0.024433287534676426 -0.018403592175357128 0.035903985464654148 -0.011937868161216742 -0.028696881462116842
leaf_weight=361.89760166406631 63.882676750421524 7.3582981079816809 11.137364469468599 4.9821543693542472 5.4144509583711651 24.430871114134789 5.8320872932672483 4.5503780245780945 22.907511413097385 4.8621086925268164 15.391459450125692 15.785498797893522 8.1746202111244184 7.4913227185606948
leaf_count=1906 403 37 52 27 26 132 27 22 105 23 74 73 38 55
internal_value=5.08526e-05 -0.00430293 0.00199382 0.00735399 0.0094204 -0.00918391 -0.0141884 0.00469325 0.0160136 -0.00171605 -0.00722207 0.0275377 0.0075401 -0.00653242
internal_weight=564.098 500.216 130.827 88.6552 83.673 42.1716 34.8133 10.3825 52.2821 31.3909 26.5288 21.1999 31.0821 369.389
internal_count=3000 2597 636 418 391 218 181 49 242 149 126 99 143 1961
is_linear=0
shrinkage=0.03


Tree=44
num_leaves=15
num_cat=0
split_feature=12 12 43 10 26 9 4 26 4 4 39 28 26 4
split_gain=88.377 7.4098 8.36257 6.19916 6.51765 5.44671 9.46529 5.20789 5.09415 5.26025 5.00843 4.88041 4.70111 5.95749
threshold=101.42146829810883 1.1496106785314761 111.50000000000001 2677.3908318123899 43.95000000000001 6819.7666666666673 66.450000000000017 47.850000000000009 76.050000000000011 60.150000000000013 0.82025117739403464 67.950000000000017 46.683333333333344 53.850000000000001
decision_type=2 2 2 2 2 2 2 2 2 2 2 10 2 2
left_child=1 12 5 4 8 6 -3 10 9 -4 -6 -9 13 -1
right_child=-2 2 3 -5 7 -7 -8 11 -10 -11 -12 -13 -14 -15
leaf_value=0.0081231497567473554 0.033362353808531434 -0.01829082836265819 0.0082251066239699029 -0.022671107757243243 0.0013171693803938275 -0.014812947445679904 0.035847748915843379 0.014262042367229144 0.023735236230068943 -0.017975021691032357 0.034730089088981418 -0.011646403462130965 -0.010448324219418891 -0.0056079134480770338
leaf_weight=32.625349894165993 62.590670526027679 4.8049052208662015 11.159421332180505 4.9496708437800399 5.4151363521814373 32.205819934606552 4.9462197870016098 22.932094216346744 4.8840191662311545 15.310756757855414 15.862081855535505 8.1531779468059522 149.43782167881727 186.14005824923515
leaf_count=162 403 25 52 27 26 168 25 105 23 74 73 38 811 988
internal_value=5.13595e-05 -0.00418675 0.00194111 0.00714192 0.00915139 -0.00895999 0.00995078 0.0155313 -0.00165404 -0.00703212 0.0266672 0.00731547 -0.00636003 -0.0035325
internal_weight=561.417 498.827 130.623 88.6664 83.7167 41.9569 9.75113 52.3625 31.3542 26.4702 21.2772 31.0853 368.203 218.765
internal_count=3000 2597 636 418 391 218 50 242 149 126 99 143 1961 1150
is_linear=0
shrinkage=0.03


Tree=45
num_leaves=15
num_cat=0
split_feature=12 19 43 20 39 15 41 13 41 43 42 12 19 3
split_gain=84.81 7.41263 14.425 8.67432 5.03736 5.6202 5.83545 8.33154 8.23339 6.68451 4.72169 4.57324 7.49833 5.62625
threshold=101.42146829810883 166.56019309710936 122.50000000000001 -2.5951056729700079 1.2471198156682031 13.750000000000002 85.819908142089858 5.6971666666666669 75.650470733642592 109.50000000000001 16.132440567016605 -29.714905450500797 122.08951948045582 158.15000000000001
decision_type=2 2 2 2 2 2 2 2 2 2 2 2 2 2
left_child=1 2 4 -4 11 6 7 9 -9 -6 -7 12 13 -1
right_child=-2 -3 3 -5 5 10 -8 8 -10 -11 -12 -13 -14 -15
leaf_value=0.015846102362930707 0.033050043053016502 -0.032450400568283432 -0.023394119706266665 0.014600705734183598 -0.00085911258934427475 0.041500393781995389 -0.024207495406584765 0.026598854618548006 -0.018098551516676095 0.04799799254974977 -0.00020760836654855791 -0.0044439403341858582 0.0025923464062009623 -0.01764441041568043
leaf_weight=4.027925342321395 61.315439522266388 7.1638193726539603 5.1450071707367888 50.156922578811646 4.4245828688144702 4.8179812878370267 6.9319045543670645 4.0031816661357906 13.704557999968527 4.751627042889595 4.1939306408166885 281.91477224230766 25.322199478745461 80.901901289820671
leaf_count=22 403 50 30 234 22 23 36 20 70 23 20 1460 137 450
internal_value=5.3653e-05 -0.00407153 -0.00359167 0.0107131 -0.00543068 0.00426014 -0.00154118 0.00496178 -0.00711215 0.0266707 0.0240084 -0.00649714 -0.01166 -0.0158901
internal_weight=558.776 497.46 490.296 55.3019 434.995 42.8278 33.8159 26.8839 17.7077 9.17621 9.01191 392.167 110.252 84.9298
internal_count=3000 2597 2547 264 2283 214 171 135 90 45 43 2069 609 472
is_linear=0
shrinkage=0.03


Tree=46
num_leaves=15
num_cat=0
split_feature=15 43 41 45 30 4 43 39 15 41 13 41 43 23
split_gain=67.3302 14.9825 4.92879 11.444 5.13159 9.33232 5.61526 4.79929 5.28298 5.59872 7.83499 7.81841 6.20374 4.43649
threshold=15.616666666666669 122.50000000000001 88.543453216552749 1.8460422158241274 23.150000000000002 67.450000000000017 126.50000000000001 1.2471198156682031 13.750000000000002 85.819908142089858 5.6971666666666669 75.650470733642592 109.50000000000001 8.9011493439897595
decision_type=2 2 2 2 8 2 2 2 2 2 2 2 2 2
left_child=1 7 3 -3 -4 -6 -7 13 9 10 12 -12 -9 -1
right_child=-2 2 4 -5 5 6 -8 8 -10 -11 11 -13 -14 -15
leaf_value=-0.011653362512467647 0.034165426994259791 0.037423606606668283 -0.011771727985855584 0.0040500990069702453 0.031254095379507886 -0.025686375717029839 0.012842909843675402 -0.00083835148301174896 0.023229150899073368 -0.023817193365780261 0.025716908326014719 -0.017731589494650587 0.046072256760742891 -0.0043874369338781838
leaf_weight=102.8196505010128 46.637287214398384 13.721334397792814 15.238030627369879 25.633340880274773 9.3698059469461459 6.0027166157960874 5.7523953318595886 4.4229146242141741 9.0886037051677686 6.851743519306182 4.0498234927654293 13.590966060757635 4.8421060293912888 288.08265103399754
leaf_count=549 318 63 79 151 44 29 33 22 43 36 20 70 23 1520
internal_value=5.5748e-05 -0.00312752 0.00910597 0.0163251 0.0010651 0.0104382 -0.00730327 -0.0052791 0.00417598 -0.00147447 0.00486485 -0.00691254 0.0257781 -0.00632346
internal_weight=556.103 509.466 75.7176 39.3547 36.3629 21.1249 11.7551 433.748 42.8462 33.7576 26.9058 17.6408 9.26502 390.902
internal_count=3000 2682 399 214 185 106 62 2283 214 171 135 90 45 2069
is_linear=0
shrinkage=0.03


Tree=47
num_leaves=15
num_cat=2
split_feature=12 19 43 20 41 39 7 25 20 25 38 7 14 26
split_gain=78.699 7.30795 12.8465 8.17133 4.74158 5.12916 4.60033 4.64293 4.55934 4.40406 4.53511 6.40397 7.19003 6.62552
threshold=101.42146829810883 166.56019309710936 122.50000000000001 -2.5951056729700079 91.243244171142592 1.2922077922077924 0 0.90164504972008697 1.9379310344827125 0.91726499210002455 2.5000000000000004 1 22.883333333333336 42.350000000000009
decision_type=2 2 2 2 2 2 1 2 2 2 2 1 2 2
left_child=1 2 4 -4 5 9 7 -5 -9 10 11 -1 13 -13
right_child=-2 -3 3 6 -6 -7 -8 8 -10 -11 -12 12 -14 -15
leaf_value=0.011305000327450319 0.032508093400518114 -0.032210643662958206 -0.0231131382451434 -0.018453769674777673 -0.027761029874318603 0.0078147220400812539 0.019344095081619644 -0.0048038639835368746 0.026100510468090258 0.01649429703945967 -0.0078692285985819971 -0.025745116400414499 0.011131125379471404 -0.0037583682536663113
leaf_weight=20.358620226383209 59.01146137714386 7.0678135752677909 5.0907815843820563 7.6433415487408665 7.2183711230754843 26.804676696658134 26.395292043685913 9.4766160696744901 6.493849352002143 7.0694539844989768 291.32916453480721 16.181523025035858 18.285720214247704 45.324457034468651
leaf_count=105 403 50 30 37 39 133 121 45 31 37 1543 86 96 244
internal_value=6.11431e-05 -0.00386683 -0.00339097 0.0101313 -0.00513279 -0.00468457 0.0139022 -0.000411315 0.00855987 -0.00554267 -0.00598163 -0.000467262 -0.00442522 -0.00986217
internal_weight=553.751 494.74 487.672 55.0999 432.572 425.354 50.0091 23.6138 15.9705 398.549 391.479 100.15 79.7917 61.506
internal_count=3000 2597 2547 264 2283 2244 234 113 76 2111 2074 531 426 330
cat_boundaries=0 1 2
cat_threshold=7210 1062
is_linear=0
shrinkage=0.03


Tree=48
num_leaves=15
num_cat=0
split_feature=12 19 12 23 23 23 25 3 41 3 25 12 26 42
split_gain=75.5003 7.07744 9.4195 5.14144 4.65914 8.9569 4.94651 10.2229 8.17729 8.06374 6.35888 8.49554 8.24948 7.33849
threshold=101.42146829810883 166.56019309710936 40.980088987763992 9.9541477521314921 8.5200911884314934 7.3683460204005442 0.9015772167268824 176.95000000000002 77.893646240234389 185.35000000000005 0.90622185267191235 -2.6880978865407568 44.616666666666674 15.741800785064699
decision_type=2 2 2 2 2 2 2 2 2 2 2 2 2 2
left_child=1 2 4 -4 5 -1 7 -6 -9 10 11 13 -13 -8
right_child=-2 -3 3 -5 6 -7 9 8 -10 -11 -12 12 -14 -15
leaf_value=0.012458653963737803 0.032215821959052413 -0.031857247341636183 -0.0068156412625883086 0.023471350094797776 -0.015369072021610298 -0.015466246947774605 0.0085184436800668333 -0.02059029329514922 0.014159509808789579 -0.019055316264927895 -0.0034274586933863453 -0.0023707471103230366 0.027965729718451772 -0.0096997265044648662
leaf_weight=11.543862968683241 57.788034155964851 6.9447913765907279 6.5370402783155468 16.630789533257484 65.443367138504982 63.136236414313316 42.967402651906013 7.2004346400499371 23.107468828558922 19.57453229278326 159.85737649351358 11.898168578743933 23.132283166050911 35.352910578250885
leaf_count=60 403 50 29 79 350 340 230 39 119 103 840 58 111 189
internal_value=7.56142e-05 -0.00374683 -0.00328091 0.0149972 -0.00422544 -0.0110421 -0.00289022 -0.00877169 0.00550981 -0.000943443 0.000418978 0.0058261 0.0178821 0.000276355
internal_weight=551.115 493.327 486.382 23.1678 463.214 74.6801 388.534 95.7513 30.3079 292.783 273.208 113.351 35.0305 78.3203
internal_count=3000 2597 2547 108 2439 400 2039 508 158 1531 1428 588 169 419
is_linear=0
shrinkage=0.03


Tree=49
num_leaves=15
num_cat=2
split_feature=12 12 43 25 7 33 45 41 43 26 45 7 14 24
split_gain=72.5141 6.24869 8.88334 7.21982 5.65139 6.44254 5.88069 6.48545 6.10004 6.74091 5.98211 5.7141 6.68985 5.34133
threshold=101.42146829810883 -36.303003337041375 119.50000000000001 0.91207762748186527 0 32.500000000000007 1.7231519222259524 80.94278717041017 113.50000000000001 50.38333333333334 1.7284505367279055 1 21.283333333333335 550.66666666666686
decision_type=2 2 2 2 1 2 2 2 2 2 2 1 2 2
left_child=1 -1 4 13 -3 6 11 8 9 -8 -9 12 -6 -4
right_child=-2 2 3 -5 5 -7 7 10 -10 -11 -12 -13 -14 -15
leaf_value=-0.01036733160872034 0.031929805086716993 -0.012182459903337217 0.0016469818499422091 0.034532519266524529 -0.025606039600557833 0.012111164830989321 -0.00056094805256992934 0.022608110274716028 0.035928700736466555 0.024706959362843339 -0.0096039680398963389 -0.010942637985436798 0.013978552332179607 0.032371622470030746
leaf_weight=98.471543431282043 56.583714693784714 53.70497265458107 68.100443415343761 6.7461045011878005 3.7740013897419002 25.056533798575401 47.408910974860191 4.8273174911737433 5.1983794569969168 10.870962083339689 49.786310419440269 94.149096369743347 19.448205873370171 4.516706980764865
leaf_count=564 403 288 335 32 20 130 242 25 24 55 257 502 101 22
internal_value=7.34936e-05 -0.00364711 -0.00194377 0.00696692 -0.00420929 -0.00198367 -0.00361232 0.0011154 0.00758147 0.00448956 -0.00640141 -0.0083383 0.00478032 0.00397179
internal_weight=548.643 492.059 393.588 79.3633 314.225 260.52 235.463 118.092 63.4783 58.2799 54.6136 117.371 23.2222 72.6172
internal_count=3000 2597 2033 389 1644 1356 1226 603 321 297 282 623 121 357
cat_boundaries=0 1 2
cat_threshold=16395 1312
is_linear=0
shrinkage=0.03


Tree=50
num_leaves=15
num_cat=1
split_feature=12 19 43 20 41 39 7 25 10 25 14 4 16 24
split_gain=69.6734 6.89238 11.5518 7.56249 4.62983 4.84724 4.48372 4.41647 5.51395 4.19943 4.27654 4.22538 11.6921 8.97088
threshold=101.42146829810883 166.56019309710936 122.50000000000001 -2.5951056729700079 91.243244171142592 1.2922077922077924 0 0.90608542205124143 2148.5626014167306 0.91726499210002455 20.716666666666672 61.350000000000001 205.88333333333335 453.76666666666671
decision_type=2 2 2 2 2 2 1 2 2 2 2 2 2 2
left_child=1 2 4 -4 5 9 7 8 -5 10 -1 12 13 -12
right_child=-2 -3 3 6 -6 -7 -8 -9 -10 -11 11 -13 -14 -15
leaf_value=-0.027144154627553926 0.031649613128537223 -0.031537270628647321 -0.022535175661628885 -0.026995492515349169 -0.027283723861028994 0.0078368226431050677 0.0187409764753095 0.013819214029910321 0.0091769691804603308 0.016334790386982247 0.0084652517566360889 -0.0075297223417688077 0.028384900805660869 -0.0085455217816025782
leaf_weight=7.1636357158422461 55.398915857076645 6.8079749122261992 4.9809784889221183 7.6527494639158267 7.0917602181434622 26.779814705252647 26.320395678281784 9.7553764060139638 6.0571710914373398 7.0844737440347663 38.879588231444359 239.78357690572739 10.245912700891493 92.358008414506912
leaf_count=40 403 50 30 37 39 133 121 46 30 37 194 1302 52 486
internal_value=6.68349e-05 -0.00355398 -0.0030963 0.00976295 -0.00475532 -0.00431343 0.0133744 -0.000585834 -0.0114767 -0.0051538 -0.00558666 -0.00511167 -0.000989504 -0.00348012
internal_weight=546.36 490.961 484.153 54.7667 429.387 422.295 49.7857 23.4653 13.7099 395.515 388.431 381.267 141.484 131.238
internal_count=3000 2597 2547 264 2283 2244 234 113 67 2111 2074 2034 732 680
cat_boundaries=0 1
cat_threshold=7210
is_linear=0
shrinkage=0.03


Tree=51
num_leaves=15
num_cat=0
split_feature=12 19 12 23 23 28 3 3 18 12 4 26 4 28
split_gain=67.0136 7.58473 9.80177 4.37831 8.53443 4.73176 4.52132 8.30153 7.81337 6.69297 11.5957 8.48108 8.71606 8.8095
threshold=119.48565072302547 172.56787144753966 40.980088987763992 8.5200911884314934 7.3683460204005442 59.750000000000007 185.35000000000005 181.35000000000005 2075.5833333333335 -2.6880978865407568 80.950000000000017 44.516666666666673 61.550000000000004 79.350000000000009
decision_type=2 2 2 2 2 10 2 2 2 2 2 2 2 8
left_child=1 2 3 4 5 -1 7 9 -9 11 -11 12 -5 -14
right_child=-2 -3 -4 6 -6 -7 -8 8 -10 10 -12 -13 13 -15
leaf_value=0.02898849020286496 0.032664382451232862 -0.03440279486706891 0.014305291618580145 0.011641517402614043 -0.014927885383712206 -0.0070536323986728081 -0.01396090327171862 0.02994249772129659 0.00057629681896425428 0.00099460035404258518 0.044546029573707534 -0.010591668219948757 0.0026716294844157627 -0.020504604184909767
leaf_weight=5.9518365859985334 50.435844510793686 5.9721962660551062 27.241432189941406 39.655975930392742 62.325590804219246 5.6044166088104248 28.246235191822052 12.697071030735968 20.249856546521187 82.813108086585999 4.89786073565483 136.87122671306133 38.024856016039848 22.9250817745924
leaf_count=30 379 46 134 200 340 30 151 64 105 412 24 751 208 126
internal_value=7.47464e-05 -0.0033154 -0.00286492 -0.00390998 -0.010555 0.0123395 -0.00261538 -0.00168417 0.0124421 -0.00314915 0.00390129 -0.00575864 0.000856081 -0.00623591
internal_weight=543.913 493.477 487.505 460.263 73.8818 11.5563 386.381 358.135 32.9469 325.188 87.711 237.477 100.606 60.9499
internal_count=3000 2621 2575 2441 400 60 2041 1890 169 1721 436 1285 534 334
is_linear=0
shrinkage=0.03


Tree=52
num_leaves=15
num_cat=0
split_feature=12 19 42 20 24 26 4 16 20 41 19 25 12 26
split_gain=64.4489 7.34277 9.4738 7.59528 5.95076 8.79177 4.83623 6.46272 9.03291 5.70217 6.46861 5.66172 5.65588 6.92977
threshold=119.48565072302547 172.56787144753966 16.101969718933109 0.32680756395990712 547.98333333333346 46.550000000000004 61.250000000000007 205.88333333333335 -0.84460511679648609 75.982597351074233 120.11108707283455 0.90767451423442724 -36.303003337041375 44.350000000000009
decision_type=2 2 2 2 2 2 2 2 2 2 2 2 2 2
left_child=1 2 6 4 5 -4 7 9 -9 10 11 -1 -8 -14
right_child=-2 -3 3 -5 -6 -7 12 8 -10 -11 -12 -13 13 -15
leaf_value=-0.034634138169876039 0.03241851766679061 -0.034051983357091614 0.006199136269345892 0.013994149090768732 0.028320907294967446 -0.017155313480397866 -0.016750953670823538 0.034905633688200974 -0.011866078561206358 0.00033345165179624715 0.016698611818292412 -0.0020872296358380488 -0.012102138082358835 -0.00050016751015908537
leaf_weight=12.033815056085592 49.318306446075439 5.8646463155746451 30.263376086950302 46.778348855674267 4.3573172613978377 26.208642542362213 47.706733077764511 8.9457279592752439 5.2908481657505027 102.11803834140301 3.8585220426321021 7.8382550328969947 77.366591364145279 113.5755076110363
leaf_count=65 379 46 157 223 23 143 280 45 27 528 20 41 418 605
internal_value=7.63789e-05 -0.00322341 -0.00278255 0.00503992 -0.00196093 -0.00474956 -0.00501253 -0.000580023 0.0178855 -0.00279346 -0.0157187 -0.0225115 -0.0076011 -0.00523965
internal_weight=541.525 492.206 486.342 107.608 60.8293 56.472 378.734 140.085 14.2366 125.849 23.7306 19.8721 238.649 190.942
internal_count=3000 2621 2575 546 323 300 2029 726 72 654 126 106 1303 1023
is_linear=0
shrinkage=0.03


Tree=53
num_leaves=15
num_cat=1
split_feature=12 19 43 7 12 29 41 39 32 12 41 43 45 25
split_gain=62.004 7.10685 11.3171 6.57873 5.44394 4.66292 4.49321 4.58425 4.19392 4.11074 4.00134 5.94992 4.12589 3.9641
threshold=119.48565072302547 172.56787144753966 122.50000000000001 0 31.517686318131108 18.450000000000003 91.243244171142592 1.2922077922077924 14.500000000000002 -30.564849833148063 84.602996826171889 110.50000000000001 1.7194284200668337 0.90164504972008697
decision_type=2 2 2 1 2 8 2 2 2 2 2 2 2 2
left_child=1 2 6 4 -4 -5 7 8 -1 -7 11 12 -9 -6
right_child=-2 -3 3 5 13 9 -8 10 -10 -11 -12 -13 -14 -15
leaf_value=-0.031768194508934207 0.032178008101177422 -0.033704601803474461 -0.020510579681469781 -0.00050290029163336126 -0.0091243422890760744 -0.0051615753936677632 -0.026790326659905918 0.014862619433851365 -0.0044324261370975648 0.028031039906146606 -0.01051513282508899 0.03152811158523551 -0.019251026795131784 0.02672075623408374
leaf_weight=4.1492260098457328 48.220415212213993 5.7592450603842726 11.144774690270426 9.0177972987294179 4.7937837094068509 3.5155109539628056 6.9558552354574195 6.052096784114843 388.48859061300755 25.813003934919834 7.0614874660968772 8.8235255479812604 4.8286666125059128 4.5603567063808441
leaf_count=23 379 46 58 44 24 20 39 30 2088 122 36 43 24 24
internal_value=7.46376e-05 -0.00313742 -0.00270602 0.00952235 -0.0048695 0.0146566 -0.00441209 -0.0039781 -0.00480127 0.0240133 0.00783534 0.0146019 -0.00062245 0.00924388
internal_weight=539.184 490.964 485.205 58.8452 20.4989 38.3463 426.359 419.404 392.638 29.3285 26.7658 19.7043 10.8808 9.35414
internal_count=3000 2621 2575 292 106 186 2283 2244 2111 142 133 97 54 48
cat_boundaries=0 1
cat_threshold=6240
is_linear=0
shrinkage=0.03


Tree=54
num_leaves=15
num_cat=0
split_feature=12 19 43 20 23 23 28 31 28 29 43 26 30 30
split_gain=59.6648 6.87785 10.6971 7.10366 4.25175 7.00538 4.87888 4.83766 5.82987 5.35903 6.38343 6.31535 5.50763 5.1865
threshold=119.48565072302547 172.56787144753966 122.50000000000001 -2.5951056729700079 7.3683460204005442 8.5200911884314934 59.750000000000007 2.5000000000000004 76.450000000000017 20.250000000000004 107.50000000000001 43.150000000000006 20.050000000000004 25.250000000000004
decision_type=2 2 2 2 2 2 10 10 10 8 2 2 10 10
left_child=1 2 4 -4 6 -6 -1 13 9 10 -9 -11 -12 -7
right_child=-2 -3 3 -5 5 7 -8 8 -10 11 12 -13 -14 -15
leaf_value=0.030147634877084127 0.031942500678946224 -0.033360417377027524 -0.022150922335707722 0.012535227155691137 -0.01423940560978847 -0.0062279545991669192 -0.0077739617531210389 0.039782471511053789 -0.0181026401847935 -0.026130562680349162 -0.009027662611312064 0.0089583288307124639 0.019772443896899781 0.0052393746033017356
leaf_weight=5.8128395825624448 47.142353743314743 5.6559888944029799 4.9720521643757811 53.697981983423233 59.406822636723518 259.61327376961708 4.9329702407121658 6.9314521104097393 7.5312664359807959 6.2579820007085827 9.423570930957796 11.775134369730948 13.421272650361059 40.316486209630966
leaf_count=29 379 46 31 261 329 1392 27 36 40 34 48 62 70 216
internal_value=7.1628e-05 -0.00305504 -0.00263292 0.00927375 -0.00429287 -0.004787 0.0135596 -0.00317087 0.00491521 0.00883774 0.0164599 -0.0039516 0.00801193 -0.00467423
internal_weight=536.891 489.749 484.093 58.67 425.423 414.677 10.7458 355.27 55.3407 47.8094 29.7763 18.0331 22.8448 299.93
internal_count=3000 2621 2575 292 2283 2227 56 1898 290 250 154 96 118 1608
is_linear=0
shrinkage=0.03


Tree=55
num_leaves=15
num_cat=1
split_feature=20 12 42 19 7 37 30 39 20 4 20 22 12 14
split_gain=57.606 6.28748 6.84178 6.4906 5.01147 6.56867 8.25405 6.0622 5.15129 5.00881 7.46762 7.80178 8.3039 5.88191
threshold=8.8575083426028627 40.980088987763992 17.403923034667972 169.58853135869762 0 14.500000000000002 19.150000000000002 1.2471198156682031 -1.4064516129032703 60.850000000000001 -2.5132369299221944 443.91666666666669 9.9284760845382465 21.083333333333339
decision_type=2 2 2 2 1 2 10 2 2 2 2 2 2 2
left_child=1 2 4 -3 5 7 -7 -1 -9 10 -6 -12 -13 -11
right_child=-2 3 -4 -5 9 6 -8 8 -10 13 11 12 -14 -15
leaf_value=-0.0028644511123873989 0.033359847574840555 0.015484979144728782 -0.030237063934902164 -0.018593224488615875 0.017119156878759974 0.048232528429749469 0.0013662180082442766 0.03227931532697103 -0.00022154222810713331 -0.028509782856332631 0.0025313580004054739 -0.021813211756915588 0.019996989392979465 -0.0071924370957212151
leaf_weight=134.8384163826704 42.032682344317436 27.580805718898773 7.6224104091525069 5.2200278341770163 17.017612382769585 4.7772174775600424 8.3039556145668012 7.692801937460902 8.837700277566908 11.695281207561491 57.989659860730171 27.366590484976772 4.226580247282981 169.49285796284676
leaf_count=710 351 143 64 29 92 23 42 39 43 68 293 148 20 935
internal_value=7.05024e-05 -0.00283148 -0.00374238 0.00967203 -0.00323009 0.00102979 0.0206915 -0.000726423 0.0158819 -0.00550449 -0.000524908 -0.00402865 -0.0157779 -0.00871736
internal_weight=534.695 492.662 459.861 32.8008 452.239 164.45 13.0812 151.369 16.5305 287.789 106.6 89.5828 31.5932 181.188
internal_count=3000 2649 2477 172 2413 857 65 792 82 1556 553 461 168 1003
cat_boundaries=0 1
cat_threshold=41892
is_linear=0
shrinkage=0.03


Tree=56
num_leaves=15
num_cat=1
split_feature=20 7 45 20 10 42 43 22 28 20 16 3 23 16
split_gain=55.5156 6.0432 8.17959 7.35053 6.69765 9.29578 5.66252 5.14912 5.54055 11.9135 7.92743 6.6836 5.54599 6.38287
threshold=8.8575083426028627 0 1.6689568161964419 0.99432703003332568 2787.9400314721183 16.494048118591312 125.50000000000001 502.21666666666675 68.65000000000002 -1.8615127919911485 204.1166666666667 164.85000000000005 9.8092145027452169 204.78333333333339
decision_type=2 1 2 2 2 2 2 2 10 2 2 2 2 2
left_child=1 2 -1 7 5 6 -3 8 10 -10 -4 -12 13 -13
right_child=-2 4 3 -5 -6 -7 -8 -9 9 -11 11 12 -14 -15
leaf_value=-0.016664347709735208 0.033168192857315933 -0.0061396314812937362 -0.016098409896115266 0.025871537916069064 -0.029944402600546656 0.010369832310158675 0.017106698752410946 0.03116436369520038 0.039077931348215786 -0.0040613034249577162 -0.020043744484124503 0.048132347170353557 -0.0028948213229567708 0.0057195726367850206
leaf_weight=14.431202590465544 41.028255097568035 329.91684943437576 25.113985039293766 14.42947732657194 8.1658770143985731 35.950123764574528 8.7662596851587278 4.5213142037391654 8.5642658844590205 14.074524462223051 5.639926046133044 5.4989432543516177 9.5707574486732465 6.8882449567317963
leaf_count=77 351 1795 136 72 58 186 39 23 47 71 31 28 50 36
internal_value=7.22261e-05 -0.00275203 0.00334474 0.00690048 -0.00445897 -0.00394393 -0.00548935 0.00319569 0.00113127 0.013221 -0.00421055 0.00679202 0.0142576 0.0267365
internal_weight=532.56 491.532 108.733 94.3014 382.799 374.633 338.683 79.872 75.3506 22.6388 52.7119 27.5979 21.9579 12.3872
internal_count=3000 2649 571 494 2078 2020 1834 422 399 118 281 145 114 64
cat_boundaries=0 1
cat_threshold=9092
is_linear=0
shrinkage=0.03


Tree=57
num_leaves=15
num_cat=1
split_feature=20 12 43 41 42 12 4 4 15 6 2 42 28 11
split_gain=53.5001 5.82231 8.23682 8.53116 6.66639 6.48112 5.64848 7.57369 8.27459 5.39289 7.71151 5.28803 4.89872 4.79624
threshold=8.8575083426028627 -36.303003337041375 119.50000000000001 89.493083953857436 17.522489547729496 101.42146829810883 69.050000000000011 58.150000000000013 13.383333333333335 1.5000000000000002 0 15.748600006103517 59.850000000000001 251961.50000000003
decision_type=2 2 2 2 2 2 2 2 2 2 1 2 8 2
left_child=1 9 -3 4 -4 -6 7 -5 -9 10 -1 12 -11 -10
right_child=-2 2 3 6 5 -7 -8 8 13 11 -12 -13 -14 -15
leaf_value=-0.011126178226296982 0.032981639851347118 -0.0033349129207302687 0.023269091909680368 -0.012998935867209252 -0.012254825242339548 0.025582178848205978 -0.018875005095603383 0.04935584323306022 -0.015608927472499324 0.012202088644737694 0.037853933589605732 -0.020090736832420238 -0.010033893200079684 0.023615272946091496
leaf_weight=5.8428754508495313 40.043064512312412 308.94882695376873 31.491984084248543 10.977764293551447 11.64661303907633 5.0108954459428778 12.912805154919623 4.2583923190832129 5.2891142517328245 10.639833480119703 4.1470885574817657 37.115586832165718 38.049666419625282 4.0738594904541969
leaf_count=34 351 1644 152 57 65 34 65 20 27 57 23 228 222 21
internal_value=7.69416e-05 -0.00267148 -0.00105134 0.00712812 0.0153582 -6.85391e-05 -0.00356035 0.00490206 0.0192312 -0.00926553 0.010801 -0.0116993 -0.00502702 0.00208958
internal_weight=530.448 490.405 394.61 85.6614 48.1495 16.6575 37.5119 24.5991 13.6214 95.7951 9.98996 85.8051 48.6895 9.36297
internal_count=3000 2649 2085 441 251 99 190 125 68 564 57 507 279 48
cat_boundaries=0 1
cat_threshold=1
is_linear=0
shrinkage=0.03


Tree=58
num_leaves=15
num_cat=1
split_feature=20 7 45 20 19 20 4 36 26 4 3 16 33 32
split_gain=51.568 5.70483 7.78725 6.81126 6.48509 7.32821 5.68023 8.78713 11.5604 6.41634 4.92502 5.91215 5.69631 4.73346
threshold=8.8575083426028627 0 1.6689568161964419 0.99432703003332568 169.58853135869762 3.9923248053392153 54.050000000000004 3.5000000000000004 46.483333333333341 52.050000000000004 164.85000000000005 203.91666666666671 30.500000000000004 19.500000000000004
decision_type=2 1 2 2 2 2 2 2 2 2 2 2 2 2
left_child=1 2 13 10 5 6 7 9 -9 -3 -4 -12 -13 -1
right_child=-2 4 3 -5 -6 -7 -8 8 -10 -11 11 12 -14 -15
leaf_value=-0.029229226110253331 0.032799890832744233 -0.017045831616298752 -0.01131331302493368 0.025102153144102208 -0.031225521243928429 0.016591671602352236 -0.0062195301641474153 0.031978781740590358 -0.006183127758203821 0.01483861437226811 -0.0045054064083997663 0.020254770072032663 -0.0058307237401045075 0.0045617250715534437
leaf_weight=8.5721879899501783 39.077146083116531 18.828472614288334 15.785134114325045 14.36519020795822 6.9445190578699103 14.278990566730497 306.03099216520786 15.682416409254076 12.010327383875845 7.0837065428495398 24.579379722476006 29.955802246928215 9.4552983641624433 5.7224119007587424
leaf_count=47 351 100 86 72 53 80 1672 75 63 35 131 156 49 30
internal_value=8.09337e-05 -0.00259371 0.00332797 0.00679623 -0.00425959 -0.00379043 -0.00464344 0.00430359 0.0157893 -0.00810197 0.00322993 0.00693633 0.0140071 -0.0162882
internal_weight=528.372 489.295 108.435 94.1408 380.859 373.915 359.636 53.6049 27.6927 25.9122 79.7756 63.9905 39.4111 14.2946
internal_count=3000 2649 571 494 2078 2025 1945 273 138 135 422 336 205 77
cat_boundaries=0 1
cat_threshold=9092
is_linear=0
shrinkage=0.03


Tree=59
num_leaves=15
num_cat=1
split_feature=12 19 43 7 28 26 41 39 32 25 38 41 30 19
split_gain=49.6098 6.16169 8.80501 6.17904 5.38377 4.51154 4.31528 4.26415 4.14419 3.87759 4.86975 5.85942 6.18865 11.5393
threshold=119.48565072302547 172.56787144753966 122.50000000000001 0 65.350000000000009 52.716666666666676 91.243244171142592 1.2922077922077924 14.500000000000002 0.91726499210002455 2.5000000000000004 89.930522918701186 25.250000000000004 114.74880107178215
decision_type=2 2 2 1 10 2 2 2 2 2 2 2 10 2
left_child=1 2 6 4 -4 -5 7 8 -1 10 -10 12 -12 -14
right_child=-2 -3 3 5 -6 -7 -8 -9 9 -11 11 -13 13 -15
leaf_value=-0.031245160246067636 0.030901706097141084 -0.032205852199157163 -0.01701135485999428 0.021127185961096917 0.015487408761626626 -0.0081779322850491932 -0.026010034730231859 0.0080499546149924456 0.0015968077142309656 0.016899469372756788 -0.0087164273619226833 0.022285419127075681 -0.0058905876746148632 0.029022341314375193
leaf_weight=4.0378338098525992 42.162704572081566 5.2766044065356246 14.430366948246958 32.851562142372131 5.6346096098422995 4.953310787677764 6.73792441189289 26.652722269296646 95.976044803857803 7.0199570953845969 234.7047833353281 5.4019927978515616 29.731774613261223 10.811706334352492
leaf_count=23 379 46 76 160 30 26 39 133 522 37 1278 29 164 58
internal_value=8.09298e-05 -0.00266089 -0.00226896 0.00860821 -0.00514208 0.0136565 -0.00378071 -0.00335746 -0.0041604 -0.00379484 -0.0042243 -0.00621358 -0.00685155 0.00389412
internal_weight=526.384 484.221 478.945 57.8698 20.065 37.8049 421.075 414.337 387.684 383.646 376.626 280.65 275.248 40.5435
internal_count=3000 2621 2575 292 106 186 2283 2244 2111 2088 2051 1529 1500 222
cat_boundaries=0 1
cat_threshold=6240
is_linear=0
shrinkage=0.03


Tree=60
num_leaves=15
num_cat=1
split_feature=20 42 19 20 30 44 3 23 3 26 7 45 23 23
split_gain=48.0745 5.47098 7.89251 5.99733 7.15467 9.544 8.70371 5.86423 5.66023 5.50036 4.5738 5.50652 5.90848 5.74427
threshold=8.8575083426028627 16.092265129089359 169.58853135869762 0.32680756395990712 25.250000000000004 2.3134974241256718 177.35000000000005 12.021173642682767 185.25000000000003 43.683333333333344 0 1.7613199949264529 8.5200911884314934 7.3683460204005442
decision_type=2 2 2 2 10 2 2 2 2 2 1 2 2 2
left_child=1 10 3 4 6 -6 9 -4 -8 -3 -1 12 13 -12
right_child=-2 2 7 -5 5 -7 8 -9 -10 -11 11 -13 -14 -15
leaf_value=0.0034422505245198711 0.032462913488492534 0.0052264031076110192 0.00684010251530152 0.013391523839404871 0.044108224576264031 -0.010999446645183182 0.020446763436712694 -0.040657397421611334 -0.014313348067030988 -0.021722276969908597 0.0073709862467350026 -0.014713676837415968 -0.0019455974119750011 -0.019344225036065331
leaf_weight=55.758160308003426 37.26039095968008 8.9152826592326146 3.3736069500446302 46.905146986246109 5.6375722438096982 4.3585547208786011 13.532418936491014 5.1339798495173454 5.1185115948319426 23.965746782720089 8.5307628810405713 50.446266889572144 221.06349904835224 34.466835200786591
leaf_count=292 351 48 24 234 28 23 70 42 28 135 45 277 1206 197
internal_value=7.9844e-05 -0.00245816 0.00317914 0.00543186 -0.000753208 0.0212648 -0.00534774 -0.0230843 0.0106644 -0.0144769 -0.00424235 -0.00554469 -0.00395333 -0.0139968
internal_weight=524.467 487.206 116.941 108.433 61.5281 9.99613 51.532 8.50759 18.6509 32.881 370.266 314.507 264.061 42.9976
internal_count=3000 2649 632 566 332 51 281 66 98 183 2017 1725 1448 242
cat_boundaries=0 1
cat_threshold=388
is_linear=0
shrinkage=0.03


Tree=61
num_leaves=15
num_cat=1
split_feature=20 12 43 41 15 26 19 39 22 7 45 41 44 24
split_gain=46.3681 5.34715 7.22602 7.70028 9.36989 7.44472 7.52084 6.98373 6.97423 6.37548 7.18389 9.77393 6.09495 5.98488
threshold=8.8575083426028627 -36.303003337041375 117.50000000000001 86.753833770751967 13.350000000000003 45.183333333333344 114.63487262408754 1.11456176673568 491.68333333333339 0 1.7407512664794924 80.94278717041017 2.2308247089385991 492.61666666666673
decision_type=2 2 2 2 2 2 2 2 2 1 2 2 2 2
left_child=1 -1 9 -4 7 6 12 13 -7 -3 -11 -12 -6 -5
right_child=-2 2 3 4 5 8 -8 -9 -10 10 11 -13 -14 -15
leaf_value=-0.0087522916639506745 0.032293663721275977 -0.010278584284029651 0.015690061288549089 0.010289150312236171 0.016403723787436361 -0.020994824103085393 0.02696415019130884 -0.014027040054903387 0.018479041481012537 -0.0047682360322297054 0.015040561111614531 -0.0064222079682433857 -0.022875588105152955 0.05245571768551309
leaf_weight=94.570561036467552 36.350989490747452 73.733492165803909 41.410208351910114 7.7389766275882739 4.9936403632164019 27.756503090262417 8.6088537126779539 3.8474150449037543 3.8939257040619841 128.4207711815834 47.850112229585648 30.611007839441299 7.9560204595327377 4.7580993175506592
leaf_count=564 351 407 217 39 24 148 45 20 20 696 245 161 40 23
internal_value=8.02899e-05 -0.00238976 -0.000834754 0.00561451 -0.000521552 -0.00665507 0.0067619 0.0186784 -0.0157212 -0.00339587 -0.000391901 0.00669158 -0.00763862 0.0290405
internal_weight=522.501 486.15 391.579 110.964 69.5534 53.2089 21.5585 16.3445 31.6504 280.615 206.882 78.4611 12.9497 12.4971
internal_count=3000 2649 2085 576 359 277 109 82 168 1509 1102 406 64 62
cat_boundaries=0 1
cat_threshold=18507
is_linear=0
shrinkage=0.03


Tree=62
num_leaves=15
num_cat=1
split_feature=20 12 43 41 15 42 39 7 42 1 43 24 43 25
split_gain=44.7359 5.06301 6.85892 7.23309 8.83831 6.63546 6.57154 6.08764 7.76233 6.93604 5.6701 5.53368 5.31841 5.21409
threshold=8.8575083426028627 -36.303003337041375 117.50000000000001 86.753833770751967 13.350000000000003 17.522489547729496 1.11456176673568 0 15.831498146057131 18.500000000000004 120.50000000000001 492.61666666666673 115.50000000000001 0.90164504972008697
decision_type=2 2 2 2 2 2 2 1 2 2 2 2 2 2
left_child=1 -1 7 5 6 10 11 9 13 -3 -4 -5 -10 -9
right_child=-2 2 3 4 -6 -7 -8 8 12 -11 -12 -13 -14 -15
leaf_value=-0.0085342056275887531 0.032128194635641108 0.01045278376036248 0.008327523297402736 0.0099770319430501197 -0.0064694951956501007 -0.0023608207152448126 -0.013765804142519534 -0.015130110899277906 0.012013484563041143 -0.015152744930659181 0.035580280832745899 0.050316808094700759 -0.011548491060184862 -0.0012496112650280994
leaf_weight=94.110266596078873 35.460670277476311 10.460053265094755 13.654188334941866 7.7724140733480471 53.021081387996674 13.077264390885828 3.8221779167652121 30.039977923035622 53.198728159070015 62.886324822902679 14.658460170030592 4.8525722026824951 9.4277982115745527 114.12727630138397
leaf_count=564 351 57 67 39 277 79 20 166 270 350 71 23 49 617
internal_value=7.80635e-05 -0.00232602 -0.000813803 0.00547181 -0.000480569 0.0152379 0.0180903 -0.00331179 -0.000380233 -0.0100569 0.0231697 0.0280371 0.00834071 -0.00422618
internal_weight=520.569 485.109 390.998 110.858 69.4682 41.3899 16.4472 280.14 206.794 73.3464 28.3126 12.625 62.6265 144.167
internal_count=3000 2649 2085 576 359 217 82 1509 1102 407 138 62 319 783
cat_boundaries=0 1
cat_threshold=18507
is_linear=0
shrinkage=0.03


Tree=63
num_leaves=15
num_cat=1
split_feature=20 12 43 41 28 4 16 19 25 42 43 12 6 2
split_gain=43.1528 4.802 6.49908 6.83682 7.80361 7.12973 7.19128 6.77526 7.25658 6.30026 5.4837 5.21983 5.13773 7.26864
threshold=8.8575083426028627 -36.303003337041375 117.50000000000001 86.753833770751967 57.750000000000007 63.650000000000013 205.01666666666668 115.73402175502638 0.90277684741589803 17.522489547729496 120.50000000000001 -34.449721913237134 1.5000000000000002 0
decision_type=2 2 2 2 8 2 2 2 2 2 2 2 2 1
left_child=1 12 11 9 -5 -6 7 -7 -9 10 -4 -3 13 -1
right_child=-2 2 3 4 5 6 -8 8 -10 -11 -12 -13 -14 -15
leaf_value=-0.010398676529483269 0.031966283439586782 0.02062276802001245 0.0080699673712083982 -0.021554189526008967 0.017246087191487319 -0.022594531692142678 0.026730767317770791 -0.017629513209881795 0.022144090475184789 -0.0022938627857636246 0.034885018336186603 -0.0039114859333304157 -0.010744754177473196 0.037328472544023591
leaf_weight=5.7236685529351217 34.589311614632607 7.0520568490028372 13.698496252298357 11.912997409701346 21.996507920324802 15.948208078742029 4.8106127530336371 6.406447894871234 8.4013530686497671 13.084303326904772 14.52406085282564 272.56642110645771 83.765894740819931 4.1717251315712929
leaf_count=34 351 38 67 63 110 83 24 35 44 79 71 1471 507 23
internal_value=8.10994e-05 -0.0022585 -0.000786561 0.00533296 -0.000450248 0.0042108 -0.00410217 -0.0096147 0.00490975 0.0148408 0.0225912 -0.00322144 -0.00832075 0.0113016
internal_weight=518.652 484.063 390.401 110.783 69.4761 57.5631 35.5666 30.756 14.8078 41.3069 28.2226 279.618 93.6613 9.89539
internal_count=3000 2649 2085 576 359 296 186 162 79 217 138 1509 564 57
cat_boundaries=0 1
cat_threshold=1
is_linear=0
shrinkage=0.03


Tree=64
num_leaves=15
num_cat=2
split_feature=44 43 7 30 32 39 23 16 38 10 3 3 7 45
split_gain=36.4729 6.14858 5.44813 5.37597 4.00331 4.23291 5.30215 4.55951 4.54267 5.2282 4.17135 7.86201 7.11288 7.37132
threshold=2.5919419527053837 122.50000000000001 0 22.550000000000004 14.500000000000002 1.2471198156682031 9.7779072155256603 203.18333333333337 3.5000000000000004 1863.2943548580836 185.35000000000005 178.45000000000002 1 1.6969273090362551
decision_type=2 2 1 10 2 2 2 2 2 2 2 2 1 2
left_child=1 4 3 -3 -1 10 8 -8 9 -7 11 -6 -13 -14
right_child=-2 2 -4 -5 5 6 7 -9 -10 -11 -12 12 13 -15
leaf_value=-0.027543712493547305 0.031616977309874179 -0.017034384475721462 0.010665093016450871 0.013878494085169266 -0.005216965036730593 0.038860258397941064 0.01929835279799615 -0.012528975406268418 -0.0011431512362749491 -0.0020083112376067897 -0.015193387706923604 -0.0068351385531785153 -0.0037408212528303405 0.022563812627068806
leaf_weight=5.0572185218334189 30.040214791893959 15.73227781057358 47.668135702610016 6.389142431318759 280.01567503809929 8.6867915391922015 4.421918228268626 15.370790421962736 8.115412309765814 3.8390258550643912 26.546575531363487 21.571418702602386 13.574259415268896 29.68853622674942
leaf_count=29 310 92 273 42 1550 42 21 81 41 20 149 118 76 156
internal_value=8.56259e-05 -0.00192149 0.0062612 -0.00550924 -0.00330303 -0.00293936 0.00617411 -0.00483223 0.0164636 0.0271121 -0.00394546 -0.00303816 0.00630828 0.0117563
internal_weight=516.717 486.677 69.7896 22.1214 416.888 411.83 40.4339 19.7927 20.6412 12.5258 371.396 344.85 64.8342 43.2628
internal_count=3000 2690 407 134 2283 2254 205 102 103 62 2049 1900 350 232
cat_boundaries=0 1 2
cat_threshold=6176 16679
is_linear=0
shrinkage=0.03


Tree=65
num_leaves=15
num_cat=0
split_feature=20 19 43 42 44 20 41 31 28 4 28 41 26 29
split_gain=40.3654 4.46776 8.9731 5.40154 5.19765 7.25212 4.69255 4.01482 6.29409 4.9832 6.42437 9.26432 6.21252 8.70181
threshold=8.8575083426028627 169.58853135869762 125.50000000000001 16.494048118591312 2.315789103507996 1.9379310344827125 81.236099243164077 2.5000000000000004 76.450000000000017 54.050000000000004 76.250000000000014 86.168060302734389 41.95000000000001 20.550000000000004
decision_type=2 2 2 2 2 2 2 10 10 2 10 2 2 8
left_child=1 2 3 7 -4 -6 -5 9 -9 12 -11 -12 -1 -14
right_child=-2 -3 4 6 5 -7 -8 8 -10 10 11 -13 13 -15
leaf_value=0.018778017909092098 0.031675237034417048 -0.022617120622852271 0.023721773558654763 0.027552301447026122 -0.025035149932008869 0.011821557854449074 -0.0040100246134553916 0.0065493289645564166 -0.019828789333679528 -0.0078746472490544041 -0.0021437054822039214 0.036827730801790859 -0.02728066526507807 0.0055705277945802068
leaf_weight=15.710559979081152 33.015964210033417 8.4058513864874822 17.128414623439312 8.557185083627699 5.564397074282172 16.965763799846172 7.2166550830006591 59.159187972545624 8.4325958937406522 269.62800197303295 24.525784209370617 6.0376518070697776 8.9573652446269971 25.89990097284317
leaf_count=77 351 66 82 39 35 94 35 317 46 1505 135 32 48 138
internal_value=8.81535e-05 -0.00213572 -0.00172547 -0.00298146 0.0117584 0.00204175 0.0137341 -0.00364296 0.00301735 -0.00493134 -0.00639673 0.00647778 0.00372314 -0.00339671
internal_weight=515.205 482.189 473.783 434.125 39.6586 22.5302 15.7738 418.351 67.5918 350.759 300.191 30.5634 50.5678 34.8573
internal_count=3000 2649 2583 2372 211 129 74 2298 363 1935 1672 167 263 186
is_linear=0
shrinkage=0.03


Tree=66
num_leaves=15
num_cat=1
split_feature=20 7 37 46 30 19 42 12 20 20 39 20 24 3
split_gain=38.9558 4.9402 5.40002 6.47343 5.49914 5.15944 7.30524 4.20481 7.5986 6.65376 8.36625 6.37603 6.19847 6.04027
threshold=8.8575083426028627 0 14.500000000000002 372.38636779785162 19.150000000000002 169.58853135869762 16.611585617065433 -35.81490545050071 -1.4064516129032703 -1.48743047830929 1.2149234693877553 -0.72491657397113218 477.86666666666673 176.65000000000001
decision_type=2 1 2 2 10 2 2 2 2 2 2 2 2 2
left_child=1 2 3 7 -4 6 -3 12 9 10 -9 13 -1 -10
right_child=-2 5 4 -5 -6 -7 -8 8 11 -11 -12 -13 -14 -15
leaf_value=0.0026725050877757723 0.031522268169051453 -0.0052045297915244652 0.039863243040266887 0.032485640496318212 0.0030866536503892446 -0.030257621239072982 0.011978701997521444 -0.00071055911622943703 -0.023907297375335812 0.047504151647296565 0.041132503947280234 0.0025888451590570642 -0.023213211486883777 0.0054673104101809842
leaf_weight=16.396349430084232 32.198112614452839 276.2269743680954 5.5538422241806975 4.4730517938733092 8.7048727273941022 5.8304892107844344 23.270699702203274 19.572472348809249 18.028204545378689 3.8620963096618643 4.4998821914196006 70.238607436418533 15.535152673721312 8.9410654306411725
leaf_count=95 351 1536 28 25 45 47 127 104 97 20 22 362 94 47
internal_value=8.90606e-05 -0.00207551 0.001917 0.000411529 0.019085 -0.00429547 -0.00383399 -0.000701588 0.00179511 0.0152958 0.00843981 -0.0022008 -0.0102438 -0.0143215
internal_weight=513.332 481.134 175.806 161.547 14.2587 305.328 299.498 157.074 125.142 27.9345 24.0724 97.2079 31.9315 26.9693
internal_count=3000 2649 939 866 73 1710 1663 841 652 146 126 506 189 144
cat_boundaries=0 1
cat_threshold=41892
is_linear=0
shrinkage=0.03


Tree=67
num_leaves=15
num_cat=0
split_feature=20 12 43 41 44 42 20 30 38 30 6 14 39 22
split_gain=37.5878 4.32092 5.6034 6.24296 7.57948 6.05551 5.9864 5.62036 5.1157 7.48731 7.39793 5.66884 5.50974 5.10745
threshold=8.8575083426028627 -36.303003337041375 117.50000000000001 86.753833770751967 2.2123186588287358 17.522489547729496 -0.28008898776422803 24.050000000000004 4.5000000000000009 24.450000000000003 1.5000000000000002 23.183333333333337 1.108550947260625 432.01666666666671
decision_type=2 2 2 2 2 2 2 8 2 10 2 2 2 2
left_child=1 8 -3 5 6 -4 -5 -8 10 -10 -1 12 -12 -14
right_child=-2 2 3 4 -6 -7 7 -9 9 -11 11 -13 13 -15
leaf_value=0.023129478401127335 0.031372062744644477 -0.0028827136540770983 0.021864116928509349 0.022988086832972886 -0.0078617576276173683 -0.0026044336153670132 -0.028829035808192977 0.014404619489243283 -0.026308228530630369 0.017810433513279059 -0.0085892335456042562 -0.026352671364319659 0.030830569478626283 -0.0043058731928686178
leaf_weight=7.3112346082925788 31.39857916533947 277.73520462214947 27.936765216290951 15.995269671082498 44.180012345314026 12.994548976421354 4.1919156014919254 4.7493062019348153 20.33078616112471 3.4035999476909629 37.753788940608501 10.222139135003088 6.2978508323430997 7.1662156581878662
leaf_count=42 351 1509 138 80 235 79 21 23 127 20 228 70 34 43
internal_value=9.45708e-05 -0.0020112 -0.000613843 0.00508666 -0.000447354 0.0142192 0.0124854 -0.00672567 -0.00780093 -0.0195172 -0.00353442 -0.00702698 -0.00273912 0.0131245
internal_weight=511.667 480.269 387.783 110.048 69.1165 40.9313 24.9365 8.94122 92.4856 23.7344 68.7512 61.44 51.2179 13.4641
internal_count=3000 2649 2085 576 359 217 124 44 564 147 417 375 305 77
is_linear=0
shrinkage=0.03


Tree=68
num_leaves=15
num_cat=0
split_feature=20 42 19 10 46 42 37 1 19 18 28 4 16 42
split_gain=36.2828 4.14367 6.74876 5.35231 6.77445 6.02436 4.31169 5.12211 6.00837 4.99286 4.82938 4.16758 6.09698 8.48255
threshold=8.8575083426028627 16.092265129089359 169.58853135869762 2298.1484028228447 319.66502380371099 16.132440567016605 14.500000000000002 20.500000000000004 98.519617001675982 2028.2666666666669 55.550000000000004 61.250000000000007 205.88333333333335 14.754106044769289
decision_type=2 2 2 2 2 2 2 2 2 2 10 2 2 2
left_child=1 11 3 4 5 -3 7 10 9 -9 -7 12 -1 -14
right_child=-2 2 -4 -5 -6 6 -8 8 -10 -11 -12 -13 13 -15
leaf_value=-0.0015748933423988672 0.031224440404799301 0.027489678611615151 -0.021580392212122369 0.019142906607144673 -0.021043967174920436 -0.024179128337057536 0.022936321413670146 0.0080643252518787824 0.013736966860933453 -0.032993975967572343 0.00056646208359866293 -0.0059876040025634812 -0.015040312910059242 0.032719173048857193
leaf_weight=122.14802089333534 30.617156088352203 8.3228116780519468 8.2926023527979833 18.889316104352474 9.2966851443052274 11.588335089385511 6.7358841076493254 4.5889001786708814 26.653022453188896 4.4652979671955109 16.172467619180679 228.26273567974567 4.124588891863822 9.9402046203613263
leaf_count=652 351 43 66 108 49 63 35 23 137 24 84 1293 22 50
internal_value=9.51474e-05 -0.00195346 0.00299298 0.00508519 0.00188014 0.00482459 0.00178927 -0.000776043 0.00666401 -0.0134522 -0.0102448 -0.00351816 0.000633571 0.0186447
internal_weight=510.098 479.481 115.005 106.713 87.8234 78.5267 70.2039 63.468 35.7072 9.0542 27.7608 364.476 136.213 14.0648
internal_count=3000 2649 632 566 458 409 366 331 184 47 147 2017 724 72
is_linear=0
shrinkage=0.03


Tree=69
num_leaves=15
num_cat=1
split_feature=12 10 43 44 12 42 7 4 20 38 38 30 15 12
split_gain=35.0308 5.42167 5.9036 5.24475 7.13294 4.74547 4.60354 5.99375 9.5582 7.93577 8.30708 7.50546 6.13392 5.65824
threshold=119.48565072302547 2787.9400314721183 125.50000000000001 2.315789103507996 23.694994438264612 16.494048118591312 0 60.350000000000001 -2.5132369299221944 4.5000000000000009 2.5000000000000004 19.550000000000004 14.050000000000002 -28.639043381535163
decision_type=2 2 2 2 2 2 1 2 2 2 2 10 2 2
left_child=1 2 5 -4 -5 6 -1 8 9 10 -8 -9 -13 -10
right_child=-2 -3 3 4 -6 -7 7 11 13 -11 -12 12 -14 -15
leaf_value=0.0013996985590049688 0.02913502676748184 -0.026191256139396664 0.022046967280036536 -0.026843788238780825 0.010142372894331734 0.013088473479739684 -0.0052187083917947033 -0.016613507458198756 -0.022121799679466481 -0.013358833538645554 0.046202150781213487 -0.0054709116451737037 0.027269728272091592 -0.00039975522421506276
leaf_weight=134.15568472445011 33.83306822180748 7.2199387550353995 16.104922451078892 5.5275762379169491 15.696288183331488 15.71280514448881 3.7027551382780102 66.852124735713005 11.803867951035498 4.0956204384565345 8.8497092425823194 111.61199201643467 4.4130786210298529 68.951363086700439
leaf_count=714 379 57 76 37 85 74 21 392 67 24 48 641 23 362
internal_value=9.46654e-05 -0.00203202 -0.00160378 0.00968533 -0.000264801 -0.00260366 -0.00322868 -0.00530239 0.000520875 0.0205384 0.0317681 -0.00867829 -0.00400322 -0.00380658
internal_weight=508.531 474.698 467.478 37.3288 21.2239 430.149 414.436 280.281 97.4033 16.6481 12.5525 182.877 116.025 80.7552
internal_count=3000 2621 2564 198 122 2366 2292 1578 522 93 69 1056 664 429
cat_boundaries=0 1
cat_threshold=9124
is_linear=0
shrinkage=0.03


Tree=70
num_leaves=15
num_cat=0
split_feature=12 19 43 44 12 42 41 32 31 4 4 26 29 18
split_gain=33.744 5.23241 5.64527 6.32399 5.94111 4.52333 4.36824 4.05566 3.78046 5.94866 4.53496 6.27102 8.42913 6.08096
threshold=119.48565072302547 172.56787144753966 125.50000000000001 2.315789103507996 23.694994438264612 16.494048118591312 81.236099243164077 14.500000000000002 2.5000000000000004 76.550000000000011 54.050000000000004 41.95000000000001 20.550000000000004 2115.4333333333338
decision_type=2 2 2 2 2 2 2 2 10 2 2 2 8 2
left_child=1 2 5 -4 -5 7 -7 -1 10 -10 11 -9 -13 -14
right_child=-2 -3 3 4 -6 6 -8 8 9 -11 -12 12 13 -15
leaf_value=-0.027462678966370214 0.028938477711619299 -0.030340968210450577 0.022434336340954868 -0.026376935993355565 0.0075753088728610475 0.026084076287586001 -0.0043324044995023559 0.01943048807252655 0.0070594409077416693 -0.018968699589668667 -0.0055455993452171613 -0.026754417270508785 -0.0064515330811229111 0.022086183309696937
leaf_weight=5.1342362910509101 33.059483006596565 4.784492924809455 16.892076045274734 5.3430534526705769 16.289949126541615 8.5165533870458585 7.231466017663478 15.440776646137236 58.483557149767876 8.1391870081424695 292.9624470770359 8.7927912175655347 15.017775267362596 10.695979207754133
leaf_count=30 379 46 80 35 88 39 35 75 314 45 1649 48 81 56
internal_value=9.47018e-05 -0.00197492 -0.00162156 0.00923624 -0.00160534 -0.00261256 0.0126922 -0.00322293 -0.00285289 0.00364614 -0.00412249 0.00416964 -0.00301409 0.00580152
internal_weight=506.784 473.724 468.94 38.5251 21.633 430.415 15.748 414.667 409.533 66.6227 342.91 49.9473 34.5065 25.7138
internal_count=3000 2621 2575 203 123 2372 74 2298 2268 359 1909 260 185 137
is_linear=0
shrinkage=0.03


Tree=71
num_leaves=15
num_cat=1
split_feature=20 7 45 10 4 18 14 24 30 20 15 42 28 23
split_gain=32.8294 4.51988 7.10994 5.61446 5.59511 7.11056 7.10737 5.97752 6.62737 5.53517 5.57277 8.98904 7.85402 8.06143
threshold=8.8575083426028627 0 1.6689568161964419 2787.9400314721183 54.050000000000004 2054.0166666666669 22.183333333333337 494.06666666666672 22.050000000000004 0.99432703003332568 13.283333333333337 15.614157676696779 68.65000000000002 10.890705721289351
decision_type=2 1 2 2 2 2 2 2 8 2 2 2 8 2
left_child=1 2 -1 4 5 6 -3 -7 -9 10 11 -4 -12 -14
right_child=-2 3 9 -5 -6 7 -8 8 -10 -11 12 -13 13 -15
leaf_value=-0.015505807933037663 0.030816459127979937 0.010804257806082891 0.0053213045014475178 -0.027646396221795645 -0.0044300280957049578 0.019832225751181976 -0.028552961224662859 -0.021594575344769561 0.019901714336905785 0.023597884441869388 -0.01607102479024938 0.04789609104574636 0.014286604658560112 -0.021582711302851519
leaf_weight=13.942366823554037 28.478390954434872 6.729141265153884 20.781346634030346 7.4272591397166243 307.18396484851837 27.932542964816093 8.2314688637852651 7.4113190621137592 4.9248594194650659 13.891042836010454 20.591123566031456 4.7992510050535193 26.579656228423119 6.1487772166728965
leaf_count=77 351 35 111 58 1733 141 44 41 26 72 113 24 138 36
internal_value=9.14444e-05 -0.00180526 0.00344939 -0.00333014 -0.00284874 0.00586873 -0.0112827 0.0123598 -0.00477828 0.00680023 0.00358453 0.0148103 -0.00197464 0.00710764
internal_weight=505.053 476.574 106.734 369.841 362.413 55.2293 14.9606 40.2687 12.3362 92.7912 78.9002 25.5806 53.3196 32.7284
internal_count=3000 2649 571 2078 2020 287 79 208 67 494 422 135 287 174
cat_boundaries=0 1
cat_threshold=9092
is_linear=0
shrinkage=0.03


Tree=72
num_leaves=15
num_cat=1
split_feature=20 7 46 12 19 42 3 42 32 44 3 30 38 3
split_gain=31.7034 4.29421 4.74188 4.88063 4.60351 6.16259 4.54587 6.43362 5.03317 7.34498 4.88655 4.27912 3.98302 6.13483
threshold=8.8575083426028627 0 372.38636779785162 -41.752614015573059 169.58853135869762 16.611585617065433 157.65000000000001 16.101969718933109 19.500000000000004 2.3204385042190556 160.75000000000003 25.650000000000002 3.5000000000000004 177.95000000000002
decision_type=2 1 2 2 2 2 2 2 2 2 2 8 2 2
left_child=1 2 3 -1 5 -3 -5 10 11 -10 -8 -9 13 -12
right_child=-2 4 -4 6 -6 -7 7 8 9 -11 12 -13 -14 -15
leaf_value=-0.01128236240195356 0.030677180960281956 -0.0046737162154632536 0.029115390347815909 -0.019105098160869097 -0.028905165452325094 0.011228042376707239 0.023531856795674905 -0.0058290477815595718 0.045949862543267196 -0.0026039920249367105 -0.0019346018984158085 0.020014543172850795 -0.006914733726510078 0.020617993845823485
leaf_weight=23.354893378913403 27.764784343540668 272.90104304254055 4.6505516543984404 6.8150156512856475 5.5387348830699912 22.897396095097065 6.8830464184284201 11.484136834740641 7.8302156627178174 3.9582188054919243 35.165740132331848 9.9273815006017667 49.937887504696846 14.608540445566176
leaf_count=140 351 1536 26 36 47 127 36 61 37 23 186 52 268 74
internal_value=9.1018e-05 -0.00175381 0.00196284 0.00116875 -0.00384462 -0.0034091 0.0032152 0.00443128 0.0157536 0.0307181 0.000791218 0.00651165 -0.000996617 0.0049602
internal_weight=503.718 475.953 174.616 169.965 301.337 295.798 146.61 139.795 33.2 11.7884 106.595 21.4115 99.7122 49.7743
internal_count=3000 2649 939 913 1710 1663 773 737 173 60 564 113 528 260
cat_boundaries=0 1
cat_threshold=41892
is_linear=0
shrinkage=0.03


Tree=73
num_leaves=15
num_cat=0
split_feature=20 12 38 6 14 39 43 41 15 26 33 24 22 12
split_gain=30.6115 3.95603 4.84024 6.87736 5.43253 5.24244 4.68436 5.38584 8.06683 6.71741 9.00064 6.04764 5.41226 4.74248
threshold=8.8575083426028627 -36.303003337041375 4.5000000000000009 1.5000000000000002 23.183333333333337 1.108550947260625 117.50000000000001 86.753833770751967 13.350000000000003 45.183333333333344 27.500000000000004 503.41666666666669 490.46666666666675 -34.449721913237134
decision_type=2 2 2 2 2 2 2 2 2 2 2 2 2 2
left_child=1 2 3 -1 5 -5 13 -8 11 10 -10 -9 -11 -3
right_child=-2 6 -4 4 -6 -7 7 8 9 12 -12 -13 -14 -15
leaf_value=0.022454611244452919 0.030539693911397547 0.020246897827097366 -0.018830918865537692 -0.0081477217494042818 -0.025800320230523192 0.013076206405007692 0.013427475034340521 0.0048146454398269381 -0.017576334845992338 -0.019853140956607774 0.021095805293258472 0.043058406009581343 0.01405352995727438 -0.0031141705710941623
leaf_weight=7.3657282069325438 27.068117782473564 7.0666809231042853 23.156338281929493 37.29944159835577 9.8835766762495023 13.440574899315832 40.372549682855606 11.890603035688402 7.7695550471544292 26.534942448139194 13.366151534020899 4.6259913444519034 4.2696246281266204 268.0901555120945
leaf_count=42 351 38 147 228 70 77 217 60 42 145 67 22 23 1471
internal_value=9.46579e-05 -0.00170028 -0.00728262 -0.00313347 -0.00655634 -0.00238162 -0.000359748 0.00488184 -0.000278726 -0.00611386 0.00672799 0.0173727 -0.0148594 -0.00244306
internal_weight=502.2 475.132 91.1457 67.9893 60.6236 50.74 383.986 108.829 68.4569 51.9403 21.1357 16.5166 30.8046 275.157
internal_count=3000 2649 564 417 375 305 2085 576 359 277 109 82 168 1509
is_linear=0
shrinkage=0.03


Tree=74
num_leaves=15
num_cat=1
split_feature=20 7 45 4 36 26 4 19 1 20 15 42 28 3
split_gain=29.5616 4.10878 6.74589 5.17266 8.58125 8.00978 6.52024 5.70079 5.52722 5.09521 5.2816 8.24233 7.39381 6.76413
threshold=8.8575083426028627 0 1.6689568161964419 54.050000000000004 3.5000000000000004 41.95000000000001 52.050000000000004 99.229010144831975 21.500000000000004 0.99432703003332568 13.283333333333337 15.614157676696779 68.65000000000002 177.55000000000004
decision_type=2 1 2 2 2 2 2 2 2 2 2 2 8 2
left_child=1 2 -1 4 6 -6 -3 -7 -9 10 11 -4 -12 -14
right_child=-2 3 9 -5 5 7 -8 8 -10 -11 12 -13 13 -15
leaf_value=-0.015195753192073299 0.030403862070877349 -0.016318114926907264 0.0052711978332223618 -0.0047013553594757278 0.040165757087728814 -0.016240059780546108 0.015114573710685076 0.029937449839163056 -0.005132984305961358 0.022778913440829499 -0.015674760790028153 0.045775926803015024 -0.0015988878510196397 0.027994134860139991
leaf_weight=13.811326578259466 26.388124100863934 18.929282888770107 20.781926348805431 311.90544813126326 7.8342100977897671 6.398705422878268 7.5618737339973441 8.7587275058031064 6.4719079658389083 13.818122833967207 20.379759833216667 4.9020637720823279 24.034839302301407 8.7245326712727529
leaf_count=77 351 105 111 1784 36 34 38 45 36 72 113 24 130 44
internal_value=9.73517e-05 -0.00164915 0.00335914 -0.00311039 0.00513876 0.0160348 -0.00712226 0.00590573 0.015637 0.00661684 0.00353367 0.0144277 -0.00190104 0.00687815
internal_weight=500.701 474.313 106.453 367.86 55.9547 29.4636 26.4912 21.6293 15.2306 92.6412 78.8231 25.684 53.1391 32.7594
internal_count=3000 2649 571 2078 294 151 143 115 81 494 422 135 287 174
cat_boundaries=0 1
cat_threshold=9092
is_linear=0
shrinkage=0.03


Tree=75
num_leaves=15
num_cat=1
split_feature=20 7 10 42 37 46 30 14 16 20 28 29 20 4
split_gain=28.5439 3.91417 4.87147 5.67796 4.85638 5.88325 5.01294 3.98617 5.22527 4.20078 5.45247 4.24403 5.35033 4.80865
threshold=8.8575083426028627 0 2787.9400314721183 16.611585617065433 14.500000000000002 372.38636779785162 19.150000000000002 21.150000000000002 205.81666666666669 -2.8459399332592032 68.65000000000002 11.950000000000001 -1.7573971078976955 76.450000000000017
decision_type=2 1 2 2 2 2 10 2 2 2 10 10 2 2
left_child=1 4 3 -3 5 7 -6 -1 9 10 -9 13 -13 -11
right_child=-2 2 -4 -5 6 -7 -8 8 -10 11 -12 12 -14 -15
leaf_value=-0.01795763457116625 0.03026953975246759 -0.0043276948758118518 -0.027778889194419294 0.010949676701222774 0.038073706022949516 0.031182621288503368 0.0029342782349667759 -0.024778951773598859 0.030315096846131179 0.0015024564921156372 0.014022437228838714 0.017679725140123802 -0.014405508412454701 0.019352105093156637
leaf_weight=10.011994734406469 25.724534586071968 270.2571916282177 6.4047797396779051 22.865666508674622 5.55383376777172 4.4402313455939284 8.6737464740872365 11.204091638326643 4.1926659047603598 82.446553654968739 3.7079359069466582 4.8777110874652889 23.633579649031162 15.312798760831354
leaf_count=56 351 1530 51 129 28 25 45 72 22 434 22 27 127 81
internal_value=0.000103134 -0.0015958 -0.00360127 -0.00310277 0.00195051 0.00051632 0.0182507 -0.000553767 0.00075933 -0.000325419 -0.0148559 0.00149382 -0.00850329 0.00446603
internal_weight=499.307 473.583 299.528 293.123 174.055 159.828 14.2276 155.387 145.375 141.183 14.912 126.271 28.5113 97.7594
internal_count=3000 2649 1710 1659 939 866 73 841 785 763 94 669 154 515
cat_boundaries=0 1
cat_threshold=41892
is_linear=0
shrinkage=0.03


Tree=76
num_leaves=15
num_cat=1
split_feature=12 19 43 4 14 12 3 3 41 15 41 25 18 7
split_gain=27.6487 4.14556 5.55286 6.1573 4.74745 6.04541 4.23014 7.24004 7.09881 8.71699 5.71116 7.19578 5.57104 5.04811
threshold=160.12625139043365 181.15176881825019 125.50000000000001 60.45000000000001 22.916666666666668 40.980088987763992 185.35000000000005 178.35000000000005 78.295310974121108 13.283333333333337 85.525207519531264 0.90903722481266269 2073.3333333333339 0
decision_type=2 2 2 2 2 2 2 2 2 2 2 2 2 1
left_child=1 2 6 -4 -5 -6 7 13 -9 12 11 -11 -10 -1
right_child=-2 -3 3 4 5 -7 -8 8 9 10 -12 -13 -14 -15
leaf_value=0.0012036958675756152 0.031177318100994608 -0.028211829118339912 -0.006354807729263473 0.035934616285051291 -0.012413592688673123 0.019841697356509865 -0.012857748775807656 -0.0070414531961114574 0.014489463910096638 0.038761670398505706 0.0042848302342072429 -0.00068479911766612515 -0.01697499307608696 -0.0063643429699987222
leaf_weight=132.71771719306707 23.512183338403702 4.172283023595809 15.123792715370653 7.510395102202895 7.230838596820834 13.881949231028555 30.361669093370438 22.648871377110481 7.8653197139501598 17.486096307635311 12.225551128387449 5.3270505517721167 10.885245710611342 187.028065726161
leaf_count=722 331 42 87 35 43 90 173 126 42 89 64 29 62 1065
internal_value=0.000106756 -0.00149528 -0.00119891 0.00886011 0.0168424 0.0087329 -0.00224888 -0.00140554 0.00683214 0.0126957 0.0213351 0.0299087 -0.0037112 -0.00338999
internal_weight=497.977 474.465 470.293 43.747 28.6232 21.1128 426.546 396.184 76.4381 53.7893 35.0387 22.8131 18.7506 319.746
internal_count=3000 2669 2627 255 168 133 2372 2199 412 286 182 118 104 1787
cat_boundaries=0 1
cat_threshold=25510
is_linear=0
shrinkage=0.03


Tree=77
num_leaves=15
num_cat=1
split_feature=20 7 45 20 15 42 28 23 44 19 39 3 19 42
split_gain=26.6596 3.61425 6.33323 4.76793 5.02669 7.63559 6.83158 7.49762 6.97847 7.52126 6.0438 5.58782 4.72503 4.66809
threshold=8.8575083426028627 0 1.6689568161964419 0.99432703003332568 13.283333333333337 15.614157676696779 68.65000000000002 10.536008309459527 2.256617665290833 97.509687085148599 0.92915897263723357 174.55000000000004 169.58853135869762 16.494048118591312
decision_type=2 1 2 2 2 2 8 2 2 2 2 2 2 2
left_child=1 2 -1 4 5 10 -6 8 9 -8 11 -4 13 -3
right_child=-2 12 3 -5 6 -7 7 -9 -10 -11 -12 -13 -14 -15
leaf_value=-0.01488070021730176 0.030009677497600331 -0.0035847938853571537 0.041117990201023663 0.022017411846791023 -0.015292808804462972 0.043834187262412054 0.029187173469104006 -0.015824465076044996 0.032757917877863994 -0.014301462473116519 -0.0089102436692145414 -0.0033925777879169083 -0.02706498633489797 0.00793609701959027
leaf_weight=13.688427969813345 24.457987733185291 325.4965740442276 4.8942226320505196 13.731850445270537 20.178109146654606 4.9970143586397162 4.4694807827472713 8.9579935893416387 10.116108849644659 9.3585209399461728 11.727146834135054 4.209941953420639 6.1866460740566245 34.107002660632133
leaf_count=77 351 1840 25 72 113 24 22 50 52 50 63 23 53 185
internal_value=0.00010409 -0.00150532 0.00318867 0.00632951 0.00335809 0.0139463 -0.00195664 0.00643197 0.0150592 0.000775336 0.00509733 0.0222367 -0.00288308 -0.0024731
internal_weight=496.577 472.119 106.329 92.6404 78.9085 25.8283 53.0802 32.9021 23.9441 13.828 20.8313 9.10416 365.79 359.604
internal_count=3000 2649 571 494 422 135 287 174 124 72 111 48 2078 2025
cat_boundaries=0 1
cat_threshold=9092
is_linear=0
shrinkage=0.03


Tree=78
num_leaves=15
num_cat=0
split_feature=20 32 10 43 1 1 44 23 3 3 9 16 20 19
split_gain=25.752 3.51903 3.67943 4.93205 4.91581 5.47121 6.53833 4.7561 4.23538 6.18365 6.88099 5.62819 6.53784 5.14655
threshold=8.8575083426028627 14.500000000000002 2787.9400314721183 125.50000000000001 23.500000000000004 20.500000000000004 2.3175425529479985 12.515966792364912 185.35000000000005 178.35000000000005 8894.1500000000033 203.41666666666671 -2.4176863181313077 112.03639800696116
decision_type=2 2 2 2 2 2 2 2 2 2 2 2 2 2
left_child=1 -1 3 8 5 6 -5 -4 9 13 -11 -12 -13 -3
right_child=-2 2 7 4 -6 -7 -8 -9 -10 10 11 12 -14 -15
leaf_value=-0.023293959692885127 0.029879054185753234 -0.0055199987867629551 0.00025544768290811331 0.021883606410700369 -0.016770955593380002 0.025697934694934105 -0.013931059930824611 -0.041192940613080521 -0.012376798012959857 0.012848904186929246 0.012826932375952555 0.015985095702150915 -0.026683811362496167 0.0025013638424371868
leaf_weight=5.5532744526863089 23.841654129326344 203.43002505600452 5.297303590923546 7.009688280522826 4.6834955364465705 15.971868343651293 9.7461680322885496 3.6838248148560524 29.938379228115082 51.882114186882973 8.1483449339866656 3.5515399128198615 12.048755526542662 110.38677027076483
leaf_count=33 351 1141 41 35 27 87 59 31 172 278 41 21 67 616
internal_value=0.000107416 -0.00145861 -0.00114893 -0.000753531 0.00953887 0.0136895 0.00144039 -0.0191694 -0.00169217 -0.000841204 0.00680391 -0.00638777 -0.0165921 -0.00269946
internal_weight=495.173 471.332 465.778 456.797 37.4112 32.7277 16.7559 8.98113 419.386 389.448 75.6308 23.7486 15.6003 313.817
internal_count=3000 2649 2616 2544 208 181 94 72 2336 2164 407 129 88 1757
is_linear=0
shrinkage=0.03


Tree=79
num_leaves=15
num_cat=0
split_feature=20 25 14 28 19 43 20 30 4 23 20 38 42 45
split_gain=24.8887 3.38984 5.41306 4.56272 3.73329 5.31707 4.47185 5.15603 5.53771 4.41884 4.37685 3.81008 7.7202 6.67342
threshold=8.8575083426028627 0.91726499210002455 20.783333333333335 57.350000000000001 169.58853135869762 122.50000000000001 0.99432703003332568 23.150000000000002 67.15000000000002 12.021173642682767 2.0961067853169575 2.5000000000000004 15.015964508056642 1.6955268383026125
decision_type=2 2 2 10 2 2 2 8 2 2 2 2 2 2
left_child=1 2 -1 -3 5 10 7 -7 -9 -6 11 12 -4 -14
right_child=-2 3 4 -5 9 6 -8 8 -10 -11 -12 -13 13 -15
leaf_value=-0.024369304153733843 0.029749445614424795 -0.0070665769931451588 0.030446417461395887 0.034254980754213134 0.0068019554055459052 -0.015279805057288043 0.015856723400837224 0.026542459485976711 -0.0078081208908925993 -0.036900169462680037 -0.024160370545069358 -0.0034747870424125566 -0.013439533470728652 0.0052290366797314858
leaf_weight=8.3546634167432767 23.240602143108845 3.7846020460128766 7.6272526085376731 4.4608180820941925 2.9031687937676898 11.768871538341047 28.143297761678696 7.738708667457102 7.4925820156931877 4.5418015792965889 6.9826826006174079 284.30907836556435 21.663652330636978 70.952551946043968
leaf_count=51 351 20 42 24 23 62 158 36 41 42 34 1598 125 393
internal_value=0.000103441 -0.00142021 -0.00177612 0.0165757 -0.00130784 -0.000932104 0.0077061 -0.0010525 0.0102047 -0.021071 -0.00216523 -0.00170422 0.00330216 0.000765398
internal_weight=493.964 470.724 462.478 8.24542 454.124 446.679 55.1435 27.0002 15.2313 7.44497 391.535 384.553 100.243 92.6162
internal_count=3000 2649 2605 44 2554 2489 297 139 77 65 2192 2158 560 518
is_linear=0
shrinkage=0.03


Tree=80
num_leaves=15
num_cat=1
split_feature=12 19 43 7 28 41 12 32 39 16 6 41 41 38
split_gain=24.2945 3.72712 4.58721 5.16078 4.55312 4.26459 3.86766 3.78968 4.10965 5.4759 6.73893 5.577 4.39441 4.5719
threshold=160.12625139043365 181.15176881825019 122.50000000000001 0 65.350000000000009 91.243244171142592 -35.81490545050071 14.500000000000002 1.2471198156682031 205.51666666666668 9.5000000000000018 82.52807998657228 89.805908203125014 2.5000000000000004
decision_type=2 2 2 1 10 2 2 2 2 2 2 2 2 2
left_child=1 2 5 4 -4 7 -5 -1 12 10 11 -10 13 -9
right_child=-2 -3 3 6 -6 -7 -8 8 9 -11 -12 -13 -14 -15
leaf_value=-0.026051976052448411 0.030767620589855698 -0.027112814018170353 -0.017925316091322949 -0.014751701728726644 0.012194434655084128 -0.024814844424985605 0.016244279356455778 0.0028779900225386883 0.02792374003148379 -0.019003035823776503 -0.016399810722266969 0.00098175742165986933 0.018430164831683256 -0.0049799732132454096
leaf_weight=4.7155299037694922 21.206528380513191 3.99831299483776 13.198752135038378 3.2187198922038069 5.7922386750578871 6.3827859759330741 38.309869218617678 88.743816301226616 17.517383262515072 5.0624053776264182 5.4488601982593527 11.155816420912741 7.8617194741964331 259.99266640841961
leaf_count=29 331 42 77 23 35 39 209 498 88 27 28 58 43 1473
internal_value=0.000101641 -0.00134012 -0.00106224 0.00657738 -0.00572471 -0.0022119 0.0109717 -0.00179076 -0.00143677 0.00766576 0.0120508 0.0178278 -0.00245564 -0.00297783
internal_weight=492.605 471.399 467.401 60.5196 18.991 406.881 41.5286 400.498 395.783 39.1845 34.1221 28.6732 356.598 348.736
internal_count=3000 2669 2627 344 112 2283 232 2244 2215 201 174 146 2014 1971
cat_boundaries=0 1
cat_threshold=6176
is_linear=0
shrinkage=0.03


Tree=81
num_leaves=15
num_cat=2
split_feature=12 12 38 30 6 14 7 39 7 43 41 44 36 8
split_gain=23.5125 3.61819 4.65705 7.08195 6.3833 5.27205 4.9504 15.1926 4.43229 6.69267 8.35748 8.42299 8.63924 7.41549
threshold=160.12625139043365 -36.303003337041375 4.5000000000000009 24.450000000000003 1.5000000000000002 23.183333333333337 0 1.108550947260625 1 110.50000000000001 83.870761871337905 2.2604236602783208 2.5000000000000004 1.0000000180025095e-35
decision_type=2 2 2 10 2 2 1 2 1 2 2 2 2 2
left_child=1 2 4 -4 -1 6 7 -6 9 -3 11 12 -11 -13
right_child=-2 8 3 -5 5 -7 -8 -9 -10 10 -12 13 -14 -15
leaf_value=0.02193709573253224 0.030666222261351177 -0.011729358248959083 -0.025101230153489636 0.017988391757689348 -0.0032318966132613173 -0.02525223507099985 -0.0076271201137923066 0.058503405289223841 0.0027382621863881883 -0.0061296432912781454 -0.0064659693651386695 -0.024370748459809081 0.031401249261377086 0.012147607223107631
leaf_weight=7.4051979929208747 20.65005973726511 59.916196912527084 19.22250605747104 3.3844621926546088 13.103817023336893 9.5554601736366731 33.14478063583374 3.8918326348066321 216.6103736422956 7.2433689534664181 60.174396030604839 8.3515430353581923 18.869994148612022 9.8488446399569494
leaf_count=42 331 349 127 20 82 70 203 20 1174 40 335 49 103 55
internal_value=9.63202e-05 -0.00130691 -0.00669174 -0.0181616 -0.00261749 -0.0059747 -0.00187896 0.00859443 -2.4883e-05 -0.00360745 0.000774925 0.0105332 0.0211487 -0.00500597
internal_weight=491.373 470.723 89.7081 22.607 67.1011 59.6959 50.1404 16.9956 381.015 164.404 104.488 44.3138 26.1134 18.2004
internal_count=3000 2669 564 147 417 375 305 102 2105 931 582 247 143 104
cat_boundaries=0 1 2
cat_threshold=59523 22603
is_linear=0
shrinkage=0.03


Tree=82
num_leaves=15
num_cat=1
split_feature=12 41 41 7 12 33 9 28 1 41 32 44 39 16
split_gain=22.7529 3.57279 5.28069 4.2622 4.07473 4.88271 5.87582 6.55169 5.14165 4.6114 4.7567 5.53778 7.35775 4.29861
threshold=160.12625139043365 96.128074645996108 94.350978851318374 0 -2.6880978865407568 32.500000000000007 10027.800000000001 70.950000000000017 22.500000000000004 89.493083953857436 16.500000000000004 2.1916913986206059 1.1040157998683346 205.65000000000001
decision_type=2 2 2 1 2 2 2 10 2 2 2 2 2 2
left_child=1 2 3 -1 5 6 -5 8 -8 10 -6 12 -12 -7
right_child=-2 -3 -4 4 9 13 7 -9 -10 -11 11 -13 -14 -15
leaf_value=0.0026896146972975061 0.030566169238821914 -0.026519512607347539 0.027378961666469664 -0.0096231149809308664 0.021524835972998632 0.00065743433559012007 -0.01084256958227948 0.035277781807507319 0.020476089849835007 -0.016554468259443334 -0.021683501910385532 0.0062743401515366138 0.0098645543660926191 0.032835530830104549
leaf_weight=151.09828281402588 20.107591178268194 3.9921813234686843 4.8303964212536803 157.75877810642123 10.625867433845995 18.688105262815956 15.141375314444309 4.3898101635277262 5.6722102537751189 10.524970248341559 16.750612258911136 57.182368200272322 9.8945059627294523 3.6835526004433623
leaf_count=821 331 22 24 942 59 108 90 28 33 60 98 309 54 21
internal_value=9.40471e-05 -0.00127107 -0.000998583 -0.00135423 -0.00330579 -0.00586077 -0.00747983 0.00579113 -0.00176006 0.00138788 0.00353969 0.00103304 -0.0100353 0.00713388
internal_weight=490.341 470.233 466.241 461.41 310.312 205.334 182.962 25.2034 20.8136 104.978 94.4534 83.8275 26.6451 22.3717
internal_count=3000 2669 2647 2623 1802 1222 1093 151 123 580 520 461 152 129
cat_boundaries=0 1
cat_threshold=9124
is_linear=0
shrinkage=0.03


Tree=83
num_leaves=15
num_cat=0
split_feature=12 10 12 3 32 3 3 9 16 3 20 29 44 20
split_gain=22.0094 3.5643 5.40706 3.66751 3.62001 3.18982 6.17047 5.89729 6.02165 5.74928 5.45128 9.61031 6.90846 6.41197
threshold=160.12625139043365 2787.9400314721183 79.229254727474739 172.25000000000003 14.500000000000002 185.35000000000005 178.35000000000005 8925.3833333333369 203.41666666666671 174.05000000000004 0.99432703003332568 10.15 2.3134974241256718 -1.2739710789766969
decision_type=2 2 2 2 2 2 2 2 2 2 2 10 2 2
left_child=1 2 4 -3 -1 6 9 -8 -9 10 12 -12 13 -6
right_child=-2 3 -4 -5 5 -7 7 8 -10 -11 11 -13 -14 -15
leaf_value=-0.024006437130870143 0.030467366082465735 0.0035113321467372506 0.019718170703899109 -0.032622803451727335 0.0054527996679977139 -0.010084907088837422 0.0122954398634044 0.014362738629005728 -0.015556060657538661 -0.009237612493407486 0.02074996722463 -0.019914232134371258 -0.019421302756646667 -0.005011525655766254
leaf_weight=5.2592354863882056 19.578845161944628 3.87541416287422 10.241678111255167 5.4237172342836857 100.16748786717653 31.437387175858021 56.720719680190086 8.443339981138708 16.089475765824318 77.343811705708504 22.959114521741871 5.8328206539154044 16.890893913805485 109.00245879590511
leaf_count=32 331 35 80 43 579 181 300 43 91 440 115 30 99 601
internal_value=9.90873e-05 -0.00122885 -0.000836526 -0.0186851 -0.00134685 -0.00102575 -0.000314245 0.00704516 -0.00509982 -0.00213006 5.46482e-05 0.0121201 -0.00152866 1.74097e-06
internal_weight=489.266 469.688 460.388 9.29913 450.147 444.888 413.45 81.2535 24.5328 332.197 254.853 28.7919 226.061 209.17
internal_count=3000 2669 2591 78 2511 2479 2298 434 134 1864 1424 145 1279 1180
is_linear=0
shrinkage=0.03


Tree=84
num_leaves=15
num_cat=0
split_feature=12 19 12 45 43 23 34 3 3 9 14 25 46 3
split_gain=21.3059 3.47239 4.24889 3.76872 7.41492 3.89089 3.71501 3.7394 5.39631 6.57471 6.04967 5.2 7.71827 6.99261
threshold=160.12625139043365 181.15176881825019 79.229254727474739 1.9146810770034792 125.50000000000001 9.7779072155256603 14.500000000000002 185.35000000000005 178.35000000000005 8894.1500000000033 22.883333333333336 0.90164504972008697 331.21324157714849 169.75000000000003
decision_type=2 2 2 2 2 2 2 2 2 2 2 2 2 2
left_child=1 2 3 4 6 -6 -1 8 11 -10 -11 -8 -13 -14
right_child=-2 -3 -4 -5 5 -7 7 -9 9 10 -12 12 13 -15
leaf_value=-0.025857840369115443 0.030369712151550217 -0.026265355935917379 0.015539325112153033 -0.019619981465925161 -0.00099395437276250491 0.024968977386210449 -0.0094766476939000116 -0.011697400650028037 0.012213051331969356 -0.017524994888529953 0.012947748774432465 -0.0021061227464016226 0.030252662211440622 -0.0030544162297096236
leaf_weight=4.7519966959953299 19.063546307384968 3.9227247573435298 12.6901813223958 9.0231732651591283 7.9556521773338345 13.578944109380243 72.859740749001503 29.428857684135437 52.248769313097 15.151376262307169 8.3180045634508115 217.16663168370724 12.336479157209398 9.5794180482625944
leaf_count=30 331 42 96 59 37 67 419 172 278 87 42 1221 66 53
internal_value=9.44675e-05 -0.0011981 -0.000930777 -0.00142603 -0.00101245 0.0157589 -0.00190385 -0.00156974 -0.000772793 0.00635996 -0.00663709 -0.00251893 -0.000367939 0.0161962
internal_weight=488.075 469.012 465.089 452.399 443.376 21.5346 421.841 417.089 387.66 75.7182 23.4694 311.942 239.083 21.9159
internal_count=3000 2669 2627 2531 2472 104 2368 2338 2166 407 129 1759 1340 119
is_linear=0
shrinkage=0.03


Tree=85
num_leaves=15
num_cat=1
split_feature=12 41 41 7 4 28 24 23 20 41 24 19 4 9
split_gain=20.6233 3.44387 4.91624 4.0725 4.53528 7.17688 6.90406 8.54162 7.67481 6.62094 6.34581 6.01733 6.00192 6.87931
threshold=160.12625139043365 96.128074645996108 94.350978851318374 0 61.350000000000001 64.950000000000017 453.76666666666671 9.6648729993126441 -2.5132369299221944 79.077541351318374 505.08333333333343 99.89877503629323 46.650000000000013 8848.2666666666682
decision_type=2 2 2 1 2 10 2 2 2 2 2 2 2 2
left_child=1 2 3 -1 6 10 7 -5 9 -8 -6 -10 -13 -14
right_child=-2 -3 -4 4 5 -7 8 -9 11 -11 -12 12 13 -15
leaf_value=0.0027054270911900428 0.030273112990417843 -0.026049815932883628 0.026437869208224597 0.027449813765398477 -0.017674259821207759 -0.0006710710410527148 -0.010475468935594744 -0.0014414726558145703 -0.019152460941489476 0.031412620046105254 -0.00029511155384435544 0.030419985370401706 0.0089035048340418976 -0.014980051792277595
leaf_weight=150.78580082580447 18.561420753598213 3.9539800621569148 4.8486423268914214 16.357919618487358 60.757850147783756 101.39970740675926 4.6721584945917121 19.418484196066856 24.264116838574409 8.4661087803542596 27.303371336311102 3.9432471096515647 18.574985489249229 23.536826208233833
leaf_count=821 331 22 24 83 378 597 28 104 137 51 167 21 102 134
internal_value=9.23819e-05 -0.00116586 -0.000898432 -0.00124368 -0.00316049 -0.00613561 0.00131579 0.0121556 -0.00341991 0.0168293 -0.0123497 -0.00738614 -0.000911771 -0.00448316
internal_weight=486.845 468.283 464.329 459.481 308.695 189.461 119.234 35.7764 83.4574 13.1383 88.0612 70.3192 46.0551 42.1118
internal_count=3000 2669 2647 2623 1802 1142 660 187 473 79 545 394 257 236
cat_boundaries=0 1
cat_threshold=9124
is_linear=0
shrinkage=0.03


Tree=86
num_leaves=15
num_cat=0
split_feature=12 12 38 30 6 14 39 22 45 22 29 41 44 12
split_gain=19.9574 3.46375 4.4742 6.72633 5.9527 5.0711 4.68164 4.35947 4.38833 3.83947 7.39874 6.3386 4.43779 5.91579
threshold=160.12625139043365 -36.303003337041375 4.5000000000000009 24.450000000000003 1.5000000000000002 23.183333333333337 1.108550947260625 432.01666666666671 1.7194284200668337 490.46666666666675 20.850000000000005 81.728328704833999 2.2352516651153569 -2.1606229143494411
decision_type=2 2 2 10 2 2 2 2 2 2 8 2 2 2
left_child=1 2 4 -4 -1 6 -6 -8 -9 -3 11 -11 13 -12
right_child=-2 9 3 -5 5 -7 7 8 -10 10 12 -13 -14 -15
leaf_value=0.021144767434784099 0.03017747898844398 -0.00076159696478627996 -0.024673082599999296 0.017213224688454334 -0.0072723022434522319 -0.024827630461497264 0.028920821021438677 -0.023336748934074312 0.018614258015402712 -0.032967091764906781 -0.011033480516900914 0.012290984171922419 0.035116869690618752 0.029524550719339387
leaf_weight=7.4842737019062033 18.072193954139948 349.36686255410314 18.837072327733043 3.4321539103984824 36.454429097473621 9.3488299101591092 6.4126306474208814 3.6927566379308701 3.3253536522388458 4.5851297676563281 6.6421321332454699 4.7711468189954758 8.8162051290273649 4.6932099759578705
leaf_count=42 331 1945 127 20 228 70 34 23 20 26 37 26 47 24
internal_value=9.51145e-05 -0.00112877 -0.00641967 -0.0177552 -0.00242977 -0.00571003 -0.00170975 0.0128461 -0.00361687 0.000127552 0.0103348 -0.0109298 0.0202578 0.00679107
internal_weight=485.934 467.862 88.9875 22.2692 66.7183 59.234 49.8852 13.4307 7.01811 378.875 29.5078 9.35628 20.1515 11.3353
internal_count=3000 2669 564 147 417 375 305 77 43 2105 160 52 108 61
is_linear=0
shrinkage=0.03


Tree=87
num_leaves=15
num_cat=1
split_feature=12 10 23 12 12 32 23 23 1 28 25 7 12 26
split_gain=19.3166 3.33162 6.11459 4.95089 3.57734 3.35846 3.31528 6.50834 5.36173 4.6485 4.18704 4.1288 5.36735 9.19113
threshold=160.12625139043365 2787.9400314721183 12.515966792364912 79.229254727474739 101.42146829810883 14.500000000000002 8.5200911884314934 7.4588896638015374 23.500000000000004 59.750000000000007 0.90477244533278423 0 -2.6880978865407568 44.516666666666673
decision_type=2 2 2 2 2 2 2 2 2 10 2 1 2 2
left_child=1 3 4 5 -3 -1 7 9 -9 -7 -10 12 -8 -14
right_child=-2 2 -4 -5 -6 6 11 8 10 -11 -12 -13 13 -15
leaf_value=-0.023308651409553856 0.030082725206207767 -0.015996174257460489 -0.043275214944260634 0.019166632627893254 0.025763584923534831 0.026602750142209513 -0.0074163042752457033 -0.015065062325434799 -0.011461752673852297 -0.0067230609667729658 0.029331555831814689 0.0028499386551457204 -0.010305378302165904 0.014776850336337129
leaf_weight=5.102080173790454 17.59559229388833 3.1779692955315095 3.6847907230257988 10.005269628018139 2.3213349208235741 7.001634404063223 105.65281461924314 48.008104488253593 3.4198190420866004 6.5045745670795441 3.9398599565029144 216.54489734023809 21.788598209619522 30.242740325629711
leaf_count=32 331 28 33 80 17 35 628 285 20 37 23 1180 114 157
internal_value=9.62806e-05 -0.00109441 -0.0180671 -0.000715614 0.00288307 -0.00120112 -0.000894657 -0.00689332 -0.0114263 0.011196 0.0112726 0.000224779 -0.00334439 0.00427717
internal_weight=484.99 467.394 9.18409 458.21 5.4993 448.205 443.103 68.874 55.3678 13.5062 7.35968 374.229 157.684 52.0313
internal_count=3000 2669 78 2591 45 2511 2479 400 328 72 43 2079 899 271
cat_boundaries=0 1
cat_threshold=49243
is_linear=0
shrinkage=0.03


Tree=88
num_leaves=15
num_cat=0
split_feature=12 19 42 30 1 22 3 29 34 44 42 12 23 33
split_gain=18.6998 3.23568 3.99112 4.69475 5.56762 6.29639 5.8526 5.88322 5.2824 4.74194 5.55865 4.28807 3.78215 3.76738
threshold=160.12625139043365 181.15176881825019 16.092265129089359 25.250000000000004 20.500000000000004 421.01666666666671 178.45000000000002 23.000000000000004 19.500000000000004 2.3204385042190556 16.891021728515629 25.314126807563813 10.700547835305953 28.500000000000004
decision_type=2 2 2 10 2 2 2 8 2 2 2 2 2 2
left_child=1 2 -1 4 6 -6 7 -4 -7 13 -11 -9 -8 -5
right_child=-2 -3 3 9 5 8 12 11 -10 10 -12 -13 -14 -15
leaf_value=-0.0023455128547123518 0.029988767609961046 -0.025512819592724039 0.009154005744690356 0.010571837656627319 0.021052523929804699 -0.0092155027468522836 0.022389777552779926 -0.02908382620188836 0.016151339639504343 -0.02142973683976334 0.022534952667952326 0.00075691151109364525 -0.0089870901616567432 0.050758625246431467
leaf_weight=354.61424614489079 17.131345301866531 3.8222294002771369 6.8809888064861324 4.7574098482728022 19.265915472060442 20.415541440248493 7.4375079870223981 15.917508639395239 10.280456773936747 4.0182299166917783 4.3488663323223591 5.7596560046076766 5.1273262873291969 4.0357443615794182
leaf_count=2017 331 42 38 26 110 115 37 92 60 21 29 35 28 19
internal_value=9.6222e-05 -0.00106287 -0.000806405 0.00421107 0.00141791 0.00807443 -0.00666904 -0.0140322 -0.000478309 0.0181424 0.00138753 -0.0214714 0.00986721 0.0323158
internal_weight=483.813 466.682 462.859 108.245 91.0849 49.9619 41.123 28.5582 30.696 17.1603 8.3671 21.6772 12.5648 8.79315
internal_count=3000 2669 2627 610 515 285 230 165 175 95 50 127 65 45
is_linear=0
shrinkage=0.03


Tree=89
num_leaves=15
num_cat=1
split_feature=12 41 41 7 10 37 30 14 41 8 6 14 39 6
split_gain=18.1006 3.27493 4.68449 3.69647 4.48767 5.01357 6.01124 4.28362 5.04507 9.40188 5.91723 7.50593 5.82095 5.13693
threshold=160.12625139043365 96.128074645996108 94.350978851318374 0 2406.7211965845731 14.500000000000002 19.150000000000002 21.150000000000002 72.757377624511733 1.0000000180025095e-35 8.5000000000000018 21.650000000000002 1.2471198156682031 10.500000000000002
decision_type=2 2 2 1 2 2 10 2 2 2 2 2 2 2
left_child=1 2 3 4 5 7 -7 -1 9 -9 12 -12 -10 -13
right_child=-2 -3 -4 -5 -6 6 -8 8 10 -11 11 13 -14 -15
leaf_value=-0.01893480761851311 0.029895523205742309 -0.025422760559198666 0.025901176685683324 -0.0031208542587136214 0.021091372677580249 0.040659894631540176 0.0013188080016792252 -0.010875855008943005 -0.007386459423294205 0.042903001633039214 0.040768150334626982 0.013034274423849601 0.015488063382828685 -0.011947234217146028
leaf_weight=9.4973609149456006 16.679183889180422 3.9022621698677531 4.8541583567857733 287.10022921487689 9.9078183770179731 5.1120232641696921 8.3287038430571538 4.592131629586218 82.513105340301991 5.7311481833457947 4.8612482994794837 18.081654485315084 10.429668918251989 11.157995447516443
leaf_count=55 331 22 24 1691 64 25 43 26 456 29 24 96 53 61
internal_value=9.89188e-05 -0.00102913 -0.000768724 -0.00110771 0.00233234 0.00119395 0.0180612 -0.000461421 0.000943418 0.0201326 -0.000760907 0.00975512 -0.00468203 0.00342137
internal_weight=482.749 466.07 462.167 457.313 170.213 160.305 13.4407 146.864 137.367 10.3233 127.044 34.1009 92.9428 29.2396
internal_count=3000 2669 2647 2623 932 868 68 800 745 55 690 181 509 157
cat_boundaries=0 1
cat_threshold=41892
is_linear=0
shrinkage=0.03


Tree=90
num_leaves=15
num_cat=1
split_feature=12 12 26 30 14 30 39 38 41 41 7 12 23 24
split_gain=17.5195 3.18356 4.3027 7.07003 6.3578 4.71645 5.32525 4.99265 4.70392 6.88236 3.797 5.77539 7.07506 4.7612
threshold=160.12625139043365 -36.303003337041375 44.983333333333341 23.750000000000004 22.116666666666671 21.950000000000003 0.97088395475492262 3.5000000000000004 81.406761169433608 83.565044403076186 0 40.980088987763992 11.157003863833109 549.18333333333351
decision_type=2 2 2 10 2 8 2 2 2 2 1 2 2 2
left_child=1 2 3 8 -5 6 -4 -8 -1 -10 -3 12 13 -12
right_child=-2 10 5 4 -6 -7 7 -9 9 -11 11 -13 -14 -15
leaf_value=-0.016679980674061824 0.029802911222711146 -0.0031448045840315776 -0.015767416450263125 -0.0053890151889420795 0.043127140225362383 -0.019658753395331293 -0.0061419061925303145 0.034753869618907265 0.028149996513368671 -0.009300615739458222 0.002123491818993563 0.019541237975572445 -0.014664397657738816 0.022392692840374935
leaf_weight=16.038822203874588 16.238842155784369 162.16392578929663 9.0373687408864516 3.8014340922236425 4.8851898498833179 28.462917529046535 4.8053480572998506 4.4418980032205582 6.2354347482323673 10.469291612505911 167.91981016099453 16.250061120837927 20.914867874234915 10.148153916001318
leaf_count=99 331 931 60 23 28 194 31 27 37 65 901 104 118 51
internal_value=0.000103551 -0.000993993 -0.0060919 0.000960052 0.023531 -0.0122309 -0.000248502 0.0149768 -0.00554776 0.0054791 0.000210069 0.00275847 0.00143497 0.00339724
internal_weight=481.813 465.575 88.1777 41.4302 8.68662 46.7475 18.2846 9.24725 32.7435 16.7047 377.397 215.233 198.983 178.068
internal_count=3000 2669 564 252 51 312 118 58 201 102 2105 1174 1070 952
cat_boundaries=0 1
cat_threshold=22603
is_linear=0
shrinkage=0.03


Tree=91
num_leaves=15
num_cat=0
split_feature=12 10 12 11 34 12 14 42 20 33 25 12 1 45
split_gain=16.9634 3.25302 4.48393 3.4581 3.24307 3.19946 3.08085 3.47692 10.1946 5.24958 5.75111 4.77593 7.11251 4.68964
threshold=160.12625139043365 2787.9400314721183 79.229254727474739 293998.00000000006 14.500000000000002 73.99054505005553 20.783333333333335 15.040167331695558 -1.1156840934371919 26.500000000000004 0.90966410879579873 -33.121802002224925 19.500000000000004 1.6955268383026125
decision_type=2 2 2 2 2 2 2 2 2 2 2 2 2 2
left_child=1 2 4 -3 -1 -5 -6 8 9 -8 -11 12 -9 -13
right_child=-2 3 -4 5 6 -7 7 11 -10 10 -12 13 -14 -15
leaf_value=-0.022933313421969623 0.029710861384976417 -0.037244678039264553 0.01856110237221012 -0.01926573614115178 -0.017741087275631156 0.020185579023742219 -0.0040175615867261011 -0.019738625639654495 -0.0074099480510888983 0.046310900651333087 0.0056792237385353819 -0.0067161051822140876 -0.001503048950750928 0.0024293247842271056
leaf_weight=5.0145379304885855 15.810054488480089 3.5404265187680704 9.7452735565602762 3.0705493241548538 8.4013993516564351 2.3959931433200836 4.4324080049991634 27.319252252578735 18.031553894281387 8.4954924434423429 5.1460207700729361 62.409768670797348 60.689553216099739 246.24840997159481
leaf_count=32 331 29 80 32 53 17 26 173 103 48 29 354 372 1321
internal_value=0.000103909 -0.000964464 -0.00059178 -0.0178854 -0.00105067 -0.00152663 -0.000750644 -0.00038067 0.00840312 0.0237405 0.0324181 -0.00119931 -0.00732181 0.000564429
internal_weight=480.751 464.941 455.934 9.00697 446.188 5.46654 441.174 432.772 36.1055 18.0739 13.6415 396.667 88.0088 308.658
internal_count=3000 2669 2591 78 2511 49 2479 2426 206 103 77 2220 545 1675
is_linear=0
shrinkage=0.03


Tree=92
num_leaves=15
num_cat=0
split_feature=12 41 41 30 10 22 28 31 4 43 4 12 4 16
split_gain=16.4308 3.14949 4.41944 3.47809 15.4104 6.17275 5.28033 5.63535 6.88502 7.13382 5.20444 7.90302 9.28021 6.722
threshold=160.12625139043365 96.128074645996108 94.350978851318374 25.250000000000004 1728.3833894137761 506.60000000000008 77.65000000000002 2.5000000000000004 65.15000000000002 112.50000000000001 61.350000000000001 -4.3130144605119147 77.65000000000002 205.65000000000001
decision_type=2 2 2 10 2 2 10 10 2 2 2 2 2 2
left_child=1 2 3 5 -5 6 7 10 -9 -10 13 -12 -13 -1
right_child=-2 -3 -4 4 -6 -7 -8 8 9 -11 11 12 -14 -15
leaf_value=-0.0018074166987455671 0.029619294487269982 -0.024951415278447665 0.025170371605037326 -0.009819496335502392 0.018646365056778615 0.019095798751398985 -0.025493669035121971 -0.00045038754363802778 0.041014130574039312 0.0021425904069075148 -0.011696475993062602 -0.0019011948258762193 0.039812388318159704 0.018497139898857189
leaf_weight=121.93519313633442 15.392560880631207 3.8658340014517298 4.8757120668888083 31.542408764362335 35.257745299488306 10.996516995131968 7.994531486183404 38.5641148686409 7.9094430655241039 8.346058074384926 116.33512400835752 56.86054727807641 4.2359638437628737 15.664374381303785
leaf_count=676 331 22 24 181 202 63 45 214 43 47 718 328 23 83
internal_value=9.99144e-05 -0.000940084 -0.000684893 -0.00101608 0.00525847 -0.00210472 -0.0027705 -0.00221191 0.00658583 0.0223371 -0.00375883 -0.00713974 0.00158547 0.00062084
internal_weight=479.776 464.384 460.518 455.642 66.8002 388.842 377.845 369.851 54.8196 16.2555 315.031 177.432 61.0965 137.6
internal_count=3000 2669 2647 2623 383 2240 2177 2132 304 90 1828 1069 351 759
is_linear=0
shrinkage=0.03


Tree=93
num_leaves=15
num_cat=0
split_feature=12 10 23 10 10 12 14 32 15 25 28 18 10 26
split_gain=15.9074 3.12591 5.6865 4.36052 7.2267 5.72671 6.59626 4.84535 4.53923 5.84907 4.83177 3.91976 6.43953 6.31778
threshold=160.12625139043365 2787.9400314721183 12.515966792364912 2253.8071065977711 2275.7618670767265 73.99054505005553 21.616666666666671 14.500000000000002 13.483333333333336 0.90451682297395064 59.650000000000013 2144.9333333333338 1879.3262767136709 47.216666666666676
decision_type=2 2 2 2 2 2 2 2 2 2 10 2 2 2
left_child=1 3 -3 7 -5 6 -6 -1 -8 -10 -11 12 -9 -14
right_child=-2 2 -4 4 5 -7 8 11 9 10 -12 -13 13 -15
leaf_value=-0.030143086103411938 0.029528141642064593 0.0030260682825605204 -0.042004000831626906 0.040501836086511846 0.033360907279943203 0.02725665336489547 -0.022566017257451269 -0.0013401594973895573 -0.013817543029699926 -0.0049579902433807043 0.035544595937772171 -0.0072763976634709496 0.018906264875568866 -0.0050816897906236815
leaf_weight=4.2481113225221625 14.986101556569336 5.3136143833398801 3.603406734764576 4.5446689948439589 3.2150488048791912 6.5234355963766566 9.5366855114698428 290.07693753018975 9.6336105689406413 4.3883705586194974 4.9539345651865005 74.930235624313354 28.625020764768124 14.293369166553019
leaf_count=28 331 45 33 24 18 54 53 1636 57 23 25 429 160 84
internal_value=0.000103877 -0.000908162 -0.0175714 -0.000543756 0.0084589 0.00371696 -0.00180792 -0.00149671 -0.00676954 0.00190151 0.0178794 -0.0011254 0.00027633 0.0109836
internal_weight=478.873 463.886 8.91702 454.969 42.7958 38.2511 31.7277 412.174 28.5126 18.9759 9.34231 407.926 332.995 42.9184
internal_count=3000 2669 78 2591 254 230 176 2337 158 105 48 2309 1880 244
is_linear=0
shrinkage=0.03


Tree=94
num_leaves=15
num_cat=1
split_feature=12 25 14 28 10 23 12 12 23 23 4 7 45 29
split_gain=15.4051 3.09355 4.88108 4.21052 3.52165 4.93712 3.98922 3.81609 3.27064 5.36424 5.15741 4.66899 6.21148 6.29866
threshold=160.12625139043365 0.91726499210002455 20.783333333333335 57.350000000000001 2787.9400314721183 12.515966792364912 79.229254727474739 101.42146829810883 8.5200911884314934 7.4588896638015374 60.150000000000013 0 1.6426314711570742 15.250000000000002
decision_type=2 2 2 10 2 2 2 2 2 2 2 1 2 10
left_child=1 2 -1 -3 6 7 8 -6 9 10 -4 12 -10 -14
right_child=-2 3 4 -5 5 -7 -8 -9 11 -11 -12 -13 13 -15
leaf_value=-0.023178749234596015 0.02943733408900532 -0.0066593087048510361 0.033448390646994036 0.033136423457430404 -0.019015925504053417 -0.041365112575902162 0.017906653035119534 0.025189006441198477 0.018378864888781255 -0.011152484348258865 -0.0040995650938355308 0.0030666637663144822 -0.0029299363036964822 -0.021249160691231943
leaf_weight=7.9385695084929457 14.590422410517929 3.7361555397510511 4.2344449609518042 4.4983652085065842 2.8522193655371648 3.5653158575296402 9.4706653729081136 2.2351307198405266 9.5696107968687993 52.630901098251343 8.3746059834957105 213.27292071282864 122.3013933300972 18.693188786506653
leaf_count=51 331 20 20 24 27 33 80 17 56 316 47 1166 706 106
internal_value=0.000104665 -0.000880347 -0.00122653 0.0163145 -0.000785992 -0.0187107 -0.000390568 0.001353 -0.000835124 -0.00696658 0.0100413 0.000280394 -0.00362377 -0.00549126
internal_weight=477.964 463.373 455.139 8.23452 447.2 8.65267 438.548 5.08735 429.077 65.24 12.6091 363.837 150.564 140.995
internal_count=3000 2669 2625 44 2574 77 2497 44 2417 383 67 2034 868 812
cat_boundaries=0 1
cat_threshold=50265
is_linear=0
shrinkage=0.03


Tree=95
num_leaves=15
num_cat=1
split_feature=12 41 41 7 4 20 12 38 29 12 9 22 30 9
split_gain=14.9198 3.03152 4.20856 3.28383 4.25474 6.66818 6.9604 6.48319 6.86053 6.40934 7.49247 7.13205 5.60469 6.77142
threshold=160.12625139043365 96.128074645996108 94.350978851318374 0 61.350000000000001 -2.5132369299221944 -28.639043381535163 4.5000000000000009 9.5000000000000018 -2.6880978865407568 6819.7666666666673 430.2000000000001 30.550000000000004 9988.9500000000025
decision_type=2 2 2 1 2 2 2 2 10 2 2 2 8 2
left_child=1 2 3 -1 5 7 -7 8 -5 12 11 -11 13 -6
right_child=-2 -3 -4 4 9 6 -8 -9 -10 10 -12 -13 -14 -15
leaf_value=0.0026106481217114843 0.029346801262348149 -0.024472064427826252 0.024611437221556304 0.038417680829295607 -0.0084245424095059675 -0.021032041071193625 0.0017217605875859117 -0.012933909315627707 -0.0066279280078450518 -0.0048368358998907741 -0.0035907414280487351 0.035948414759233174 -0.01841060729100585 0.015852103224012974
leaf_weight=149.90266406536102 14.205272931605576 3.8405475355684748 4.8828349672257891 10.564004026353361 68.164090666919947 13.047205571085213 86.472304977476597 4.1663206815719596 3.7717626728117457 6.0334865339100352 50.301164086908102 8.750862739980219 41.715383928269148 11.212685815989969
leaf_count=821 331 22 24 60 426 80 471 27 22 36 293 46 271 70
internal_value=0.000105425 -0.000853402 -0.000603001 -0.000927608 -0.00267201 0.0016886 -0.00144086 0.0177322 0.0269067 -0.00557329 0.00200194 0.020052 -0.00962793 -0.00484069
internal_weight=477.031 462.825 458.985 454.102 304.199 118.022 99.5195 18.5021 14.3358 186.178 65.0855 14.7843 121.092 79.3768
internal_count=3000 2669 2647 2623 1802 660 551 109 82 1142 375 82 767 496
cat_boundaries=0 1
cat_threshold=9124
is_linear=0
shrinkage=0.03


Tree=96
num_leaves=15
num_cat=0
split_feature=12 25 14 28 33 33 15 25 25 14 38 45 30 13
split_gain=14.4502 2.92841 4.67045 3.9851 3.02066 3.24116 9.69192 7.11606 6.73417 5.6257 3.88068 6.50387 5.85536 8.53818
threshold=160.12625139043365 0.91726499210002455 20.783333333333335 57.350000000000001 35.500000000000007 32.500000000000007 12.883333333333335 0.90724384363663235 0.90386339131531257 22.583333333333339 2.5000000000000004 1.6426314711570742 25.250000000000004 6.4226666666666672
decision_type=2 2 2 10 2 2 2 2 2 2 2 2 10 2
left_child=1 2 -1 -3 5 10 -7 8 9 -8 11 -4 -12 -14
right_child=-2 3 4 -5 -6 6 7 -9 -10 -11 12 -13 13 -15
leaf_value=-0.022799777796246822 0.029256484033109889 -0.0065610629403722075 0.034764971005926334 0.032098358504233232 -0.022878161377733828 0.045393144445624346 -0.02095854585712954 -0.014451947844284349 0.034336848538709656 0.016390596704379489 -0.0047729181594415131 0.0018571158154026756 -0.0036452637157797902 0.022992063840864753
leaf_weight=7.8077653199434272 13.830401901155708 3.7240300923585874 4.7146378457546225 4.5495970845222473 4.4777486696839324 4.3352715522050849 5.6623198539018649 13.444619178771971 7.0993924289941779 6.9749020934104919 252.90144203975797 103.05263972654939 26.612851120531559 17.00319904088974
leaf_count=51 331 20 26 24 27 23 33 77 39 39 1470 593 151 96
internal_value=0.000106538 -0.000826671 -0.00116502 0.0158663 -0.000736385 -0.000460814 0.0078569 0.00176809 0.0129813 -0.000654029 -0.00125016 0.00360317 -0.00302025 0.00702157
internal_weight=476.191 462.36 454.087 8.27363 446.279 441.801 37.5165 33.1812 19.7366 12.6372 404.285 107.767 296.517 43.6161
internal_count=3000 2669 2625 44 2574 2547 211 188 111 72 2336 619 1717 247
is_linear=0
shrinkage=0.03


Tree=97
num_leaves=15
num_cat=0
split_feature=12 10 23 10 10 12 14 32 15 25 3 18 10 26
split_gain=13.9933 2.91457 5.26637 3.99799 6.71118 5.41075 6.22159 4.72781 4.34963 5.51641 5.83341 3.76732 5.9761 6.01624
threshold=160.12625139043365 2787.9400314721183 12.515966792364912 2253.8071065977711 2275.7618670767265 73.99054505005553 21.616666666666671 14.500000000000002 13.483333333333336 0.90451682297395064 175.05000000000004 2144.9333333333338 1879.3262767136709 47.216666666666676
decision_type=2 2 2 2 2 2 2 2 2 2 2 2 2 2
left_child=1 3 -3 7 -5 6 -6 -1 -8 -10 -11 12 -9 -14
right_child=-2 2 -4 4 5 -7 8 11 9 10 -12 -13 13 -15
leaf_value=-0.029877914060873059 0.029166315288025806 0.0029602637585847253 -0.040700048877995776 0.038867973107864211 0.032165838024708619 0.026816740005542617 -0.022169776581935897 -0.0011851463010711274 -0.013490980483997668 0.037513635139147739 -0.0065377579551214428 -0.0070433304911737896 0.018381190856896795 -0.0050333209114531508
leaf_weight=4.1678272187709799 13.465568028390406 5.2286724746227247 3.5347818359732628 4.6058836206793776 3.2665706276893642 6.3247099146246901 9.4390261620283145 289.01284362748265 9.5729343779385108 4.7694895938038808 4.6173558160662651 74.530787602066994 28.737142637372017 14.248646162450312
leaf_count=28 331 45 33 24 18 54 53 1636 57 24 24 429 160 84
internal_value=0.000110644 -0.000797274 -0.0170152 -0.00044697 0.00819322 0.00357276 -0.00174872 -0.00136082 -0.00661117 0.00185725 0.0173017 -0.000995862 0.000378816 0.0106819
internal_weight=475.522 462.057 8.76345 453.293 42.596 37.9901 31.6654 410.697 28.3988 18.9598 9.38685 406.529 331.999 42.9858
internal_count=3000 2669 78 2591 254 230 176 2337 158 105 48 2309 1880 244
is_linear=0
shrinkage=0.03


Tree=98
num_leaves=15
num_cat=2
split_feature=12 41 41 12 7 42 16 7 4 45 25 19 12 26
split_gain=13.5552 2.92673 3.99475 3.09621 4.47522 5.32684 6.99003 5.44426 6.43521 5.7932 5.12347 5.39396 5.00744 4.89053
threshold=160.12625139043365 96.128074645996108 94.350978851318374 -36.303003337041375 0 15.831498146057131 204.38333333333335 1 75.65000000000002 1.7762409448623659 0.90026967195161245 122.60360101505505 -25.790545050055837 50.38333333333334
decision_type=2 2 2 2 1 2 2 1 2 2 2 2 2 2
left_child=1 2 3 -1 -5 10 7 8 9 -7 12 13 -6 -12
right_child=-2 -3 -4 4 5 6 -8 -9 -10 -11 11 -13 -14 -15
leaf_value=-0.0059347050802543841 0.02907623432409813 -0.024046764327790179 0.024003953547721453 -0.0063970058335989849 0.01478096005083653 -0.006121061500818945 0.030173342419102245 -0.0020198123993108996 0.036800107727338181 0.016020495864806347 -0.0030592319335428718 0.017207974245206335 -0.018308397839023511 0.01394772419813034
leaf_weight=85.947509177029133 13.110528379678724 3.8126250207424155 4.8989568427205077 61.267611686140299 4.1681822836399105 16.345861375331879 9.5582589358091337 60.427310410887003 7.3882068619132033 27.311353363096714 125.45820182561874 15.280717372894285 23.380879089236259 16.303915023803711
leaf_count=556 331 22 24 361 24 86 48 338 38 158 707 81 136 90
internal_value=0.000111189 -0.000772658 -0.000526804 -0.000844493 0.000360827 0.00187934 0.00680468 0.00455047 0.0105741 0.00777896 -0.00126805 0.000851943 -0.0129596 -0.00101928
internal_weight=474.66 461.55 457.737 452.838 366.89 305.623 121.031 111.473 51.0454 43.6572 184.592 157.043 27.5491 141.762
internal_count=3000 2669 2647 2623 2067 1706 668 620 282 244 1038 878 160 797
cat_boundaries=0 1 2
cat_threshold=16395 33492
is_linear=0
shrinkage=0.03


Tree=99
num_leaves=15
num_cat=0
split_feature=12 10 23 10 10 12 14 32 14 11 11 43 19 19
split_gain=13.1334 2.84143 5.0284 3.72741 6.23774 5.20527 5.91093 4.58378 3.52811 3.91704 7.89019 7.54882 6.44169 6.33792
threshold=160.12625139043365 2787.9400314721183 12.515966792364912 2253.8071065977711 2275.7618670767265 73.99054505005553 21.616666666666671 14.500000000000002 20.783333333333335 270584.00000000006 256850.00000000003 100.50000000000001 106.4153161959939 121.64889411022885
decision_type=2 2 2 2 2 2 2 2 2 2 2 2 2 2
left_child=1 3 -3 7 -5 6 -6 -1 -9 10 -10 -11 -12 -13
right_child=-2 2 -4 4 5 -7 -8 8 9 11 12 13 -14 -15
leaf_value=-0.029597493018551278 0.028986185981352119 0.0027507396585974403 -0.040045649072894811 0.037332164004212964 0.031110625484370647 0.026501777706178238 -0.006515340525940559 -0.019607189535986426 -0.0007491646989944903 0.028915236187476732 -0.016770442086496262 -0.014594977596778875 0.018014926855507381 0.0019076887944990426
leaf_weight=4.0848891884088507 12.765045840293167 5.211803410202263 3.5033921115100384 4.6676864251494399 3.3136458992958095 6.1888852454721919 28.281750217080116 7.9047828242182723 268.34327530860901 4.3088958561420432 4.736953765153884 51.499306410551071 34.468333378434181 34.500457502901554
leaf_count=28 331 45 33 24 18 54 158 52 1519 24 27 306 191 190
internal_value=0.00010982 -0.000750747 -0.016804 -0.000405034 0.00795188 0.00345341 -0.00173584 -0.00128789 -0.00093083 -0.000511533 0.00110506 -0.0059687 0.0134994 -0.00802878
internal_weight=473.779 461.014 8.7152 452.299 42.452 37.7843 31.5954 409.847 405.762 397.857 307.549 90.3087 39.2053 85.9998
internal_count=3000 2669 78 2591 254 230 176 2337 2309 2257 1737 520 218 496
is_linear=0
shrinkage=0.03


Tree=100
num_leaves=15
num_cat=0
split_feature=20 25 14 28 33 33 15 25 29 25 14 42 45 15
split_gain=12.7097 2.78779 4.34501 3.66872 2.93658 3.11376 8.93917 6.70586 9.49802 5.16749 7.34088 3.7068 4.56775 7.74119
threshold=10.607786429365921 0.91726499210002455 20.783333333333335 57.350000000000001 35.500000000000007 32.500000000000007 12.883333333333335 0.90724384363663235 12.15 0.90386339131531257 22.583333333333339 14.796231746673586 1.6426314711570742 12.816666666666668
decision_type=2 2 2 10 2 2 2 2 10 2 2 2 2 2
left_child=1 2 -1 -3 5 11 -7 8 9 10 -8 -4 13 -13
right_child=-2 3 4 -5 -6 6 7 -9 -10 -11 -12 12 -14 -15
leaf_value=-0.022183762697229541 0.0289116903820913 -0.0061781190129481904 -0.019474449480964488 0.030957505968108198 -0.022604609277748593 0.043469125470505569 -0.019697814707529442 -0.014011985422244928 -0.017930228618367339 0.046410995531771165 0.030538103842995788 0.038905521571471251 -0.001399158451271292 -0.0014874574950696411
leaf_weight=7.5975260213017455 12.399503607302902 3.689737141132353 8.7019574195146543 4.6007550656795502 4.4163226410746566 4.4275728315114966 3.7257545739412326 13.286703284829853 5.673453375697135 5.2914346233010283 5.0292449966073036 5.9404211640357998 377.27747433632612 10.916581638157366
leaf_count=51 327 20 52 24 27 23 22 77 32 29 28 33 2191 64
internal_value=0.000109407 -0.000726959 -0.00105884 0.015544 -0.000648959 -0.000377996 0.00778257 0.00185802 0.012711 0.0254563 0.0093321 -0.00115372 -0.000700963 0.0141286
internal_weight=472.974 460.575 452.284 8.29049 444.687 440.271 37.4342 33.0066 19.7199 14.0464 8.755 402.836 394.134 16.857
internal_count=3000 2673 2629 44 2578 2551 211 188 111 79 50 2340 2288 97
is_linear=0
shrinkage=0.03


Tree=101
num_leaves=15
num_cat=1
split_feature=12 41 41 7 19 19 15 10 20 29 26 23 23 22
split_gain=12.3381 2.79469 3.80104 3.00385 3.47654 7.29088 4.54723 4.41525 4.27556 4.16041 6.31016 4.77049 5.11623 4.80756
threshold=160.12625139043365 96.128074645996108 94.350978851318374 0 84.827623624998751 89.267006398896015 13.41666666666667 1304.5114223650844 0.99432703003332568 13.250000000000002 43.116666666666674 8.9601287953645361 10.511542620783834 404.43333333333334
decision_type=2 2 2 1 2 2 2 2 2 8 2 2 2 2
left_child=1 2 3 4 6 -6 -1 -7 9 10 -9 -11 -13 -14
right_child=-2 -3 -4 -5 5 7 -8 8 -10 11 -12 12 13 -15
leaf_value=-0.026981678682680262 0.028808679294078827 -0.023520495860465517 0.023440453527421579 -0.0024555668466563264 0.034600989594334976 0.030423205221821875 0.010570292965934732 0.040567147136705999 0.01432911113614759 -0.01319214980014843 -0.0027038892748437672 0.0066435245104295888 0.012789975653415364 -0.017877769657966922
leaf_weight=6.5656377077102643 12.11119821667671 3.7818600572645655 4.9103303216397753 302.0620954670012 5.706991419196128 3.9160465002059928 4.0085894912481308 4.2456795126199705 18.665572840720415 27.665836334228516 6.9180038794875145 49.359483882784843 5.3652399405837086 17.09906755015254
leaf_count=36 331 22 24 1802 29 19 20 22 107 158 38 264 30 98
internal_value=0.000111756 -0.00070417 -0.000464145 -0.000775296 0.00260325 0.00406636 -0.0130628 0.00251042 0.00143819 -0.000845173 0.0157348 -0.00284367 0.00126888 -0.0103203
internal_weight=472.382 460.27 456.489 451.578 149.516 138.942 10.5742 133.235 129.319 110.653 11.1637 99.4896 71.8238 22.4643
internal_count=3000 2669 2647 2623 821 765 56 736 717 610 60 550 392 128
cat_boundaries=0 1
cat_threshold=9124
is_linear=0
shrinkage=0.03


Tree=102
num_leaves=15
num_cat=0
split_feature=12 19 42 42 22 24 1 19 25 25 3 12 41 10
split_gain=11.9532 2.75109 3.08183 4.37487 4.83563 7.12681 5.181 7.78984 4.55996 4.07236 3.94005 3.42113 3.39749 4.42213
threshold=160.12625139043365 181.15176881825019 16.092265129089359 16.121566772460941 492.71666666666675 511.68333333333339 20.500000000000004 98.519617001675982 0.89875175709313881 0.91008742610832005 158.15000000000001 -27.151501668520833 81.115936279296889 1812.963943828425
decision_type=2 2 2 2 2 2 2 2 2 2 2 2 2 2
left_child=1 2 -1 -4 5 6 9 -8 -7 11 -9 -5 13 -13
right_child=-2 -3 3 4 -6 8 7 10 -10 -11 -12 12 -14 -15
leaf_value=-0.0018068109994832514 0.028718385964061312 -0.023811849699315289 0.025523614260805707 -0.030439706284167589 0.024683909067532307 0.0098313476562584112 -0.017002453029401357 -0.015268995938243655 -0.0281294968825016 0.018994718457241572 0.018124534258972414 0.028960071458554767 -0.013014281944630697 -0.0091196469399539137
leaf_weight=349.91099635511637 11.792753301560877 3.5817391946911803 6.8866654485464087 4.6779617592692402 6.9772280678153029 3.2389622852206221 7.1081087738275519 2.7274022065103045 10.294156298041342 4.3963237404823294 36.379574086517096 4.2100484445691126 14.415572118014095 5.0499077960848808
leaf_count=2017 331 42 36 34 38 20 39 16 58 24 212 21 83 29
internal_value=0.000114057 -0.000680211 -0.000446952 0.00400189 0.00227275 0.000336324 0.00384506 0.0102238 -0.0189928 -0.00519251 0.015473 -0.00946217 -0.00425167 0.00932853
internal_weight=471.647 459.855 456.273 106.362 99.4752 92.498 78.9649 46.2151 13.5331 32.7498 39.107 28.3535 23.6755 9.25996
internal_count=3000 2669 2627 610 574 536 458 267 78 191 228 167 133 50
is_linear=0
shrinkage=0.03


Tree=103
num_leaves=15
num_cat=1
split_feature=12 12 38 30 6 2 14 4 4 39 28 41 8 32
split_gain=11.5846 2.7353 4.13799 6.13019 5.40571 7.22335 4.80684 4.47316 7.6766 5.37526 4.12545 6.90022 3.26212 3.20228
threshold=160.12625139043365 -36.303003337041375 4.5000000000000009 24.450000000000003 1.5000000000000002 0 23.183333333333337 74.250000000000014 71.950000000000017 1.0867346938775515 59.850000000000001 79.163494110107436 1.0000000180025095e-35 14.500000000000002
decision_type=2 2 2 10 2 1 2 2 2 2 8 2 2 2
left_child=1 2 4 -4 5 -1 7 8 9 10 11 -6 -11 -3
right_child=-2 13 3 -5 6 -7 -8 -9 -10 12 -12 -13 -14 -15
leaf_value=-0.0068882169643023515 0.028627912566302878 -0.023487129257765936 -0.023550761538368666 0.016463946336834494 -0.017773060406855917 0.047125047497572591 -0.023915718280729217 -0.021494763235745253 0.041384102087497612 0.027585705969558106 -0.015375679456958785 0.032774451765007685 -0.0040071344919464834 0.00077705084181277579
leaf_weight=3.9972641021013251 11.482962962239979 3.9612089097499839 17.837018880993131 3.4662860035896292 3.7607770711183575 3.4769689589738846 8.8573543727397901 7.0072392076253882 3.214889094233512 6.6057157814502698 19.749557130038738 4.0944163501262665 4.4278091788291931 368.96515038609505
leaf_count=24 331 27 127 20 23 18 70 46 19 37 130 23 27 2078
internal_value=0.000111725 -0.000661649 -0.00543566 -0.0165937 -0.00159387 0.0208343 -0.0048036 -0.000928806 0.00293568 -0.00122675 -0.00827434 0.00929998 0.0156279 0.000457195
internal_weight=470.905 459.422 86.4953 21.3033 65.192 7.47423 57.7178 48.8604 41.8532 38.6383 27.6048 7.85519 11.0335 372.926
internal_count=3000 2669 564 147 417 42 375 305 259 240 176 46 64 2105
cat_boundaries=0 1
cat_threshold=1
is_linear=0
shrinkage=0.03


Tree=104
num_leaves=15
num_cat=0
split_feature=20 25 14 28 14 33 12 19 28 29 14 10 9 42
split_gain=11.2368 2.64117 4.16799 3.39712 2.78669 2.71214 2.60815 5.38559 6.34216 7.52272 7.80252 7.89356 4.18228 3.63595
threshold=10.607786429365921 0.91726499210002455 20.783333333333335 57.350000000000001 20.850000000000005 35.500000000000007 -33.121802002224925 120.69075346205375 79.350000000000009 15.550000000000002 23.083333333333339 2275.7618670767265 8968.8166666666675 15.040167331695558
decision_type=2 2 2 10 2 2 2 2 8 8 2 2 2 2
left_child=1 2 -1 -3 -4 6 7 12 9 -9 11 -11 13 -6
right_child=-2 3 4 -5 5 -7 -8 8 -10 10 -12 -13 -14 -15
leaf_value=-0.021815092814767074 0.028559332576526441 -0.0058754804236167534 0.02337003219149305 0.029875580914999613 0.015291288937191011 -0.022044439990762325 0.00068438021832815791 -0.011353625451173107 -0.012908450401648017 0.063184723350075259 -0.0044679837092195416 0.0061357834916446197 -0.024160592862465601 -0.0084777946299411239
leaf_weight=7.4686622992157927 11.1742474026978 3.6649019271135312 3.3357312828302375 4.6479720622301102 5.6811168417334548 4.3437000215053549 341.3480178900063 5.9826974123716417 10.098883189260958 5.1396945565938932 4.5312939248979083 3.7526232302188873 13.259984493255613 45.823582224547863
leaf_count=51 327 20 18 24 33 27 1925 38 73 28 36 22 88 290
internal_value=0.000111621 -0.000641383 -0.000966019 0.0151755 -0.000566445 -0.000800515 -0.00053868 -0.00492804 0.00556738 0.0153435 0.0272042 0.0421636 -0.00972144 -0.00561469
internal_weight=470.253 459.079 450.766 8.31287 443.297 439.962 435.618 94.2699 29.5052 19.4063 13.4236 8.89232 64.7647 51.5047
internal_count=3000 2673 2629 44 2578 2560 2533 608 197 124 86 50 411 323
is_linear=0
shrinkage=0.03


Tree=105
num_leaves=15
num_cat=0
split_feature=12 41 41 30 10 28 31 14 28 44 38 20 36 3
split_gain=10.8915 2.69059 3.59926 2.88665 13.5007 4.52439 5.07182 5.28935 5.57718 7.05172 5.12656 8.06125 7.82704 6.0355
threshold=160.12625139043365 96.128074645996108 94.350978851318374 25.250000000000004 1728.3833894137761 77.65000000000002 2.5000000000000004 21.450000000000003 64.65000000000002 2.2690616846084599 4.5000000000000009 -2.3111234705228703 4.5000000000000009 176.85000000000005
decision_type=2 2 2 10 2 10 10 2 10 2 2 2 2 2
left_child=1 2 3 5 -5 6 10 -8 -9 -10 13 -12 -13 -1
right_child=-2 -3 -4 4 -6 -7 7 8 9 -11 11 12 -14 -15
leaf_value=-0.0037235352995359915 0.028449486033938577 -0.023114767767842652 0.022847372627091724 -0.0092513209459226114 0.017494356548464016 -0.022539013029720875 -0.014896579715830612 0.0029653479547363613 0.036470837765868062 -0.0034737976724059419 -0.02742167075302997 -0.0093853381327443364 0.013019924750892626 0.0065629269026267877
leaf_weight=147.83115469291806 10.898362305015324 3.7373967394232741 4.9234474040567866 31.01955483853817 35.337020363658667 8.1506380178034288 7.5899115651845923 31.294968567788601 11.558227062225344 5.5837497524917117 15.714839261025189 61.468787234276533 17.161342769861221 77.368152663111687
leaf_count=876 331 22 24 181 202 47 43 175 62 33 110 361 97 436
internal_value=0.000111481 -0.000622168 -0.000387129 -0.00069138 0.00503989 -0.00169301 -0.00118195 0.00706586 0.010739 0.0239852 -0.00264561 -0.00847638 -0.0043932 -0.000176188
internal_weight=469.638 458.739 455.002 450.078 66.3566 383.722 375.571 56.0269 48.4369 17.142 319.544 94.345 78.6301 225.199
internal_count=3000 2669 2647 2623 383 2240 2193 313 270 95 1880 568 458 1312
is_linear=0
shrinkage=0.03


Tree=106
num_leaves=15
num_cat=2
split_feature=12 19 42 7 42 45 26 26 32 19 41 23 23 7
split_gain=10.5579 2.60986 2.92518 4.31714 5.78146 5.14347 4.14255 5.49045 3.57861 4.39975 3.8104 3.35909 5.32747 4.26968
threshold=160.12625139043365 181.15176881825019 16.092265129089359 0 16.158638954162601 1.7891689538955691 54.583333333333336 50.850000000000009 18.500000000000004 113.8039775889355 85.118553161621108 8.6586942592665341 7.4588896638015374 1
decision_type=2 2 2 1 2 2 2 2 2 2 2 2 2 1
left_child=1 2 11 4 -4 -6 7 -5 9 -7 -10 12 -1 -13
right_child=-2 -3 3 6 5 8 -8 -9 10 -11 -12 13 -14 -15
leaf_value=0.009719456353817971 0.028358169780233547 -0.023248096724444622 0.036450400088688696 9.3627025370772394e-05 -0.0093168660349507802 -0.020439472557380919 0.023489248248241026 -0.024809040581495582 0.036108427087306827 0.01733661199125603 0.00029735983818598234 0.0029964238481181606 -0.011609573613539812 -0.0041534477926378514
leaf_weight=12.166422456502913 10.612984802573918 3.5366571135818949 6.7655867040157309 54.493404425680637 10.575344733893873 3.8788098692894 4.5472706928849211 8.3313630595803243 8.1794481128454191 5.4389966279268265 3.7969091944396487 155.18442367762327 55.192011989653111 126.3358673453331
leaf_count=66 331 42 33 311 56 21 28 51 48 36 26 868 340 743
internal_value=0.000108504 -0.000605809 -0.00037916 0.00396235 0.0104766 0.00720869 -0.00122499 -0.00354575 0.0154656 0.00115432 0.0256529 -0.00170589 -0.00767125 -0.000256471
internal_weight=469.036 458.423 454.886 106.007 38.6351 31.8695 67.372 62.8248 21.2942 9.31781 11.9764 348.879 67.3584 281.52
internal_count=3000 2669 2627 610 220 187 390 362 131 57 74 2017 406 1611
cat_boundaries=0 1 2
cat_threshold=41556 7590
is_linear=0
shrinkage=0.03


Tree=107
num_leaves=15
num_cat=0
split_feature=12 10 23 10 10 43 32 30 30 30 12 19 12 12
split_gain=10.233 2.61776 4.75348 3.39498 5.65769 4.90931 4.33378 3.61332 3.59524 6.58459 3.19485 3.1867 3.15242 2.88363
threshold=160.12625139043365 2787.9400314721183 12.515966792364912 2253.8071065977711 2275.7618670767265 120.50000000000001 14.500000000000002 23.650000000000002 30.750000000000004 29.650000000000002 -19.82024471635172 133.74592052981907 101.42146829810883 -75.015016685205993
decision_type=2 2 2 2 2 2 2 10 10 10 2 2 2 2
left_child=1 3 12 6 -5 7 -1 10 9 13 11 -6 -3 -8
right_child=-2 2 -4 4 5 -7 8 -9 -10 -11 -12 -13 -14 -15
leaf_value=-0.029077175950055139 0.028266482997746978 -0.015345902663492807 -0.038922447865078459 0.035530588856686321 -0.017106509825070122 0.015538243636570319 -0.026918921321830099 0.011923324289806685 -0.018837464577102513 0.032805200957978509 -0.026062858828408312 0.017579438199796297 0.024832981243488199 -0.00050991404769059842
leaf_weight=3.9242154359817496 10.335425777360795 2.9553047567605955 3.4282880388200283 4.7333048954606047 3.6882366091012937 15.91751069948077 2.757984794676303 6.3347187340259543 8.6628670990467054 4.3302866965532294 7.6258792728185689 3.8509373217821121 2.1781102567911148 387.63467060402036
leaf_count=28 331 28 33 24 23 111 19 33 49 23 41 22 17 2218
internal_value=0.000108432 -0.000587159 -0.0161201 -0.000256146 0.00774712 0.00339912 -0.00110131 -0.00587932 -0.000757925 -0.000314538 -0.0135934 0.000594599 0.0029713 -0.000764785
internal_weight=468.358 458.022 8.5617 449.461 42.1506 37.4173 407.31 21.4998 403.386 394.723 15.1651 7.53917 5.13342 390.393
internal_count=3000 2669 78 2591 254 230 2337 119 2309 2260 86 45 45 2237
is_linear=0
shrinkage=0.03


Tree=108
num_leaves=15
num_cat=0
split_feature=12 10 23 10 10 12 14 32 18 28 18 10 26 44
split_gain=9.92112 2.51818 4.57381 3.2195 5.32844 4.79453 5.63286 4.19887 3.55371 5.71174 5.9517 5.43397 5.69748 8.04111
threshold=160.12625139043365 2787.9400314721183 12.515966792364912 2253.8071065977711 2275.7618670767265 73.99054505005553 21.616666666666671 14.500000000000002 2144.9333333333338 49.45000000000001 2158.8166666666671 1879.3262767136709 47.216666666666676 2.2437220811843877
decision_type=2 2 2 2 2 2 2 2 2 8 2 2 2 2
left_child=1 3 -3 7 -5 6 -6 -1 11 -10 -11 -9 13 -13
right_child=-2 2 -4 4 5 -7 -8 8 9 10 -12 12 -14 -15
leaf_value=-0.02882014009625794 0.028174377771518079 0.0029575896716332469 -0.038319284477051831 0.034399397179008202 0.030270199458581885 0.025898900487371826 -0.0063521461201326724 -0.00090187199595736611 0.02421108123753361 -0.020730288290993416 -0.002368513157745522 0.0059022758839754157 -0.0049285596236161621 0.038820893022837137
leaf_weight=3.8504734784364691 10.065484536811708 5.0760270431637746 3.3940459378063679 4.7745278775691977 3.3482414484024074 5.9293449260294429 28.031330425292253 286.73634922876954 4.1049998849630347 23.525855526328087 45.977370448410511 19.073606953024868 14.152772068977354 9.6650310568511468
leaf_count=28 331 45 33 24 18 54 158 1636 21 142 266 107 84 53
internal_value=0.000104768 -0.000572688 -0.0158823 -0.000249354 0.00755078 0.00330663 -0.00163032 -0.00107224 -0.000736633 -0.00664936 -0.00878959 0.000599839 0.0104308 0.0179062
internal_weight=467.705 457.64 8.47007 449.17 42.0834 37.3089 31.3796 407.086 403.236 73.6082 69.5032 329.628 42.8914 28.7386
internal_count=3000 2669 78 2591 254 230 176 2337 2309 429 408 1880 244 160
is_linear=0
shrinkage=0.03


Tree=109
num_leaves=15
num_cat=1
split_feature=20 41 41 3 3 46 32 41 3 25 9 23 7 4
split_gain=9.64856 2.48867 3.40723 2.85795 4.92922 5.88495 6.18019 6.55286 5.79352 6.62152 7.34311 8.48165 6.84651 6.54853
threshold=10.607786429365921 96.128074645996108 94.350978851318374 185.35000000000005 178.65000000000001 253.19102478027347 18.500000000000004 78.849239349365249 174.05000000000004 0.90164504972008697 10205.033333333335 8.2099242156595533 0 58.650000000000013
decision_type=2 2 2 2 2 2 2 2 2 2 2 2 1 2
left_child=1 2 3 4 8 6 7 -6 9 -1 11 13 -13 -11
right_child=-2 -3 -4 -5 5 -7 -8 -9 -10 10 -12 12 -14 -15
leaf_value=-0.0073732188949701318 0.028112014516855317 -0.02216357136296411 0.022267964322275798 -0.0092530238634481368 -0.023497499058455863 -0.00062287177119834866 0.026104016247673726 0.014817193589864304 -0.0086296090774956816 0.0083095021998204344 0.019877068587799484 -0.0094035685335220158 0.0061000695052665574 -0.03014038448236301
leaf_weight=67.683933466672897 9.8168480880558473 3.7470252886414519 4.9287662990391246 31.082157220691442 5.2812215983867636 44.682204730808735 20.1908158659935 10.152251377701758 78.668002385646105 5.3163422197103527 20.799662619829178 21.79215145856142 131.27361577376723 11.52756656706333
leaf_count=419 327 23 24 187 31 258 107 52 470 29 117 130 753 73
internal_value=0.000107287 -0.00055417 -0.000327191 -0.000624519 3.8643e-05 0.0066706 0.0155858 0.00107415 -0.00155651 0.000621864 0.00348303 0.00137158 0.00363167 -0.0182191
internal_weight=466.943 457.126 453.379 448.45 417.368 80.3065 35.6243 15.4335 337.061 258.393 190.709 169.91 153.066 16.8439
internal_count=3000 2673 2650 2626 2439 448 190 83 1991 1521 1102 985 883 102
cat_boundaries=0 1
cat_threshold=33032
is_linear=0
shrinkage=0.03


Tree=110
num_leaves=15
num_cat=0
split_feature=20 12 28 41 44 38 43 4 3 6 26 24 28 39
split_gain=9.35608 2.39992 3.78088 5.46292 6.00607 5.11304 5.54394 3.87062 3.77723 4.47242 5.01076 7.25078 4.06763 3.43744
threshold=10.607786429365921 -36.303003337041375 59.850000000000001 79.021240234375014 2.2625000476837163 3.5000000000000004 102.50000000000001 54.350000000000001 182.75000000000003 7.5000000000000009 48.083333333333343 440.58333333333343 92.950000000000017 1.0315270935960592
decision_type=2 2 8 2 2 2 2 2 2 2 2 2 8 2
left_child=1 2 3 -1 7 6 -4 -5 9 10 11 -8 -11 -7
right_child=-2 -3 5 4 -6 13 8 -9 -10 12 -12 -13 -14 -15
leaf_value=-0.013089316325893443 0.028018308125105622 0.00050433773285159939 0.033971474329149841 0.0086574895841145822 -0.014667638203614199 -0.0075761017980036311 -0.0097713937384651881 0.047218718324983817 -0.029221918503405248 -0.02832313913474856 -0.014510569674650843 0.035824354611491138 0.0066064083348522226 -0.027922863870049552
leaf_weight=7.5592946261167553 9.5613942146301252 371.44416978955269 2.7761940211057654 5.2257131189107877 3.2156923525035372 17.353898853063587 4.4297983981669038 4.2678503468632698 3.727279443293809 6.3405864834785435 4.7914586998522273 7.4574174322187901 4.5413650795817384 13.695735570043324
leaf_count=47 327 2109 16 28 24 120 28 24 26 41 36 45 30 99
internal_value=0.000102384 -0.00054182 -0.00504614 0.00605451 0.0175652 -0.00854085 -0.000435482 0.0288406 -0.00444602 -0.000189508 0.00938348 0.0193932 -0.0144168 -0.0171421
internal_weight=466.388 456.826 85.3823 20.2686 12.7093 65.1137 34.0641 9.49356 31.2879 27.5606 16.6787 11.8872 10.882 31.0496
internal_count=3000 2673 564 123 76 441 222 52 206 180 109 73 71 219
is_linear=0
shrinkage=0.03


Tree=111
num_leaves=15
num_cat=0
split_feature=20 25 16 28 33 33 25 29 38 42 30 19 30 22
split_gain=9.07142 2.44703 3.55354 3.18536 2.64082 2.76327 6.96722 9.2111 3.62801 5.5509 4.85138 9.26719 5.93985 5.82018
threshold=10.607786429365921 0.91726499210002455 206.6166666666667 57.350000000000001 35.500000000000007 32.500000000000007 0.90758579031138942 12.15 2.5000000000000004 15.015964508056642 25.250000000000004 114.4582567077634 26.050000000000004 502.21666666666675
decision_type=2 2 2 10 2 2 2 10 2 2 10 2 8 2
left_child=1 2 4 -3 5 8 7 -7 9 -1 13 -12 -13 -10
right_child=-2 3 -4 -5 -6 6 -8 -9 10 -11 11 12 -14 -15
leaf_value=0.027833660611148035 0.027924093196130428 -0.0057947704807698557 -0.022413310399940552 0.028771170392658765 -0.021623116205124072 0.028622598078368245 -0.0085260637175235167 -0.011963974085302944 -0.0052646330103722824 0.0017783275129439951 -0.003715590672048844 0.055642871395008356 0.01252820634294171 0.017543026124232149
leaf_weight=6.9614535272121421 9.3129726462066156 3.6510856598615629 5.7704290002584449 4.7036101669073105 4.2693200930953017 16.695121161639694 14.504619583487509 6.3809031099081031 240.48977701365948 99.876367162913084 28.621698997914791 3.2285838238894913 11.874095622450113 9.5469295158982259
leaf_count=38 327 20 40 24 27 93 84 36 1426 582 165 17 68 53
internal_value=9.98069e-05 -0.000527525 -0.000842638 0.0146608 -0.000511404 -0.00025694 0.00741258 0.017369 -0.000993092 0.00371843 -0.00271343 0.0064063 0.0246282 -0.00432738
internal_weight=465.887 456.574 448.219 8.3547 442.449 438.18 37.5806 23.076 400.599 106.838 293.761 43.7244 15.1027 250.037
internal_count=3000 2673 2629 44 2589 2562 213 129 2349 620 1729 250 85 1479
is_linear=0
shrinkage=0.03


Tree=112
num_leaves=15
num_cat=2
split_feature=12 41 41 7 46 37 41 14 41 8 6 2 6 39
split_gain=8.79221 2.45846 3.24639 2.78172 3.90421 4.30205 4.06447 4.04684 4.58766 8.38419 5.4358 6.60772 6.40245 5.23532
threshold=160.12625139043365 96.128074645996108 94.350978851318374 0 372.38636779785162 14.500000000000002 81.157089233398452 21.150000000000002 72.757377624511733 1.0000000180025095e-35 8.5000000000000018 1 9.5000000000000018 1.2471198156682031
decision_type=2 2 2 1 2 2 2 2 2 2 2 1 2 2
left_child=1 2 3 4 5 7 -7 -1 9 -9 13 12 -12 -10
right_child=-2 -3 -4 -5 -6 6 -8 8 10 -11 11 -13 -14 -15
leaf_value=-0.018135886596757012 0.027812223285098622 -0.022149678352387486 0.021745855039343839 -0.0023585855289353667 0.02734256171237626 0.029105317474496711 -0.0027318397168340116 -0.010165764779050708 -0.0065037222048339432 0.040686052944187361 0.022193669492639363 0.021874423022149363 -0.015272254109958215 0.014658823909608147
leaf_weight=9.158084958791731 9.0844337809830886 3.6755954250693312 4.9427677877247325 280.1475992500782 4.5319230630993834 8.3824436590075475 5.6063013672828665 4.4916630089282972 83.218449268490076 5.8923917040228844 5.0136160627007511 18.145272940397263 12.022764977067707 11.06647267192602
leaf_count=55 331 22 24 1691 25 42 30 26 475 30 26 98 68 57
internal_value=0.000104245 -0.000507009 -0.000282814 -0.000573955 0.00240395 0.00169465 0.0170149 0.000152573 0.00147045 0.0197291 -0.000134012 0.00976653 -0.00362727 -0.00389204
internal_weight=465.38 456.295 452.62 447.677 167.529 162.997 13.9887 149.009 139.851 10.3841 129.467 35.1817 17.0364 94.2849
internal_count=3000 2669 2647 2623 932 907 72 835 780 56 724 192 94 532
cat_boundaries=0 1 2
cat_threshold=41892 1
is_linear=0
shrinkage=0.03


Tree=113
num_leaves=15
num_cat=0
split_feature=20 23 23 1 41 44 23 30 44 3 23 31 14 28
split_gain=8.5308 2.38694 4.76269 4.22321 5.42658 4.04469 3.55681 5.90148 6.39816 7.59079 5.72363 6.49935 5.77315 4.62524
threshold=10.607786429365921 7.3683460204005442 8.5200911884314934 23.500000000000004 81.362808227539077 2.2809736728668217 9.4263630784880839 23.950000000000003 2.2023460865020756 169.25000000000003 9.1211828734272 1.5000000000000002 21.583333333333339 51.250000000000007
decision_type=2 2 2 2 2 2 2 8 2 2 2 10 2 10
left_child=1 -1 3 5 -5 -3 7 8 9 -4 11 -9 -12 -8
right_child=-2 2 6 4 -6 -7 13 10 -10 -11 12 -13 -14 -15
leaf_value=0.012542682206113298 0.027738547794912544 -0.01602800629463233 0.036384245700560952 -0.014975471913364765 0.031249208541126328 0.0061060268614129562 -0.0063953446203805385 -0.0031358140860681047 -0.011662543151499652 -0.0014778473433857426 -0.010775859651047706 0.026279924999240228 0.028625443239786705 0.001557857759344835
leaf_weight=11.315158322453497 8.8441539201885444 40.308351017534733 5.6491296589374569 3.3399934321641913 4.0647517889738083 8.5013399049639684 105.35282975807786 28.955708704888821 29.151082716882229 16.567608281970024 3.4491748884320286 7.7547428645193568 19.671958804130554 171.87211615405977
leaf_count=60 327 255 30 22 23 48 627 168 161 97 20 44 107 1011
internal_value=0.000107638 -0.00048785 -0.000846852 -0.0089278 0.011098 -0.0121277 0.00034258 0.00485084 -0.00259085 0.00930197 0.0111774 0.0036101 0.0225446 -0.00147669
internal_weight=464.798 455.954 444.639 56.2144 7.40475 48.8097 388.424 111.199 51.3678 22.2167 59.8316 36.7105 23.1211 277.225
internal_count=3000 2673 2613 348 45 303 2265 627 288 127 339 212 127 1638
is_linear=0
shrinkage=0.03


Tree=114
num_leaves=15
num_cat=1
split_feature=20 41 41 7 10 45 42 32 45 4 16 45 19 32
split_gain=8.26908 2.29833 3.0318 2.6597 3.76602 4.93515 4.18375 4.5827 3.93608 3.62279 4.52116 4.25278 4.14695 7.70253
threshold=10.607786429365921 96.128074645996108 94.350978851318374 0 2406.7211965845731 1.8505020141601565 16.101969718933109 19.500000000000004 1.7816919684410097 54.050000000000004 204.95000000000002 1.6986634731292727 91.327895326652495 16.500000000000004
decision_type=2 2 2 1 2 2 2 2 2 2 2 2 2 2
left_child=1 2 3 4 5 6 -1 8 -8 10 11 -5 13 -11
right_child=-2 -3 -4 9 -6 -7 7 -9 -10 12 -12 -13 -14 -15
leaf_value=-1.2725624699675647e-05 0.027642573826912483 -0.021376552573842442 0.020987784877129427 -0.021358681645907044 0.019843948786741259 -0.023878597822023402 -0.013981283164075252 0.027487264940944802 0.013090772636276678 0.036491588944546786 0.020122173995735713 0.0047769784628432952 -0.0055518654518745764 -0.00058179655328875692
leaf_weight=123.059830121696 8.6155416872352344 3.6837241910397998 4.9693783707916728 6.0697386115789405 9.585524642840026 5.6952957138419142 6.7242184057831826 10.389278531074522 12.008496955037115 5.0030706375837317 12.298072651028631 26.0293292067945 198.81123979389668 31.374427326023579
leaf_count=679 327 23 24 34 70 36 36 51 64 29 65 149 1227 186
internal_value=0.000110738 -0.000469168 -0.000251972 -0.000534389 0.00237564 0.00134635 0.00244009 0.0124612 0.00315703 -0.00228296 0.00541233 -0.000661099 -0.00384904 0.00535687
internal_weight=464.317 455.702 452.018 447.049 167.463 157.877 152.182 29.122 18.7327 279.586 44.3971 32.0991 235.189 36.3775
internal_count=3000 2673 2650 2626 936 866 830 151 100 1690 248 183 1442 215
cat_boundaries=0 1
cat_threshold=41892
is_linear=0
shrinkage=0.03


Tree=115
num_leaves=15
num_cat=0
split_feature=12 19 32 12 20 42 22 6 22 1 22 6 41 20
split_gain=8.03055 3.09213 2.5636 2.31997 4.43674 5.46108 5.07653 4.48324 3.7665 3.51101 4.61443 3.61057 2.79865 2.7173
threshold=119.48565072302547 169.58853135869762 14.500000000000002 -36.303003337041375 -2.5506117908788024 15.39254665374756 432.01666666666671 1.5000000000000002 417.88333333333338 20.500000000000004 413.45000000000005 6.5000000000000009 80.94278717041017 -1.4064516129032703
decision_type=2 2 2 2 2 2 2 2 2 2 2 2 2 2
left_child=1 2 -1 4 5 6 8 -7 -4 -9 11 -11 -8 -5
right_child=-2 -3 3 13 -6 7 12 9 -10 10 -12 -13 -14 -15
leaf_value=-0.020736526233110328 0.022250384821147551 -0.023192473193743401 0.0084330058809650894 0.0058343658653955367 -0.015937337600458505 0.016807926727283345 -0.018050570279126911 -0.020164020869166965 0.049084079168236802 0.032056790419689542 -0.011041777933706226 -0.0055625506261719306 0.013884928571700395 -0.00041499088624158707
leaf_weight=4.4648590236902228 13.294752109795807 4.381926003843545 4.6992338970303553 79.696704961359501 21.53847137093544 5.9126720130443564 4.1916325539350501 15.363551862537859 3.5137403607368469 4.1297069042921093 16.138677388429642 3.6971971839666367 3.7418415695428848 279.02736990898848
leaf_count=32 379 52 27 449 144 33 29 106 21 24 107 23 23 1551
internal_value=0.000112676 -0.00058847 -0.00031507 -6.22398e-05 -0.00455345 -0.000367899 0.0140987 -0.00572415 0.0292646 -0.00944436 -0.00203993 0.0156695 -0.00311993 0.00098577
internal_weight=463.792 450.498 446.116 441.651 82.9267 61.3883 16.1464 45.2418 8.21297 39.3291 23.9656 7.8269 7.93347 358.724
internal_count=3000 2621 2569 2537 537 393 100 293 48 260 154 47 52 2000
is_linear=0
shrinkage=0.03


Tree=116
num_leaves=15
num_cat=1
split_feature=12 10 23 43 1 1 44 3 3 41 7 45 28 26
split_gain=7.82863 2.46987 4.29946 3.03085 4.4875 4.36617 5.36653 3.11604 5.33639 6.082 4.98109 7.91279 4.87054 5.5343
threshold=160.12625139043365 2787.9400314721183 12.515966792364912 125.50000000000001 23.500000000000004 20.500000000000004 2.3175425529479985 185.35000000000005 178.35000000000005 78.295310974121108 0 1.7270052433013918 59.150000000000013 46.983333333333341
decision_type=2 2 2 2 2 2 2 2 2 2 1 2 10 2
left_child=1 3 -3 7 5 6 -5 8 -1 -10 -11 12 -12 -14
right_child=-2 2 -4 4 -6 -7 -8 -9 9 10 11 -13 13 -15
leaf_value=-0.0019011281935915208 0.027454989624880577 0.0027192491533403148 -0.037631041368600744 0.020036629457694629 -0.01717175220204532 0.022963240007855816 -0.013085615813027952 -0.010293142187445184 -0.00612507513643731 -0.0026181211127258197 0.022541082249848715 0.036010707050462963 -0.027132250618137187 0.014945331179708848
leaf_weight=306.94145281612873 8.2361719906330091 4.9944983795285207 3.3292964696884155 6.6184321343898835 4.5869217030704013 15.560577359050511 9.4335396066308004 28.301641725003719 21.976497545838356 19.439874276518822 8.2190961688756961 16.285323970019817 4.9143094867467862 4.4737804383039474
leaf_count=1782 331 45 33 35 30 96 64 173 126 107 43 82 29 24
internal_value=0.000111053 -0.000442944 -0.0157249 -0.00012373 0.00807715 0.0121549 0.000945252 -0.000864693 -0.000141579 0.00696087 0.0123666 0.0167423 0.00694072 -0.00757224
internal_weight=463.311 455.075 8.32379 446.751 36.1995 31.6125 16.052 410.552 382.25 75.3089 53.3324 33.8925 17.6072 9.38809
internal_count=3000 2669 78 2591 225 195 99 2366 2193 411 285 178 96 53
cat_boundaries=0 1
cat_threshold=24931
is_linear=0
shrinkage=0.03


Tree=117
num_leaves=15
num_cat=0
split_feature=12 10 23 12 12 42 43 23 26 33 15 29 42 18
split_gain=7.5931 2.36775 4.14363 2.99583 2.90182 2.93338 3.34923 3.88113 3.41243 3.00955 7.10286 5.8434 6.08467 4.19208
threshold=160.12625139043365 2787.9400314721183 12.515966792364912 101.42146829810883 79.229254727474739 18.594023704528812 125.50000000000001 9.7779072155256603 50.250000000000007 32.500000000000007 12.883333333333335 12.15 16.17731857299805 2029.6333333333334
decision_type=2 2 2 2 2 2 2 2 2 2 2 10 2 2
left_child=1 4 3 -3 5 6 9 -8 -9 -1 -11 12 13 -12
right_child=-2 2 -4 -5 -6 -7 7 8 -10 10 11 -13 -14 -15
leaf_value=-0.0017243999876310979 0.027357722899121667 -0.015233435591571226 -0.037045396992537408 0.024341962030323943 0.016108647386775282 -0.023887676251934199 -0.0054830764804136272 0.028236123653065208 -0.00093606176604408068 0.033502530784977551 -0.024205349356160758 -0.019293136692147508 0.035965604187566093 0.0072777108625144381
leaf_weight=369.46972443163395 8.0242493487894517 2.9005450010299665 3.2967755403369665 2.0939083434641361 8.702408488839863 3.7653992921113959 8.4791579842567462 10.287436924874781 5.2129735201597205 6.3723591119050971 3.8128097653389039 8.455758832395075 4.5960213243961325 17.215415462851524
leaf_count=2136 331 28 33 17 80 27 40 52 29 35 23 49 23 97
internal_value=0.000107918 -0.000431995 -0.0154213 0.0026513 -0.000119723 -0.000478388 -0.000220783 0.0104454 0.018963 -0.000868635 0.00680049 0.000994978 0.00816305 0.000729554
internal_weight=462.685 454.661 8.29123 4.99445 446.369 437.667 433.902 23.9796 15.5004 409.922 40.4524 34.08 25.6242 21.0282
internal_count=3000 2669 78 45 2591 2511 2484 121 81 2363 227 192 143 120
is_linear=0
shrinkage=0.03


Tree=118
num_leaves=15
num_cat=2
split_feature=15 46 32 25 3 41 33 18 28 11 7 29 7 41
split_gain=7.41858 2.47228 3.77581 3.63361 8.8849 6.84613 3.666 3.3225 7.91323 5.87871 7.50675 7.3187 6.0648 5.61703
threshold=15.616666666666669 334.53312683105474 14.500000000000002 0.9043232070122299 169.25000000000003 83.650058746337905 24.500000000000004 2144.9333333333338 49.45000000000001 256850.00000000003 0 16.250000000000004 1 85.525207519531264
decision_type=2 2 2 2 2 2 2 2 8 2 1 10 1 2
left_child=1 2 -1 6 -5 -6 -3 9 -9 12 -11 13 -4 -12
right_child=-2 3 7 4 5 -7 -8 8 -10 10 11 -13 -14 -15
leaf_value=-0.028242808373275897 0.025487198325720547 0.018412997169708911 0.0042158118795928498 0.036127521777373627 -0.019220699409729404 0.019985080150854765 -0.0082677619546073378 0.030378175509539359 -0.0093874932452347459 -0.0066893075750326606 0.029532595387296752 -0.016145707388735719 -0.0047215394325638349 0.0039543138690525913
leaf_weight=3.6016148999333373 9.1389784477651101 5.0410722251981523 98.559996712952852 8.8469391632825154 7.572200693190096 6.5314408652484417 19.029413249343634 3.8607435636222354 66.145489828661084 18.110351108014584 24.912265345454216 4.486078977584838 174.60109741427004 11.501130204647778
leaf_count=27 318 34 548 48 47 38 139 21 407 105 141 26 1035 66
internal_value=0.000107714 -0.000459562 -0.00121856 0.00597934 0.0142585 -0.000943299 -0.00216845 -0.000907097 -0.00679753 0.000351011 0.00885497 0.0139908 -0.00151166 0.0217754
internal_weight=461.939 452.8 405.779 47.0211 22.9506 14.1036 24.0705 402.177 70.0062 332.171 59.0098 40.8995 273.161 36.4134
internal_count=3000 2682 2376 306 133 85 173 2349 428 1921 338 233 1583 207
cat_boundaries=0 1 2
cat_threshold=51341 60292
is_linear=0
shrinkage=0.03


Tree=119
num_leaves=15
num_cat=0
split_feature=15 45 43 45 39 41 33 15 25 25 14 38 25 15
split_gain=7.15368 2.38868 2.5986 4.64012 3.50404 3.02151 2.73134 6.63604 5.26033 8.85218 5.32443 3.54637 5.36815 4.72122
threshold=15.616666666666669 2.0602929592132573 125.50000000000001 1.9146810770034792 1.1952380952380954 93.770736694335952 32.500000000000007 12.883333333333335 0.90724384363663235 0.90386339131531257 22.583333333333339 2.5000000000000004 0.91726499210002455 13.050000000000002
decision_type=2 2 2 2 2 2 2 2 2 2 2 2 2 2
left_child=1 2 6 4 5 -4 11 -8 9 10 -9 -1 13 -13
right_child=-2 -3 3 -5 -6 -7 7 8 -10 -11 -12 12 -14 -15
leaf_value=0.0030860946425860015 0.025257528791130426 -0.019077209818074214 0.026333590458101134 -0.0071802650479407598 -0.010028846115673227 0.00098213566638511102 0.031987483053113636 -0.02241578236585506 -0.012947037042114513 0.034573589358369412 0.013351428928573624 -0.011799047541170985 0.027718831009036059 -0.0019819817867214682
leaf_weight=100.56786126643419 8.9572715051472169 5.1114055328071109 14.73144849389792 12.454786032438276 3.7068336308002463 5.8968520537018767 6.4850051477551451 6.4879881143569964 13.863457851111887 7.2927597090601912 6.561756357550621 54.966415300965309 3.8868115097284308 210.57612348347902
leaf_count=573 318 69 88 106 18 29 35 40 80 39 34 331 20 1220
internal_value=0.000104116 -0.000448286 -0.00019343 0.00733598 0.0147556 0.019467 -0.000884104 0.00639972 0.000777819 0.0102997 -0.00476086 -0.00170024 -0.00349161 -0.00405072
internal_weight=461.547 452.59 447.478 36.7899 24.3351 20.6283 410.688 40.691 34.206 20.3425 13.0497 369.997 269.429 265.543
internal_count=3000 2682 2613 241 135 117 2372 228 193 113 74 2144 1571 1551
is_linear=0
shrinkage=0.03


Tree=120
num_leaves=15
num_cat=0
split_feature=12 41 41 22 29 30 10 28 31 4 43 38 43 30
split_gain=7.02708 2.3145 2.81217 2.4735 7.6793 3.57187 12.2854 4.67721 4.83798 5.83768 6.18406 5.73005 5.62105 7.34226
threshold=160.12625139043365 96.128074645996108 94.350978851318374 506.60000000000008 19.050000000000004 25.250000000000004 1728.3833894137761 77.65000000000002 2.5000000000000004 65.15000000000002 112.50000000000001 3.5000000000000004 108.50000000000001 21.150000000000002
decision_type=2 2 2 2 8 10 2 10 10 2 2 2 2 8
left_child=1 2 3 5 -5 7 -7 8 11 -10 -11 -1 -13 -14
right_child=-2 -3 -4 4 -6 6 -8 -9 9 10 -12 12 13 -15
leaf_value=0.0011945085320389829 0.027109610839034324 -0.021514705373652566 0.02027722397547238 -0.018218190305125899 0.027154082797519623 -0.0084880527971640703 0.017527992664703281 -0.02402807384034307 0.00011271944172833708 0.038118747628259619 0.0019231952887276342 -0.015931592209771354 0.0074475516666849166 -0.0087761656662046876
leaf_weight=152.04192697256804 7.5134106110781422 3.6248937211930743 4.9665703512728205 4.2848497480154011 8.7088132575154305 29.363559573888779 34.578332528471947 7.4775732718408099 37.813879322260618 8.133811220526697 8.1514168139547092 44.039984129369259 37.028707753866911 73.236853731796145
leaf_count=893 331 22 24 27 48 174 197 45 214 43 47 269 212 454
internal_value=0.0001059 -0.000400204 -0.000182709 -0.000456097 0.0119592 -0.000856406 0.0056341 -0.00199661 -0.00147435 0.00671779 0.0211608 -0.00293818 -0.00699172 -0.00331005
internal_weight=460.965 453.451 449.826 444.86 12.9937 431.866 63.9419 367.924 360.447 54.0991 16.2852 306.347 154.306 110.266
internal_count=3000 2669 2647 2623 75 2548 371 2177 2132 304 90 1828 935 666
is_linear=0
shrinkage=0.03


Tree=121
num_leaves=15
num_cat=0
split_feature=20 23 23 23 3 31 42 16 28 39 20 4 45 43
split_gain=6.81231 2.17635 4.37693 3.42625 5.57442 4.69559 6.14548 7.1917 8.95355 4.99976 7.93219 4.53075 4.36339 6.32638
threshold=10.607786429365921 7.3683460204005442 8.5200911884314934 9.4263630784880839 185.25000000000003 1.5000000000000002 15.439222335815431 203.65000000000001 62.45000000000001 0.97680890538033405 -0.35750834260294506 65.65000000000002 1.7606728076934817 112.50000000000001
decision_type=2 2 2 2 2 8 2 2 8 2 2 2 2 2
left_child=1 -1 -3 4 5 12 9 8 -8 10 11 -7 13 -4
right_child=-2 2 3 -5 -6 6 7 -9 -10 -11 -12 -13 -14 -15
leaf_value=0.012023873227752809 0.027023181168779772 -0.0085284238850578276 -0.009105161563717927 -0.0013874906849163924 -0.019531355158714729 0.041385184013492546 -0.013987987739982253 -0.0051530038510348812 0.027468579644073701 0.036277277746893717 -0.023918381996999489 -0.0007203355598127669 -0.020765367692563472 0.024006027960243412
leaf_weight=11.372060254216192 7.3093231730163088 55.555230051279068 12.337130002677446 275.35578829236329 6.920899659395217 4.4907218366861326 5.6485676318407085 29.579111367464066 16.91171757504344 11.498145692050455 3.764283254742625 3.9001045599579811 8.274411238729952 7.5427229702472678
leaf_count=60 327 348 73 1638 43 23 30 169 93 63 23 23 47 40
internal_value=0.000105033 -0.000387703 -0.00073363 0.000406719 0.00483546 0.00662848 0.0104774 0.00454343 0.0169357 0.0228428 0.00834283 0.0238216 -0.0037369 0.00400578
internal_weight=460.46 453.151 441.779 386.224 110.868 103.947 75.7927 52.1394 22.5603 23.6533 12.1551 8.39083 28.1543 19.8799
internal_count=3000 2673 2613 2265 627 584 424 292 123 132 69 46 160 113
is_linear=0
shrinkage=0.03


Tree=122
num_leaves=15
num_cat=0
split_feature=12 45 43 29 41 3 3 41 15 39 41 3 20 6
split_gain=6.62739 3.72723 5.07705 2.82378 3.10077 2.75365 5.02566 5.41125 6.54627 4.93932 4.84877 5.06652 7.52152 4.16129
threshold=101.42146829810883 1.9146810770034792 125.50000000000001 18.950000000000003 93.01444244384767 185.35000000000005 178.35000000000005 78.295310974121108 13.283333333333337 0.98430141287284145 85.525207519531264 181.95000000000002 -1.2377085650723589 5.5000000000000009
decision_type=2 2 2 8 2 2 2 2 2 2 2 2 2 2
left_child=1 2 5 -4 -5 6 -1 -8 9 -9 11 12 -10 -11
right_child=-2 -3 3 4 -6 -7 7 8 10 13 -12 -13 -14 -15
leaf_value=-0.0018932287704749088 0.0192237138461815 -0.015915531428266225 -0.0061857106097774209 0.027745929133712485 0.0023228075630020123 -0.0097851928355182898 -0.005711499486980417 -0.017433726108662555 0.0060206090759473228 0.030241656168842973 0.0034303953341851563 0.0078190966206293077 0.05228895412082956 -0.0071407602402514432
leaf_weight=306.502690076828 14.76194599457085 12.804317869246004 4.7683054506778744 11.126004759222271 7.0105847120285025 27.933606453239918 21.750960774719715 9.1097646877169627 4.9872123003005973 4.4356096759438497 12.137804038822649 8.770221069455145 9.253644213080408 4.6800689399242401
leaf_count=1786 403 105 26 63 33 173 126 54 28 24 64 46 43 26
internal_value=0.000105566 -0.000569909 -7.98922e-05 0.0133602 0.0185537 -0.000862243 -0.000185253 0.00671643 0.0117929 -0.00272707 0.019189 0.0270123 0.0375438 0.0122406
internal_weight=460.033 445.271 432.466 22.9049 18.1366 409.562 381.628 75.1253 53.3743 18.2254 35.1489 23.0111 14.2409 9.11568
internal_count=3000 2597 2492 122 96 2370 2197 411 285 104 181 117 71 50
is_linear=0
shrinkage=0.03


Tree=123
num_leaves=15
num_cat=1
split_feature=12 41 41 7 4 20 24 4 45 38 29 28 38 39
split_gain=6.47567 2.20331 2.6521 2.49238 4.17366 6.34608 7.53061 6.42803 6.49004 5.76899 5.97897 5.69944 6.77868 7.19233
threshold=160.12625139043365 96.128074645996108 94.350978851318374 0 61.350000000000001 -2.5132369299221944 453.76666666666671 56.850000000000001 1.697303354740143 4.5000000000000009 9.5000000000000018 64.950000000000017 2.5000000000000004 1.2343647136273865
decision_type=2 2 2 1 2 2 2 2 2 2 10 10 2 2
left_child=1 2 3 -1 5 9 7 8 -7 10 -5 12 -6 -14
right_child=-2 -3 -4 4 11 6 -8 -9 -10 -11 -12 -13 13 -15
leaf_value=0.0026591339481356309 0.026841130689607574 -0.021045647683081797 0.019691774663538931 0.037181418889350754 0.0021789112477215355 0.022526372501369258 -0.0062149515865253298 0.027474097393040551 -0.013476821860315768 -0.011747448364852841 -0.0055126649247707361 3.258470438405326e-05 -0.020033076868434703 0.012151971328900016
leaf_weight=147.3702370673418 7.0132319256663314 3.5895740874111643 4.9807568378746501 10.633597191423179 25.564615987241268 6.1188630610704484 67.662036132067442 12.192772217094896 11.278493434190748 3.9445054270327082 3.6411756332963696 98.051670020446181 50.846541171893477 6.4319857880473128
leaf_count=821 331 22 24 60 163 31 394 64 62 27 22 597 344 38
internal_value=0.0001079 -0.000364909 -0.000153041 -0.000419567 -0.0019772 0.00239972 -0.000706189 0.0116818 -0.000277915 0.0181528 0.0266432 -0.00487767 -0.0106204 -0.0162724
internal_weight=459.32 452.307 448.717 443.736 296.366 115.471 97.2522 29.5901 17.3974 18.2193 14.2748 180.895 82.8431 57.2785
internal_count=3000 2669 2647 2623 1802 660 551 157 93 109 82 1142 545 382
cat_boundaries=0 1
cat_threshold=9124
is_linear=0
shrinkage=0.03


Tree=124
num_leaves=15
num_cat=0
split_feature=15 42 12 1 43 44 1 4 42 1 44 22 36 36
split_gain=6.28005 2.45484 3.97268 3.86305 3.73138 3.27116 4.00068 3.22228 2.8019 3.33888 3.38425 2.74262 5.5252 4.51633
threshold=15.616666666666669 18.594023704528812 86.056062291434785 22.500000000000004 125.50000000000001 2.3364896774291997 20.500000000000004 57.250000000000007 16.494048118591312 20.500000000000004 2.3298965692520146 479.76666666666671 5.5000000000000009 5.5000000000000009
decision_type=2 2 2 2 2 2 2 2 2 2 2 2 2 2
left_child=1 4 -3 -4 8 7 -7 -6 11 -10 -11 13 -13 -1
right_child=-2 2 3 -5 5 6 -8 -9 9 10 -12 12 -14 -15
leaf_value=-0.00070928688345610899 0.02467953959854062 -0.032015758688235453 0.016426346296460968 -0.027799996608577033 -0.0051469174852277833 -0.018532424055690187 0.013312360581407235 0.023869399306613377 -0.0069546189129538931 0.038490992903251163 0.004073228089324212 0.00030469174252171691 0.025474561130410252 -0.0099657298604684096
leaf_weight=290.51691406220198 8.1767439022660238 4.6682546753436309 4.5131752453744411 1.6291271951049564 4.0362831354141298 5.8202738687396032 6.4234855491667986 14.365606028586624 5.274091660976409 4.2376915588974935 5.5775864943861961 39.124966107308865 8.8270210251212102 55.741986341774464
leaf_count=1699 318 54 65 14 21 34 43 79 26 20 28 226 48 325
internal_value=0.000110522 -0.000388805 -0.013886 0.00244621 -2.64051e-05 0.00989945 -0.00208189 0.0175677 -0.000791902 0.0114835 0.0211179 -0.00128964 0.00536372 -0.00222383
internal_weight=458.933 450.756 10.8106 6.1423 439.946 30.6456 12.2438 18.4019 409.3 15.0894 9.81528 394.211 47.952 346.259
internal_count=3000 2682 133 79 2549 177 77 100 2372 74 48 2298 274 2024
is_linear=0
shrinkage=0.03


Tree=125
num_leaves=15
num_cat=1
split_feature=12 10 12 3 28 45 43 33 33 7 33 44 42 45
split_gain=6.12002 2.32729 2.59115 2.57415 2.55848 2.5157 4.44059 3.95138 2.6476 6.66188 4.22816 5.29784 3.89912 4.4109
threshold=160.12625139043365 2787.9400314721183 79.229254727474739 172.25000000000003 90.450000000000017 1.9146810770034792 125.50000000000001 25.500000000000004 32.500000000000007 0 34.500000000000007 2.1816190481185918 14.796231746673586 1.6426314711570742
decision_type=2 2 2 2 8 2 2 2 2 1 2 2 2 2
left_child=1 2 5 -3 -4 6 8 -8 12 10 11 -10 -1 -14
right_child=-2 3 4 -5 -6 -7 7 -9 9 -11 -12 -13 13 -15
leaf_value=-0.018108959466346431 0.026651697243688648 0.0047546315837623991 0.025327384119661688 -0.027359411078819968 -0.0073161749373860299 -0.016458156684750973 -0.0083913106921758348 0.020838004836632461 0.054053176993606109 -0.0052532489326495247 -0.0032670772502691723 0.014776247365240504 0.013376953479162084 -0.0017378341379508705
leaf_weight=11.363923244178293 6.6882092878222457 3.2326377611607295 5.8309418112039539 4.8349740374833345 2.6174614429473886 7.5754153952002516 5.0136664956808117 14.909429170191286 4.7045945972204235 22.510050661861897 3.986387997865676 9.2516197860240919 17.318763144314289 338.41485758125782
leaf_count=73 331 35 58 43 22 49 24 76 24 131 23 49 102 1960
internal_value=0.000110315 -0.000340816 -3.31257e-05 -0.0153863 0.0155099 -0.00036984 -4.6987e-05 0.0134329 -0.000737219 0.00645325 0.0153248 0.0307452 -0.00154496 -0.00096654
internal_weight=458.253 451.565 443.497 8.06761 8.4484 435.049 427.473 19.9231 407.55 40.4527 17.9426 13.9562 367.098 355.734
internal_count=3000 2669 2591 78 80 2511 2462 100 2362 227 96 73 2135 2062
cat_boundaries=0 1
cat_threshold=6182
is_linear=0
shrinkage=0.03


Tree=126
num_leaves=15
num_cat=0
split_feature=12 41 41 12 4 39 28 38 6 25 41 20 41 43
split_gain=5.93769 2.1814 2.43084 2.42204 5.29459 4.76044 6.83772 7.27557 7.64778 5.22579 5.08396 4.74811 4.67339 5.23558
threshold=160.12625139043365 96.128074645996108 94.350978851318374 -28.639043381535163 80.350000000000009 1.2471198156682031 72.65000000000002 4.5000000000000009 1.5000000000000002 0.90758579031138942 84.110385894775405 -1.8615127919911485 70.032058715820327 108.50000000000001
decision_type=2 2 2 2 2 2 10 2 2 2 2 2 2 2
left_child=1 2 3 4 5 6 7 8 -1 -8 -7 -5 -13 -14
right_child=-2 -3 -4 11 -6 10 9 -9 -10 -11 -12 12 13 -15
leaf_value=0.02575519676210011 0.026547746020511364 -0.020922967979985371 0.018873142616118131 0.017740489473145892 -0.028120326965867037 0.025026133792820798 0.031059463036236037 -0.021216104682503734 -0.005862310547601569 -0.00831669519655172 -0.011351351306388754 0.022206740947869674 -0.0075035005090890337 0.0017624835856318061
leaf_weight=6.8282720744609824 6.5194332282990208 3.5834063813090316 4.9838054850697509 13.519593946635721 6.683053931221365 9.51740864664316 6.9032409340143186 24.154800165444613 56.461416615173221 4.3587988018989563 4.4414330050349227 7.439249373972415 70.844923548400402 231.47264522314072
leaf_count=38 331 22 24 75 48 51 40 170 368 28 26 39 416 1324
internal_value=0.000108266 -0.000331631 -0.000120512 -0.000376435 -0.00401027 -0.0023453 -0.00469399 -0.00756322 -0.00210357 0.0163841 0.0134664 0.000973348 0.000186799 -0.000426481
internal_weight=457.711 451.192 447.609 442.625 119.348 112.665 98.7065 87.4445 63.2897 11.262 13.9588 323.276 309.757 302.318
internal_count=3000 2669 2647 2623 769 721 644 576 406 68 77 1854 1779 1740
is_linear=0
shrinkage=0.03


Tree=127
num_leaves=15
num_cat=0
split_feature=15 42 12 3 43 44 1 4 42 41 31 4 29 12
split_gain=5.76706 2.38806 3.73043 3.99263 3.3356 3.02322 3.77669 3.05463 2.65 3.74658 2.65734 5.75954 4.22321 6.54746
threshold=15.616666666666669 18.594023704528812 86.056062291434785 177.25000000000003 125.50000000000001 2.3364896774291997 20.500000000000004 57.250000000000007 16.494048118591312 81.236099243164077 2.5000000000000004 76.550000000000011 12.950000000000001 -15.345828698554186
decision_type=2 2 2 2 2 2 2 2 2 2 10 2 10 2
left_child=1 4 -3 -4 8 7 -7 -6 10 -10 12 -12 -1 -14
right_child=-2 2 3 -5 5 6 -8 -9 9 -11 11 -13 13 -15
leaf_value=-0.00072738221014435238 0.024280471652887332 -0.031623788470445051 0.020322957330403964 -0.022391350739393589 -0.0052660674176161536 -0.018129330451312053 0.012903204775244264 0.02298199012592491 0.023953409570465004 -0.0047321463781637724 0.007639584336878215 -0.018342086915355268 0.00062337891696745179 -0.0194056592603888
leaf_weight=270.49009816348553 7.7146957628428927 4.531811982393263 3.5673879608511925 2.4694580398499966 4.0286606252193513 5.7935057245194894 6.3654154315590858 14.252259269356726 8.0911520496010763 6.9528663903474799 57.384307160973549 7.8770947158336631 28.659645423293114 29.004185579717159
leaf_count=1593 318 54 53 26 21 34 43 79 39 35 318 45 174 168
internal_value=0.000108728 -0.000359137 -0.0138132 0.0021511 -4.50048e-06 0.00941232 -0.00213728 0.0168066 -0.000727548 0.0112272 -0.001212 0.00427409 -0.00231271 -0.00961004
internal_weight=457.183 449.468 10.5687 6.03685 438.899 30.4398 12.1589 18.2809 408.459 15.044 393.415 65.2614 328.154 57.6638
internal_count=3000 2682 133 79 2549 177 77 100 2372 74 2298 363 1935 342
is_linear=0
shrinkage=0.03


Tree=128
num_leaves=15
num_cat=0
split_feature=44 45 42 22 24 9 1 19 18 30 30 32 3 9
split_gain=5.50402 2.40881 2.32802 3.95979 5.36545 4.69798 4.448 4.77087 5.11032 4.76178 3.26885 2.9423 4.02252 3.38726
threshold=2.5919419527053837 2.0602929592132573 16.092265129089359 495.78333333333336 511.68333333333339 6860.8000000000002 20.500000000000004 98.519617001675982 2030.4666666666669 25.450000000000003 23.850000000000005 19.500000000000004 162.25000000000003 7752.166666666667
decision_type=2 2 2 2 2 2 2 2 2 10 8 2 2 2
left_child=1 2 -1 4 6 -6 9 8 -8 10 -4 12 -9 -14
right_child=-2 -3 3 -5 5 -7 7 11 -10 -11 -12 -13 13 -15
leaf_value=-0.0012459999744681934 0.024940552175468308 -0.018789575609806399 0.0011966515528697768 0.024947947863372184 0.014929710785104407 -0.022473317151425566 0.013373493399376532 -0.014486812406476526 -0.030516099719100447 0.022876963559785485 -0.018521471592141101 0.027178607493255034 -0.0060376864238365028 0.021173549356031045
leaf_weight=343.70372835546732 6.8926938585937014 5.2737382613122454 17.189931079745296 6.4773272797465316 3.216595545411109 11.47311053983867 3.9232759475707999 4.4366455860435989 3.7872537076473236 4.5370481926947823 12.359936917200683 12.547460071742533 4.9567688703537014 15.773049730807541
leaf_count=2017 310 76 103 38 17 71 20 30 23 28 74 73 26 94
internal_value=0.000104945 -0.000330254 -6.94907e-05 0.00391972 0.00222694 -0.0138536 0.00533299 0.0113814 -0.00921263 -0.00282179 -0.00738722 0.015721 0.00918811 0.0146886
internal_weight=456.549 449.656 444.382 100.678 94.2011 14.6897 79.5114 45.4245 7.71053 34.0869 29.5499 37.7139 25.1665 20.7298
internal_count=3000 2690 2614 597 559 88 471 266 43 205 177 223 150 120
is_linear=0
shrinkage=0.03


Tree=129
num_leaves=15
num_cat=0
split_feature=20 40 12 20 42 22 6 8 28 22 4 25 25 14
split_gain=5.49834 2.12899 2.31946 3.90785 5.34836 4.64602 3.95498 3.46548 3.56022 3.39237 3.20667 3.2276 2.61306 3.54601
threshold=10.607786429365921 15.500000000000002 -36.303003337041375 -2.5506117908788024 15.39254665374756 432.01666666666671 1.5000000000000002 1.0000000180025095e-35 59.850000000000001 417.88333333333338 65.550000000000011 0.90629514011273005 0.91904921573472942 20.783333333333335
decision_type=2 2 2 2 2 2 2 2 8 2 2 2 2 2
left_child=1 2 3 4 5 9 -6 10 -9 -1 -8 -12 13 -4
right_child=-2 -3 12 -5 6 -7 7 8 -10 -11 11 -13 -14 -15
leaf_value=0.0080992497409603705 0.026294303596326184 -0.018985190481679407 -0.021517260727429367 -0.015400442328807943 0.014910619321897805 -0.0029899310327575392 -0.013091759845077055 0.0049384310162002391 -0.025968743926090939 0.046475694666470765 0.021665494260269338 -0.0078075331337275795 0.023741917023386756 0.0010673772777704525
leaf_weight=4.7108377143740672 6.102476628497242 4.426945984363555 5.3700789511203757 21.112957663834095 6.1033399030566207 7.877908080816268 10.118063628673555 3.9906272515654591 13.524399239569901 3.6152793616056442 6.5506727248430234 5.2821726389229298 3.4749701023101798 353.83462978154421
leaf_count=27 327 33 37 146 35 52 69 27 102 21 43 36 18 2027
internal_value=0.000104284 -0.000308402 -8.0739e-05 -0.00457733 -0.000691792 0.0136135 -0.00596173 -0.00947831 -0.0190405 0.0279593 -0.00135133 0.0089256 0.000956666 0.00067094
internal_weight=456.095 449.993 445.566 82.8863 61.7733 16.204 45.5693 39.4659 17.515 8.32612 21.9509 11.8328 362.68 359.205
internal_count=3000 2673 2640 558 412 100 312 277 129 48 148 79 2082 2064
is_linear=0
shrinkage=0.03


Tree=130
num_leaves=15
num_cat=0
split_feature=12 10 23 12 23 34 30 30 38 46 9 24 29 10
split_gain=5.34049 2.20477 3.62772 2.80819 2.46418 3.2225 2.76047 2.81969 4.76469 3.24981 5.72338 3.03905 3.49441 5.41024
threshold=160.12625139043365 2787.9400314721183 12.515966792364912 101.42146829810883 12.408950836761109 14.500000000000002 31.450000000000003 27.550000000000004 5.5000000000000009 259.91079711914068 9345.4000000000015 540.85000000000014 12.050000000000002 1619.5777748555136
decision_type=2 2 2 2 2 2 10 10 2 2 2 2 10 2
left_child=1 4 3 -3 5 -1 7 11 9 -9 -11 -7 -13 -14
right_child=-2 2 -4 -5 -6 6 -8 8 -10 10 -12 12 13 -15
leaf_value=-0.024620083098315933 0.026177024733481005 -0.015219886648729345 -0.035428286372821867 0.023704098477559464 0.012506079021916337 -0.0012027197035994325 -0.018274438301419844 -0.0094532375258109726 0.036635718484007394 0.03124664265837573 -0.011099947105948726 0.014005626815724509 0.016723807372953172 -0.025988444963247918
leaf_weight=3.8880062848329535 5.962395789101719 2.7733546923845998 3.1884946301579475 2.0001344531774521 12.739353008568285 362.98974443599582 6.4084028005599967 8.8950655087828689 3.8936497420072547 5.9216703884303552 4.2201201245188713 23.943363986909389 3.9310298860073072 4.9457442909479141
leaf_count=30 331 28 33 17 90 2118 38 53 20 32 25 132 23 30
internal_value=0.000103437 -0.000299542 -0.0150308 0.0023704 -6.98902e-07 -0.000400279 -0.000121534 0.000199153 0.0101994 0.00323382 0.014211 -0.000404439 0.00819903 -0.0072954
internal_weight=455.701 449.738 7.96198 4.77349 441.776 429.037 425.149 418.74 22.9305 19.0369 10.1418 395.81 32.8201 8.87677
internal_count=3000 2669 78 45 2591 2501 2471 2433 130 110 57 2303 185 53
is_linear=0
shrinkage=0.03


Tree=131
num_leaves=15
num_cat=2
split_feature=12 10 46 30 18 18 28 22 16 9 7 29 7 37
split_gain=5.18248 2.12119 2.44866 6.07786 4.50129 3.9781 6.73196 5.88264 6.65848 5.10792 7.07746 6.66177 5.53179 6.38629
threshold=160.12625139043365 2787.9400314721183 331.21324157714849 24.950000000000003 2187.6166666666672 2144.9333333333338 49.050000000000004 367.46666666666675 203.58333333333334 8561.6666666666697 0 16.250000000000004 1 14.500000000000002
decision_type=2 2 2 10 2 2 8 2 2 2 1 10 1 2
left_child=1 2 5 4 -4 9 -7 -8 -9 12 -11 -12 13 -1
right_child=-2 -3 3 -5 -6 6 7 8 -10 10 11 -13 -14 -15
leaf_value=0.0027626549573424629 0.026068853350015093 -0.014810776927326932 0.02365039601435457 0.028526913222314713 -0.0032981790091620661 0.027628068622130544 0.02093695014019473 -0.00090521081977023817 -0.021889640867544816 -0.0066058129315686035 0.020775465879637134 -0.015613670655632092 -0.0037872543603925711 0.029845245147193195
leaf_weight=68.826352825388312 5.8139168787747613 7.8774985447525969 5.6867092028260222 8.0716219395399076 32.724569138139486 3.5952334180474272 4.1431704424321643 23.894477106630802 30.8927246555686 18.020378947257996 36.789572767913342 4.4083042293786994 196.69974405877292 7.8862972259521475
leaf_count=389 331 78 32 43 188 19 24 140 197 105 209 26 1179 40
internal_value=0.000101438 -0.000291535 3.18762e-07 0.00643809 0.00119036 -0.000771307 -0.0076507 -0.0102281 -0.0129179 0.00054089 0.00845174 0.013423 -0.00119707 0.00522296
internal_weight=455.331 449.517 441.639 46.4829 38.4113 395.156 62.5256 58.9304 54.7872 332.631 59.2183 41.1979 273.412 76.7127
internal_count=3000 2669 2591 263 220 2328 380 361 337 1948 340 235 1608 429
cat_boundaries=0 1 2
cat_threshold=51341 19332
is_linear=0
shrinkage=0.03


Tree=132
num_leaves=15
num_cat=1
split_feature=15 42 12 23 43 23 26 37 3 3 7 45 29 25
split_gain=5.06886 2.26021 3.58088 4.54336 3.09864 3.60521 3.16514 2.84526 2.55671 4.78521 5.58242 6.94689 7.79821 6.57381
threshold=15.616666666666669 18.594023704528812 86.056062291434785 12.091128802176589 125.50000000000001 9.9541477521314921 48.283333333333339 9.5000000000000018 185.35000000000005 178.35000000000005 0 1.6969273090362551 10.050000000000002 0.90557555113749932
decision_type=2 2 2 2 2 2 2 2 2 2 1 2 10 2
left_child=1 4 -3 -4 8 6 -6 -7 9 -1 -11 -12 13 -13
right_child=-2 2 3 -5 5 7 -8 -9 -10 10 11 12 -14 -15
leaf_value=-0.0017038320441623439 0.023740553205461205 -0.031288193963867908 0.025488731294161085 -0.020005828334950904 0.0082030339826440288 -0.0051324074318283598 -0.022947573978887158 0.021697848919558234 -0.009331114100727074 -0.0059086141675272754 -0.0030837374494204341 0.041681581472324973 -0.0010735998477445542 0.010636007927232604
leaf_weight=304.64776272326708 7.018320530652999 4.3844782337546331 2.8146990742534399 3.1065034307539463 6.1712616831064242 4.0774826258420971 4.040375716984272 15.959174860268829 27.584907084703445 20.340707786381245 17.426253743469715 14.084854833781721 11.432164214551447 11.872432224452494
leaf_count=1787 318 54 34 45 32 25 21 99 173 116 102 71 60 63
internal_value=9.84022e-05 -0.000324076 -0.0135678 0.0021785 1.80126e-05 0.00912305 -0.00506958 0.0162534 -0.000678712 -2.74409e-05 0.00670098 0.0105674 0.0195972 0.0284032
internal_weight=454.961 447.943 10.3057 5.9212 437.637 30.2483 10.2116 20.0367 407.389 379.804 75.1564 54.8157 37.3895 25.9573
internal_count=3000 2682 133 79 2549 177 53 124 2372 2199 412 296 194 134
cat_boundaries=0 1
cat_threshold=16675
is_linear=0
shrinkage=0.03


Tree=133
num_leaves=15
num_cat=0
split_feature=20 41 41 12 4 39 28 41 6 44 20 44 33 41
split_gain=4.92628 2.0822 2.24428 2.17206 5.10478 4.54212 6.27358 4.71405 4.55576 4.52737 4.42838 4.35026 4.51634 4.32327
threshold=10.607786429365921 96.128074645996108 94.350978851318374 -28.639043381535163 80.350000000000009 1.2471198156682031 72.65000000000002 84.110385894775405 1.5000000000000002 2.2032046318054204 -1.8615127919911485 2.1669117212295537 33.500000000000007 70.032058715820327
decision_type=2 2 2 2 2 2 10 2 2 2 2 2 2 2
left_child=1 2 3 4 5 6 8 -7 -1 -8 -5 -10 -13 -12
right_child=-2 -3 -4 10 -6 7 9 -9 11 -11 13 12 -14 -15
leaf_value=0.011325251827775331 0.025896782954193377 -0.020392306258717026 0.018202931156878495 0.01708108395040395 -0.027731178843677231 0.024288183995760559 -0.0013853987233572802 -0.010855869158542654 0.001420230827985108 0.034815340402647672 0.021313869983303254 -0.016299857685189236 0.018066629691917399 -0.00040405123360884559
leaf_weight=9.6804156899452192 5.5631885379552832 3.587011417374014 4.9648964516818515 13.63420671969652 6.5121349319815627 9.5890998244285566 6.4918409362435323 4.383001720532774 22.338079862296581 4.8408006485551596 7.4812661483883849 51.684565680101514 2.8746505901217452 300.74226208403707
leaf_count=56 327 23 24 75 48 51 40 26 140 28 39 362 18 1743
internal_value=9.35053e-05 -0.000283204 -7.58519e-05 -0.000322775 -0.00377942 -0.00215199 -0.00446541 0.0132749 -0.00724665 0.0156471 0.000956512 -0.0097 -0.0141965 0.000190313
internal_weight=454.367 448.804 445.217 440.252 118.395 111.882 97.9104 13.9721 86.5777 11.3326 321.858 76.8973 54.5592 308.224
internal_count=3000 2673 2650 2626 769 721 644 77 576 68 1857 520 380 1782
is_linear=0
shrinkage=0.03


Tree=134
num_leaves=15
num_cat=1
split_feature=12 42 43 3 4 16 3 3 7 45 29 22 26 45
split_gain=4.78637 3.36174 4.64851 2.63364 2.57614 2.50255 2.39219 4.47085 5.28586 6.52078 7.38731 7.0739 7.9666 5.91777
threshold=101.42146829810883 17.522489547729496 125.50000000000001 177.25000000000003 56.150000000000013 202.25000000000003 185.35000000000005 178.35000000000005 0 1.6969273090362551 15.850000000000003 412.71666666666675 45.916666666666671 1.6582666635513308
decision_type=2 2 2 2 2 2 2 2 1 2 10 2 2 2
left_child=1 2 6 -2 -4 -6 7 -1 -9 13 11 -11 -13 -10
right_child=3 -3 4 -5 5 -7 -8 8 9 10 -12 12 -14 -15
leaf_value=-0.0016558208501584301 0.02600987062638295 -0.014240332918103083 -0.0057277880866459189 -0.0024225082160630293 -0.0017783314762934458 0.02540186345340149 -0.0090589780615272231 -0.0058014941486131061 0.014939086694937433 0.043112497140754172 -0.015472572084071943 -0.0098291017084282586 0.025817041761539088 -0.018304637028396374
leaf_weight=304.06003573536873 8.705302592366932 14.344854475930331 4.3295367807149914 3.9728826340287915 3.8195501491427413 11.999455183744429 27.394207566976547 20.276018068194389 8.0024323835968989 10.497147955000399 4.2757440954446784 8.1236000582575816 14.740307897329329 9.408261261880396
leaf_count=1786 299 118 24 104 23 61 173 116 47 51 24 45 74 55
internal_value=9.64739e-05 -0.000444289 5.14569e-05 0.0175745 0.0137652 0.0191236 -0.000659902 -3.12077e-05 0.00646267 0.0102154 0.0189129 0.0236419 0.0132707 -0.00304341
internal_weight=453.949 441.271 426.926 12.6782 20.1485 15.819 406.778 379.384 75.3235 55.0475 37.6368 33.3611 22.8639 17.4107
internal_count=3000 2597 2479 403 108 84 2371 2198 412 296 194 170 119 102
cat_boundaries=0 1
cat_threshold=16675
is_linear=0
shrinkage=0.03


Tree=135
num_leaves=15
num_cat=1
split_feature=15 42 12 23 15 8 39 23 1 4 7 23 42 42
split_gain=4.6869 2.1902 3.35925 4.37964 2.73709 2.27672 4.5707 2.18312 4.71944 5.6818 4.10154 4.68976 3.90856 3.8925
threshold=15.616666666666669 18.594023704528812 86.056062291434785 12.091128802176589 14.483333333333336 2.5000000000000004 0.91372912801484241 8.5200911884314934 23.500000000000004 61.350000000000001 0 7.5240609965278233 15.379477500915529 15.562839984893801
decision_type=2 2 2 2 2 2 2 2 2 2 1 2 2 2
left_child=1 4 -3 -4 5 7 -7 8 10 -10 12 -12 -1 -14
right_child=-2 2 3 -5 -6 6 -8 -9 9 -11 11 -13 13 -15
leaf_value=0.025878660428834865 0.023343804452590679 -0.030898065189053327 0.025178296158679791 -0.019765697914581885 0.016332554751251151 0.031958439098046382 -0.0056370177300128889 0.0002498084735967159 0.037838979306230945 -0.006260537986136459 0.003449367835034058 -0.021647688723362358 -0.027804989814499848 0.0070665744598665215
leaf_weight=5.0493099913001123 6.6712267277762285 4.2495375983417016 2.7296320647001266 3.099420664831996 8.0752547662705165 4.6907913014292699 5.4412655532360077 355.13370382785797 3.6264225766062719 5.5465532019734383 8.3123269900679571 28.926124222576618 3.1059863418340674 8.7621264681220037
leaf_count=31 318 54 34 45 54 25 32 2046 19 35 45 187 21 54
internal_value=9.29313e-05 -0.000305631 -0.0134785 0.00188575 2.85076e-05 -0.000315984 0.0130757 -0.000670631 -0.00575589 0.0131794 -0.00914397 -0.0127639 0.00398912 -0.00351117
internal_weight=453.42 446.748 10.0786 5.82905 436.67 428.595 10.1321 418.463 63.3288 9.17298 54.1559 37.2385 16.9174 11.8681
internal_count=3000 2682 133 79 2549 2495 57 2438 392 54 338 232 106 75
cat_boundaries=0 1
cat_threshold=16405
is_linear=0
shrinkage=0.03


Tree=136
num_leaves=15
num_cat=1
split_feature=12 41 41 7 42 16 19 43 18 25 25 41 23 26
split_gain=4.58367 2.07235 2.08184 2.2423 3.43527 6.19641 6.96057 5.26955 6.36115 5.15845 4.57562 5.86693 6.20507 6.34891
threshold=160.12625139043365 96.128074645996108 94.350978851318374 0 15.040167331695558 205.71666666666667 106.90770795882356 102.50000000000001 2142.0500000000006 0.90662816259878565 0.90026967195161245 83.870761871337905 10.127264870125478 37.850000000000009
decision_type=2 2 2 1 2 2 2 2 2 2 2 2 2 2
left_child=1 2 3 -1 5 -5 9 8 -6 -7 -9 12 13 -12
right_child=-2 -3 -4 4 7 6 -8 10 -10 -11 11 -13 -14 -15
leaf_value=0.0023849591933978263 0.025617046587338578 -0.020435608454789998 0.017549382545361859 0.027995379188934803 -0.033747813358576177 0.0098429675944627214 0.021769127151453863 -0.010158096080510704 0.0094119121493054219 -0.029451094446099745 0.02909621412160332 -0.0065268369028006722 0.01307250687890784 -0.0037100687565763939
leaf_weight=164.87868680991232 5.245569320395588 3.5364332571625701 4.964613150805234 8.3185985237360018 9.0492640510201436 4.0959553718566912 6.0218635126948348 48.161936923861504 3.9011083692312232 7.2727373465895653 4.7619422078132621 72.262732496485114 43.765395043417811 66.76418487355113
leaf_count=932 331 22 24 48 59 26 36 317 22 47 27 438 265 406
internal_value=9.37049e-05 -0.000261726 -5.5582e-05 -0.00029397 -0.00192338 0.00824645 -0.00220885 -0.00308067 -0.0210039 -0.0156429 -0.00201139 0.000123375 0.0043119 -0.00115488
internal_weight=453.001 447.755 444.219 439.254 274.376 25.7092 17.3906 248.667 12.9504 11.3687 235.716 187.554 115.292 71.5261
internal_count=3000 2669 2647 2623 1691 157 109 1534 81 73 1453 1136 698 433
cat_boundaries=0 1
cat_threshold=41892
is_linear=0
shrinkage=0.03


Tree=137
num_leaves=15
num_cat=0
split_feature=12 33 33 15 25 29 12 42 45 15 15 4 26 15
split_gain=4.44793 2.03096 2.70773 7.88102 5.4173 7.56461 4.57105 3.89873 4.08042 7.65402 5.17455 6.11528 11.711 5.52042
threshold=160.12625139043365 35.500000000000007 32.500000000000007 12.91666666666667 0.90724384363663235 12.15 -18.140044493882296 14.796231746673586 1.6426314711570742 12.816666666666668 13.050000000000002 54.550000000000004 42.116666666666674 13.41666666666667
decision_type=2 2 2 2 2 10 2 2 2 2 2 2 2 2
left_child=1 2 7 -4 5 6 -5 -1 9 -9 11 12 -10 -12
right_child=-2 -3 3 4 -6 -7 -8 8 10 -11 13 -13 -14 -15
leaf_value=-0.017524968452187262 0.025503938462281404 -0.017955047496640099 0.035248351425518826 0.0025189751057487983 -0.013168340428703818 -0.01687294944881074 0.036685361358603868 0.03587910675249447 0.044016422553990513 -0.0025219671341295035 0.0061064655962933768 -0.014017534477865717 -0.016644655569118486 -0.0022315855566672023
leaf_weight=11.106385610997675 5.1171456957235923 4.7571618556976309 6.4558028578758231 6.2764271423220617 13.273495972156523 5.4571812450885764 7.5248258505016601 6.9118765816092518 4.2225583195686323 11.111441411077974 106.02441769838333 44.847735121846199 5.5021854937076569 214.11669829674065
leaf_count=73 331 31 33 37 80 32 40 38 20 67 622 277 31 1288
internal_value=9.52886e-05 -0.000251407 -2.11978e-05 0.00742628 0.0010186 0.010964 0.0223674 -0.000756758 -0.000239257 0.0133166 -0.000924989 -0.00937551 0.0113431 0.000540229
internal_weight=452.705 447.588 442.831 38.9877 32.5319 19.2584 13.8013 403.843 392.737 18.0233 374.714 54.5725 9.72474 320.141
internal_count=3000 2669 2638 222 189 109 77 2416 2343 105 2238 328 51 1910
is_linear=0
shrinkage=0.03


Tree=138
num_leaves=15
num_cat=1
split_feature=12 10 23 12 40 14 25 3 3 44 39 3 39 7
split_gain=4.31625 2.02334 3.32526 2.58411 2.2928 2.10677 2.62668 8.9057 5.00643 6.19651 5.99902 5.14321 4.98726 4.65098
threshold=160.12625139043365 2787.9400314721183 12.515966792364912 101.42146829810883 15.500000000000002 25.083333333333339 0.90164504972008697 176.95000000000002 183.35000000000005 2.3036767244338994 1.1560736560736562 181.55000000000004 1.1483516483516485 0
decision_type=2 2 2 2 2 2 2 2 2 2 2 2 2 1
left_child=1 4 3 -3 5 6 7 13 11 10 -10 -8 -9 -1
right_child=-2 2 -4 -5 -6 -7 8 12 9 -11 -12 -13 -14 -15
leaf_value=0.004296520223390058 0.025389880034702092 -0.014691639186505638 -0.034204053408409991 0.023173516481454718 -0.019777208193703887 0.017397123307400449 0.001754695103868885 0.014029536045641342 -0.020698330704923659 0.021035898742573785 0.010940056571907173 0.020024386346883902 -0.012513364841577812 -0.012842109116416816
leaf_weight=17.12592076510191 4.9923101216554633 2.6676655337214461 3.1070997696369886 1.9199518784880636 4.1914197355508795 5.3754636105149975 274.1326436214149 27.657686695456505 24.1617980375886 4.3662496805191031 6.1808743029832831 13.628019765019415 7.3488828688859931 55.522140104323626
leaf_count=101 331 28 33 17 32 52 1582 157 152 23 33 72 42 345
internal_value=9.73941e-05 -0.000240837 -0.0145718 0.00246644 4.24566e-05 0.00027808 2.42791e-05 -0.00401142 0.00137981 -0.00922358 -0.0141101 0.00268628 0.00826464 -0.00995873
internal_weight=452.378 447.386 7.69472 4.58762 439.691 435.5 430.124 107.655 322.47 34.7089 30.3427 287.761 35.0066 72.6481
internal_count=3000 2669 78 45 2591 2559 2507 645 1862 208 185 1654 199 446
cat_boundaries=0 1
cat_threshold=49348
is_linear=0
shrinkage=0.03


Tree=139
num_leaves=15
num_cat=0
split_feature=15 42 12 23 43 23 26 37 41 23 30 30 11 6
split_gain=4.20822 2.12575 3.22746 4.15349 2.82727 3.38798 2.9242 2.68751 2.5684 3.39929 2.68902 4.38637 4.21132 4.86284
threshold=15.616666666666669 18.594023704528812 86.056062291434785 12.091128802176589 125.50000000000001 9.9541477521314921 48.283333333333339 9.5000000000000018 92.035877227783217 9.7078591041052498 30.750000000000004 27.550000000000004 238388.00000000003 7.5000000000000009
decision_type=2 2 2 2 2 2 2 2 2 2 10 10 2 2
left_child=1 4 -3 -4 8 6 -6 -7 10 -10 11 -1 -13 -14
right_child=-2 2 3 -5 5 7 -8 -9 9 -11 -12 12 13 -15
leaf_value=-0.00054434372632902381 0.022811780136828091 -0.030649039709349624 0.024857318273114881 -0.019219776107793098 0.0078008265596603531 -0.0050296795125812539 -0.022209051581242138 0.021096953081912388 0.0029836036388211874 -0.028537321265674168 -0.015501576922473705 -0.0016545320074499272 0.044086812713293969 0.0038252673975765691
leaf_weight=366.76601653546095 6.2191647235304108 4.1410912908613664 2.6444329377263784 3.0826827492564917 6.147644095122816 4.0673164650797871 4.016223669052124 15.746559638530014 5.3826640099287015 5.6957528442144394 9.0716036632657033 8.6836762204766291 5.12446630746126 5.2008799165487289
leaf_count=2149 318 54 34 45 32 25 21 99 28 35 52 52 27 29
internal_value=8.99696e-05 -0.000277383 -0.0133828 0.00180205 4.92564e-05 0.00878587 -0.00498466 0.0157498 -0.000615952 -0.0142432 -0.000198589 0.000200414 0.0138791 0.0259355
internal_weight=451.99 445.771 9.86821 5.72712 435.903 29.9777 10.1639 19.8139 405.925 11.0784 394.847 385.775 19.009 10.3253
internal_count=3000 2682 133 79 2549 177 53 124 2372 63 2309 2257 108 56
is_linear=0
shrinkage=0.03


Tree=140
num_leaves=15
num_cat=0
split_feature=20 33 33 16 29 12 18 42 45 15 45 3 16 20
split_gain=4.10798 1.9434 2.56787 7.58136 3.9049 4.96484 4.95075 3.73236 3.85962 7.10899 4.92392 4.48922 3.69152 3.63624
threshold=10.607786429365921 35.500000000000007 32.500000000000007 206.01666666666668 11.350000000000003 -14.0478309232483 2054.8500000000008 14.796231746673586 1.6426314711570742 12.816666666666668 1.6573674678802492 173.95000000000002 204.75000000000003 0.68654060066737366
decision_type=2 2 2 2 10 2 2 2 2 2 2 2 2 2
left_child=1 2 7 4 5 6 -4 -1 9 -9 -10 -11 -8 -7
right_child=-2 -3 3 -5 -6 13 12 8 10 11 -12 -13 -14 -15
leaf_value=-0.017218345064683258 0.025208807104905667 -0.01761374501472953 -0.029072582807282095 0.043392162111747144 -0.012249842934395235 0.036494505537824851 0.018318165910537091 0.034440752476176388 -0.017324326370023308 0.01337038465376068 -0.00017498700413018606 -0.022045932641661905 -0.015972776069894789 0.00090980006112961992
leaf_weight=10.989282727241514 4.7837171247228971 4.7186558134853831 3.558392956852912 3.6214349865913382 10.418754089623688 6.2463398873806018 7.7599543035030347 7.0258452519774464 14.728922702372072 6.3152180388569814 359.2083761934191 4.7693014368414879 3.2719928175210953 4.0984202288091183
leaf_count=73 327 31 23 18 61 32 44 38 89 37 2153 30 20 24
internal_value=8.75105e-05 -0.000237198 -1.23561e-05 0.00724079 0.00244592 0.00882189 -0.00258452 -0.00072995 -0.000225141 0.0129267 -0.000894882 -0.0024314 0.00766549 0.0237193
internal_weight=451.515 446.731 442.012 38.9753 35.3539 24.9351 14.5903 403.037 392.048 18.1104 373.937 11.0845 11.0319 10.3448
internal_count=3000 2673 2642 222 204 143 87 2420 2347 105 2242 67 64 56
is_linear=0
shrinkage=0.03


Tree=141
num_leaves=15
num_cat=1
split_feature=12 25 14 28 29 26 29 36 7 45 26 31 12 14
split_gain=3.9913 2.00682 3.43243 2.79223 2.35306 3.03591 2.50793 2.46994 6.58505 5.22683 5.44229 5.41465 8.60272 8.37596
threshold=160.12625139043365 0.91726499210002455 20.783333333333335 57.350000000000001 20.250000000000004 48.250000000000007 19.650000000000002 2.5000000000000004 0 1.6843455433845522 48.250000000000007 2.5000000000000004 -16.42402669632941 23.150000000000002
decision_type=2 2 2 10 10 2 10 2 1 2 2 8 2 2
left_child=1 2 -1 -3 6 -6 7 8 -4 -10 11 13 -13 -11
right_child=-2 3 4 -5 5 -7 -8 -9 9 10 -12 12 -14 -15
leaf_value=-0.020141668524064495 0.025083643160033836 -0.005722315859106741 -0.01105410807586419 0.0266128318702719 -0.024092340245959524 0.0071551944244391697 0.022777582906267968 0.001282721696726171 -0.013974489827890112 0.038237424368486178 -0.0073071260231534242 -0.0243219059362959 0.01894321653495613 -0.0088142986548148377
leaf_weight=6.8819712325930587 4.6769414227455846 3.6191494166851026 46.011139260604978 4.7488483041524887 6.9268031120300275 3.7469517067074776 3.3836175948381415 315.10344118066132 11.063201263546942 12.138698719441896 13.526900950819252 5.8871866390109053 9.3650942668318731 4.1564805004745713
leaf_count=51 331 20 289 24 41 23 19 1872 69 66 81 37 50 27
internal_value=8.70297e-05 -0.000230227 -0.000522782 0.0135099 -0.000163876 -0.0134498 0.000204358 -3.27161e-05 -0.00406361 0.00314356 0.00823946 0.0149252 0.00177444 0.02642
internal_weight=451.236 446.559 438.191 8.368 431.31 10.6738 420.636 417.252 102.149 56.1376 45.0744 31.5475 15.2523 16.2952
internal_count=3000 2669 2625 44 2574 64 2510 2491 619 330 261 180 87 93
cat_boundaries=0 1
cat_threshold=3418
is_linear=0
shrinkage=0.03


Tree=142
num_leaves=15
num_cat=0
split_feature=12 45 43 29 41 41 23 39 6 16 41 12 19 15
split_gain=3.88494 2.91461 3.5875 2.65364 3.10316 2.43561 3.30047 2.70709 3.92119 7.1759 4.57036 3.4008 5.85314 4.72138
threshold=101.42146829810883 1.9146810770034792 125.50000000000001 18.950000000000003 93.01444244384767 92.035877227783217 9.7078591041052498 1.2471198156682031 9.5000000000000018 205.48333333333338 82.52807998657228 -29.714905450500797 122.08951948045582 12.583333333333334
decision_type=2 2 2 8 2 2 2 2 2 2 2 2 2 2
left_child=1 2 5 -4 -5 7 -7 11 9 10 -9 12 13 -1
right_child=-2 -3 3 4 -6 6 -8 8 -10 -11 -12 -13 -14 -15
leaf_value=0.019357814232202789 0.0165389377280372 -0.01438784975028503 -0.0074802019059210722 0.026055019097172921 0.00064518879411602737 0.002972482165250341 -0.028179670686951236 0.02545686722804677 -0.012563283862643802 -0.02145603963531632 0.0014525864537404342 0.00070234103929889442 0.0070206974272967989 -0.012077410220773466
leaf_weight=3.7086904197931281 11.546444110572336 11.994255783036349 4.6433448567986515 10.687401898205282 6.9494813382625571 5.3822460621595365 5.6046791151165962 18.167567968368534 6.7835634127259246 4.374715529382228 11.577619045972822 259.70483911782503 22.899800628423691 66.949112802743912
leaf_count=23 403 105 26 63 33 28 35 92 37 25 62 1480 141 447
internal_value=7.81829e-05 -0.000390912 3.45239e-05 0.0114875 0.0166146 -0.000622032 -0.0139441 -0.000216348 0.00699486 0.0111303 0.0164649 -0.00106871 -0.00594036 -0.0101803
internal_weight=450.974 439.427 427.433 22.2802 17.6369 405.153 10.9869 394.166 40.9035 34.1199 29.7452 353.262 93.5576 70.6578
internal_count=3000 2597 2492 122 96 2370 63 2307 216 179 154 2091 611 470
is_linear=0
shrinkage=0.03


Tree=143
num_leaves=15
num_cat=0
split_feature=44 45 12 39 42 42 14 4 24 19 28 22 12 12
split_gain=3.82296 2.21398 2.79713 2.1307 2.09057 4.71832 3.24157 2.1357 7.76163 7.9144 4.98978 5.51189 4.49733 3.91903
threshold=2.5919419527053837 2.0602929592132573 101.42146829810883 0.49935358758888176 17.522489547729496 16.712339401245121 24.016666666666669 54.050000000000004 444.26666666666671 102.92689345529914 45.350000000000001 462.31666666666672 -28.639043381535163 -3.7674082313683135
decision_type=2 2 2 2 2 2 2 2 2 2 10 2 2 2
left_child=1 2 3 -1 5 7 -7 8 13 -10 12 -12 -11 -5
right_child=-2 -3 -4 4 -6 6 -8 -9 9 10 11 -13 -14 -15
leaf_value=-0.01280881697752911 0.023495807910328431 -0.018494489380747912 0.022206157401157889 0.034194843359839328 -0.012123646985970618 0.030959693881787188 -0.0014483100739841853 -0.001021699533322092 -0.015405221284724702 -0.0056372235377273507 0.0094463176912765075 -0.027022585603770338 0.031772689887025515 0.00062047137261026625
leaf_weight=10.8486380726099 5.1870573004707685 4.9063658351078621 4.0449788225814691 9.2946641296148282 11.254432540386913 6.5458028241991979 4.2599090039730072 342.53917098045349 19.024769425392151 3.6113970950245848 10.212090417742727 4.602424904704093 9.5717050060629862 4.549184523522853
leaf_count=68 310 76 53 44 81 37 27 2022 108 21 54 27 48 24
internal_value=7.58248e-05 -0.000249041 -4.31254e-06 -0.000260529 8.87154e-05 0.000448934 0.0191431 -9.79099e-05 0.00503342 -0.000917676 0.00911858 -0.00287578 0.0218497 0.0239471
internal_weight=450.453 445.266 440.359 436.314 425.466 414.211 10.8057 403.405 60.8662 47.0224 27.9976 14.8145 13.1831 13.8438
internal_count=3000 2690 2614 2561 2493 2412 64 2348 326 258 150 81 69 68
is_linear=0
shrinkage=0.03


Tree=144
num_leaves=15
num_cat=0
split_feature=15 42 12 1 15 8 44 44 42 16 44 41 30 43
split_gain=3.74179 2.05073 2.98601 3.13291 2.53783 2.12274 6.14768 2.28896 5.47049 4.03891 4.29192 4.95833 5.36959 4.03622
threshold=15.616666666666669 18.594023704528812 86.056062291434785 22.500000000000004 14.483333333333336 2.5000000000000004 2.2154408693313603 2.311306476593018 16.092265129089359 203.45000000000002 2.2533040046691899 84.869781494140639 23.150000000000002 109.50000000000001
decision_type=2 2 2 2 2 2 2 2 2 2 2 2 8 2
left_child=1 4 -3 -4 5 7 -7 8 9 10 11 12 -1 -9
right_child=-2 2 3 -5 -6 6 -8 13 -10 -11 -12 -13 -14 -15
leaf_value=0.028453019766196425 0.022266125686604937 -0.030180536285653543 0.01517894305856066 -0.025368511406600725 0.015868299256434366 -0.0095011589756210865 0.033751513659824588 0.013863009613196161 0.0088939657165422771 -0.0001321346201093645 -0.020301646948625691 -0.017594154959811523 -0.0078647491902521516 -0.012262664623105983
leaf_weight=6.2974933683872232 5.7379162358120075 3.9921356290578824 4.0031873574480414 1.6120914006605742 7.9514291249215594 5.2212563753128034 4.9296741634607315 5.5763397589325896 53.246197644621134 288.13014423847198 18.677809774875641 8.4606747999787313 6.6819255650043496 29.494655661284924
leaf_count=33 318 54 65 14 54 31 26 31 295 1708 112 49 40 170
internal_value=7.73084e-05 -0.000258627 -0.0132914 0.00146301 5.92812e-05 -0.000271715 0.012647 -0.000616056 6.67579e-05 -0.0013878 -0.0101835 -0.000857094 0.0105311 -0.00783948
internal_weight=450.013 444.275 9.60741 5.61528 434.668 426.716 10.1509 416.565 381.494 328.248 40.1179 21.4401 12.9794 35.071
internal_count=3000 2682 133 79 2549 2495 57 2438 2237 1942 234 122 73 201
is_linear=0
shrinkage=0.03


Tree=145
num_leaves=15
num_cat=0
split_feature=20 32 10 23 12 33 33 14 25 29 46 12 4 14
split_gain=3.63565 1.90065 1.9645 2.56851 2.19755 1.90571 2.70321 5.18742 6.41713 6.225 3.18157 3.38043 5.10134 4.41733
threshold=10.607786429365921 14.500000000000002 2787.9400314721183 12.515966792364912 73.99054505005553 35.500000000000007 32.500000000000007 21.450000000000003 0.90724384363663235 12.550000000000002 388.88887023925787 -2.6880978865407568 80.950000000000017 21.450000000000003
decision_type=2 2 2 2 2 2 2 2 2 10 2 2 2 2
left_child=1 -1 5 4 -4 6 10 -8 9 -9 11 13 -13 -3
right_child=-2 2 3 -5 -6 -7 7 8 -10 -11 -12 12 -14 -15
leaf_value=-0.018215308605763671 0.024719618408575332 -0.012154756013079108 -0.016240929232280887 -0.031066865728701848 0.019145197707235433 -0.017089990644872304 0.029843775423310983 0.023610097108315534 -0.01237916642297794 -0.015860381168389386 0.024640260635050842 0.001929981874121275 0.026607453253872849 -0.00090194265496388248
leaf_weight=4.2196744978427878 4.3241247171536079 35.40779697149992 2.1857335343956938 3.1796458978205919 2.1391758937388659 4.6158930435776702 6.8476695194840422 13.448279790580278 13.742355376482008 4.0073304772377005 3.5681753754615775 115.28793845698237 7.0855279043316832 229.60375120490789
leaf_count=33 327 222 26 41 20 30 36 73 81 24 19 650 38 1380
internal_value=7.56508e-05 -0.000218483 -5.5174e-06 -0.014285 0.00157014 0.000273917 0.000500057 0.00802684 0.00246006 0.0141804 -0.000251023 -0.000543147 0.00356291 -0.00244545
internal_weight=449.663 445.339 441.119 7.50456 4.32491 433.615 428.999 38.0456 31.198 17.4556 390.953 387.385 122.373 265.012
internal_count=3000 2673 2640 87 46 2553 2523 214 178 97 2309 2290 688 1602
is_linear=0
shrinkage=0.03


Tree=146
num_leaves=15
num_cat=0
split_feature=12 10 23 12 23 39 26 32 44 12 20 42 22 29
split_gain=3.53434 1.93281 2.91305 2.34073 2.31306 3.91942 4.38109 2.91262 2.27102 2.07852 4.5787 4.82618 4.26449 3.98138
threshold=160.12625139043365 2787.9400314721183 12.515966792364912 101.42146829810883 12.408950836761109 1.11456176673568 47.716666666666676 14.500000000000002 2.2555068731307988 -35.81490545050071 -2.5506117908788024 15.39254665374756 432.01666666666671 14.050000000000002
decision_type=2 2 2 2 2 2 2 2 2 2 2 2 2 8
left_child=1 4 3 -3 7 6 8 -1 -6 10 11 12 -9 -13
right_child=-2 2 -4 -5 5 -7 -8 9 -10 -11 -12 13 -14 -15
leaf_value=-0.023830465579176389 0.024592572705755766 -0.014433876064394956 -0.033036067922364083 0.022292921450216101 0.0504284498183874 -0.015091273616380142 -0.0060354365556324254 0.027264524198994989 0.012100157526010697 0.00096197587929723897 -0.015854661052730978 -0.027001006110193695 -0.0025514996145992288 -0.0014488431560554947
leaf_weight=3.6934359222650519 4.2302506165578952 2.5610071346163741 2.9932139161974192 1.7899976149201391 2.8786686956882459 2.8365922980010501 3.3155095763504505 8.3131585493683833 3.4894065670669079 340.75158244371414 21.584464631974697 5.4518812000751486 7.7555552721023551 37.648271828889847
leaf_count=30 331 28 33 17 16 21 25 47 28 1936 150 37 52 249
internal_value=7.48257e-05 -0.000212822 -0.0145157 0.00201795 5.9697e-05 0.0122759 0.0209547 -0.000327975 0.033919 -6.61194e-05 -0.00436303 2.28768e-05 0.0135675 -0.00521999
internal_weight=449.293 445.063 7.34422 4.351 437.719 12.5202 9.68358 425.198 6.36808 421.505 80.7533 59.1689 16.0687 43.1002
internal_count=3000 2669 78 45 2591 90 69 2501 44 2471 535 385 99 286
is_linear=0
shrinkage=0.03


Tree=147
num_leaves=15
num_cat=0
split_feature=12 41 41 22 29 30 10 29 16 28 31 38 43 30
split_gain=3.43248 1.90712 2.00997 2.12435 6.6183 3.06783 10.3674 4.55423 4.64703 4.40239 4.41139 5.07496 5.22437 6.61415
threshold=160.12625139043365 96.128074645996108 94.350978851318374 506.60000000000008 19.050000000000004 25.250000000000004 1859.2290754318208 16.350000000000005 205.75000000000003 77.65000000000002 2.5000000000000004 3.5000000000000004 108.50000000000001 21.850000000000005
decision_type=2 2 2 2 8 10 2 8 2 10 10 2 2 8
left_child=1 2 3 5 -5 9 7 -7 -9 10 11 -1 -13 -14
right_child=-2 -3 -4 4 -6 6 -8 8 -10 -11 -12 12 13 -15
leaf_value=0.001309226430651767 0.024471222710641831 -0.019711299028329642 0.017339201825058975 -0.017381778434562858 0.025214584228297466 -0.020644861308356393 0.020184142940596742 0.0065884478642523458 -0.027888489928812061 -0.023461341790478801 0.006678479320977343 -0.015214589228115518 0.0065167805348276464 -0.0086556388984270465
leaf_weight=149.56327479332685 4.1301646111533037 3.4674977399408808 4.9287428557872763 4.1051955446600887 8.7326935231685638 10.102144628763197 24.705819349735975 25.030764013528827 3.0727608352899543 7.1746536865830413 53.437363611534238 42.819042816758156 40.881455956026912 66.837622709572315
leaf_count=893 331 22 24 27 48 60 144 146 21 45 304 269 239 427
internal_value=7.21654e-05 -0.000208738 -1.13193e-05 -0.000246438 0.0113217 -0.000622845 0.00543825 -0.00436883 0.00199011 -0.00169206 -0.00118535 -0.00260315 -0.00647319 -0.00289044
internal_weight=448.989 444.859 441.392 436.463 12.8379 423.625 62.9115 38.2057 28.1035 360.713 353.539 300.101 150.538 107.719
internal_count=3000 2669 2647 2623 75 2548 371 227 167 2177 2132 1828 935 666
is_linear=0
shrinkage=0.03


Tree=148
num_leaves=15
num_cat=0
split_feature=44 45 12 30 43 30 19 44 19 39 8 44 38 41
split_gain=3.38076 2.02877 2.60712 2.00782 4.58617 4.1738 5.12185 3.99222 3.89705 5.2714 2.20569 5.3175 2.50794 5.5359
threshold=2.5919419527053837 2.0602929592132573 101.42146829810883 30.750000000000004 115.50000000000001 27.550000000000004 100.99289780656035 2.2014546394348149 116.40295985589775 0.98430141287284145 2.5000000000000004 2.2154408693313603 2.5000000000000004 88.980304718017592
decision_type=2 2 2 10 2 10 2 2 2 2 2 2 2 2
left_child=1 2 3 5 -5 10 7 -7 9 -8 12 -12 13 -1
right_child=-2 -3 -4 4 -6 6 8 -9 -10 -11 11 -13 -14 -15
leaf_value=0.0057399817007250361 0.022956374824209785 -0.017869051257442696 0.021801175841874302 -0.028675655423406617 0.010387121167785385 0.01321666084651551 0.053421985361444636 -0.028559034439300305 0.0020088204871155486 0.0068310199399657413 -0.008647219912084031 0.031745594000223185 -0.002420220444889255 -0.013423953512081359
leaf_weight=91.415531234815717 4.7339207939803591 4.7903865836560717 3.8844559621065846 5.6024186536669713 3.8899643868207932 3.2290121167898205 4.4913968667387945 3.1524207815527916 5.5252787843346587 4.1870433390140533 5.0433978512883169 5.0461743623018265 288.69110151194036 14.932683560997246
leaf_count=530 310 76 53 34 21 20 23 20 31 23 30 26 1719 84
internal_value=6.77625e-05 -0.000227393 5.23917e-06 -0.000238835 -0.0132035 8.05103e-05 0.0129351 -0.0084937 0.0224881 0.0339718 -0.000602892 0.0125957 -0.000970945 0.00294913
internal_weight=448.615 443.881 439.091 435.206 9.49238 425.714 20.5852 6.38143 14.2037 8.67844 405.129 10.0896 395.039 106.348
internal_count=3000 2690 2614 2561 55 2506 117 40 77 46 2389 56 2333 614
is_linear=0
shrinkage=0.03


Tree=149
num_leaves=15
num_cat=0
split_feature=20 25 14 28 14 46 4 3 6 26 39 34 37 4
split_gain=3.27133 1.84821 3.19986 2.50331 2.3127 2.07837 6.80037 4.72518 4.97181 8.71185 8.52903 5.09814 10.0455 4.34333
threshold=10.607786429365921 0.91726499210002455 20.783333333333335 57.350000000000001 20.850000000000005 222.486930847168 57.45000000000001 158.45000000000002 4.5000000000000009 49.983333333333341 0.98430141287284145 17.500000000000004 12.500000000000002 65.850000000000009
decision_type=2 2 2 10 2 2 2 2 2 2 2 2 2 2
left_child=1 2 -1 -3 -4 6 -6 -8 11 10 -10 -9 -13 -11
right_child=-2 3 4 -5 5 -7 7 8 9 13 -12 12 -14 -15
leaf_value=-0.019629775540829033 0.02428299986469127 -0.0053816318744096953 0.021638920705791955 0.025270117112324127 -0.010396956451574509 -0.0015788378523701892 -0.017910768957830243 0.040175327237932844 0.010053788386035007 -0.0011494330779900303 -0.016997763815458131 -0.0048538270507465535 0.036698221280231341 0.039149731282255601
leaf_weight=6.7166113555431357 3.9664854146540156 3.5865859687328321 3.3449688702821723 4.7935216426849365 24.480758920311928 318.17368932813406 5.3125501275062552 6.8056321740150478 20.88192168623209 3.3959169909358007 19.192272514104843 13.466424815356733 7.3682272136211386 6.824148491024971
leaf_count=51 327 20 18 24 142 1936 32 37 122 21 110 80 42 38
internal_value=7.00319e-05 -0.000200149 -0.000482546 0.0129764 -0.000138013 -0.000359333 0.00322386 0.00730525 0.00922927 0.00347082 -0.00300011 0.0192203 0.0108489 0.0268502
internal_weight=448.31 444.343 435.963 8.38011 429.247 425.902 107.728 83.2471 77.9345 50.2943 40.0742 27.6403 20.8347 10.2201
internal_count=3000 2673 2629 44 2578 2560 624 482 450 291 232 159 122 59
is_linear=0
shrinkage=0.03


Tree=150
num_leaves=15
num_cat=0
split_feature=44 45 12 39 30 43 30 19 6 4 24 19 46 24
split_gain=3.19511 1.94845 2.51919 1.99965 2.02555 4.41324 4.02037 4.73014 3.90384 2.31867 6.7127 7.37925 4.35993 7.28856
threshold=2.5919419527053837 2.0602929592132573 101.42146829810883 0.49935358758888176 30.750000000000004 115.50000000000001 27.550000000000004 100.99289780656035 7.5000000000000009 54.050000000000004 444.26666666666671 102.92689345529914 219.66828155517581 446.41666666666669
decision_type=2 2 2 2 10 2 10 2 2 2 2 2 2 2
left_child=1 2 3 -1 6 -6 9 -8 -9 10 -5 -12 13 -11
right_child=-2 -3 -4 4 5 -7 7 8 -10 12 11 -13 -14 -15
leaf_value=-0.012441269707093047 0.022652263010812437 -0.017522115482085609 0.021577735800762006 0.022098834444818801 -0.02831085319961657 0.010096320887757507 -0.0078458364110146461 0.03584792432654238 0.0044485066470546005 -0.011982434094644386 -0.014836731973672445 0.0085805038223162721 -0.0031841436672030688 0.0096271062607533736
leaf_weight=10.723036672919987 4.5716062784194937 4.7736210757866493 3.8251539878547183 14.600324887782334 5.5110749155282956 3.9013879597187042 6.2166110873222378 7.4443390965461713 6.7222991436719894 17.16344440728426 18.746686279773712 30.323755167424679 251.56702458672225 61.967528201639652
leaf_count=68 310 76 53 73 34 21 39 40 36 99 108 167 1519 357
internal_value=7.52588e-05 -0.000207912 1.99042e-05 -0.000218781 0.000118744 -0.0129506 0.00044578 0.0131151 0.0222241 -0.000240562 0.00495659 -0.000483373 -0.00125312 0.00484897
internal_weight=448.058 443.486 438.713 434.888 424.164 9.41246 414.752 20.3832 14.1666 394.369 63.6708 49.0704 330.698 79.131
internal_count=3000 2690 2614 2561 2493 55 2438 115 76 2323 348 275 1975 456
is_linear=0
shrinkage=0.03


Tree=151
num_leaves=15
num_cat=0
split_feature=20 23 23 1 41 44 23 30 44 3 23 14 3 46
split_gain=3.11215 1.83659 3.60906 3.76998 4.95476 3.60951 3.13204 5.11554 6.07919 6.84819 4.82576 5.16578 4.82994 3.9385
threshold=10.607786429365921 7.3683460204005442 8.5200911884314934 23.500000000000004 81.362808227539077 2.2809736728668217 9.4263630784880839 23.950000000000003 2.2023460865020756 169.25000000000003 9.1211828734272 21.583333333333339 163.15000000000001 204.21346282958987
decision_type=2 2 2 2 2 2 2 8 2 2 2 2 2 2
left_child=1 -1 3 5 -5 -3 7 8 9 -4 12 -12 -9 -14
right_child=-2 2 6 4 -6 -7 -8 10 -10 -11 11 -13 13 -15
leaf_value=0.011201396753835037 0.024074697203412869 -0.014648138654315716 0.034944302398467277 -0.014282260997464002 0.030223274146581516 0.0064968590367508652 -0.001208435356420436 0.021829958290909297 -0.011212543269846314 -0.0010663878961599299 -0.010671448951559042 0.026809242008005878 0.018681272831178191 -0.0083508415136875208
leaf_weight=11.39696394652128 3.8108611125499001 38.384066894650459 5.6926752328872707 3.2239117473363867 4.0899057388305664 8.29885086417198 269.15058203600347 8.694631375372408 28.4039641097188 16.204661890864372 3.3779114037752178 19.715879142284393 5.1582658588886288 22.070915535092354
leaf_count=60 327 255 30 22 23 48 1638 49 161 97 20 107 28 135
internal_value=7.52121e-05 -0.000184493 -0.0005097 -0.00769106 0.0112471 -0.0108318 0.000532443 0.0047907 -0.00222546 0.00941262 0.0107081 0.0211116 0.00362953 -0.00274954
internal_weight=447.674 443.863 432.466 53.9967 7.31382 46.6829 378.469 109.319 50.3013 21.8973 59.0176 23.0938 35.9238 27.2292
internal_count=3000 2673 2613 348 45 303 2265 627 288 127 339 127 212 163
is_linear=0
shrinkage=0.03


Tree=152
num_leaves=15
num_cat=1
split_feature=20 41 41 7 46 12 29 3 37 30 20 4 20 9
split_gain=3.02134 1.75963 1.90898 2.00901 3.37319 3.2897 8.77123 4.30348 4.40252 7.65285 4.71205 8.6048 7.59257 6.11273
threshold=10.607786429365921 96.128074645996108 94.350978851318374 0 372.38636779785162 -41.752614015573059 14.850000000000003 157.65000000000001 14.500000000000002 19.150000000000002 -1.4064516129032703 56.850000000000001 -1.5432703003337711 7471.4333333333343
decision_type=2 2 2 1 2 2 10 2 2 10 2 2 2 2
left_child=1 2 3 4 5 6 -1 -7 10 -10 11 -9 13 -13
right_child=-2 -3 -4 -5 -6 7 -8 8 9 -11 -12 12 -14 -15
leaf_value=-0.018182889250434216 0.023949167221410547 -0.018930612378861171 0.016920395552513515 -0.0017678587142420977 0.025780748159352846 -0.019082971611348011 0.0274093766448474 -0.01637847241281256 0.049048400683973412 0.0013600746904501746 -0.00096249352244326077 0.028043959763202592 0.049948210451708629 -0.0027323187426858738
leaf_weight=17.390214135870341 3.7224898738786569 3.4562530349940053 4.9317399300634852 271.57097457256168 4.4070699512958518 6.3186095003038636 3.8462780304253092 6.8035611175000659 4.2689199522137624 7.2618949376046658 86.237253025174141 9.3850680440664309 4.9403843283653286 12.818078719079493
leaf_count=116 327 23 24 1690 25 36 23 38 21 39 485 52 25 76
internal_value=7.99214e-05 -0.000173774 1.60781e-05 -0.00021381 0.00232584 0.00166514 -0.0090641 0.00336916 0.0045819 0.0215205 0.0027926 0.0120864 0.0195496 0.0109245
internal_weight=447.359 443.636 440.18 435.248 163.677 159.27 21.2365 138.034 131.715 11.5308 120.184 33.9471 27.1435 22.2031
internal_count=3000 2673 2650 2626 936 911 139 772 736 60 676 191 153 128
cat_boundaries=0 1
cat_threshold=41892
is_linear=0
shrinkage=0.03


Tree=153
num_leaves=15
num_cat=1
split_feature=44 46 30 22 24 26 46 18 28 13 19 29 7 37
split_gain=2.94514 1.76174 5.28567 4.08528 4.06568 5.00357 3.74663 3.37176 6.95378 4.79551 6.84123 5.33982 4.61459 5.61983
threshold=2.6160597801208501 334.53312683105474 24.950000000000003 431.61666666666673 442.98333333333341 39.483333333333341 343.14633178710943 2144.9333333333338 49.45000000000001 6.4330000000000007 106.4153161959939 16.150000000000002 0 14.500000000000002
decision_type=2 2 10 2 2 2 2 2 8 2 2 10 1 2
left_child=1 7 3 4 5 -3 -5 9 -9 12 -11 -12 13 -1
right_child=-2 2 -4 6 -6 -7 -8 8 -10 10 11 -13 -14 -15
leaf_value=0.0023214475897294423 0.023275719848489428 -0.018729686621372778 0.025552479311809106 0.029107373640460624 -0.022115571761333722 0.021708853610230505 0.00090337480086961235 0.027804168899192943 -0.0093118043122676648 -0.022202365509229167 0.015178173532008033 -0.01300781575432642 -0.0035869149398855007 0.027719228346763145
leaf_weight=69.015949588268995 3.8752147713676086 3.8597486075013894 8.3236231710761768 5.2818403206765678 9.5290230158716422 5.4207940828055143 13.242316759191452 3.9195362702012053 64.583167190663517 5.0593970194458953 45.641853574663401 6.1725607961416236 195.18616091273725 7.8833968192338935
leaf_count=393 299 25 55 31 72 38 90 21 414 31 262 37 1193 39
internal_value=8.55811e-05 -0.000169176 0.00534679 0.000292828 -0.00931312 0.00470467 0.0100242 -0.000814635 -0.00681864 0.000452519 0.00829574 0.0116377 -0.00121132 0.00465054
internal_weight=446.995 443.119 45.6573 37.3337 18.8096 9.28054 18.5242 397.462 68.5027 328.959 56.8738 51.8144 272.086 76.8993
internal_count=3000 2701 311 256 135 63 121 2390 435 1955 330 299 1625 432
cat_boundaries=0 1
cat_threshold=19332
is_linear=0
shrinkage=0.03


Tree=154
num_leaves=15
num_cat=1
split_feature=20 25 14 28 29 26 29 36 7 44 19 45 42 24
split_gain=2.86734 1.74793 3.04258 2.325 2.2809 2.79281 2.31393 2.30062 6.10487 5.18743 5.66456 4.85286 5.16021 5.83014
threshold=10.607786429365921 0.91726499210002455 20.783333333333335 57.350000000000001 20.250000000000004 48.250000000000007 19.650000000000002 2.5000000000000004 0 2.1747077703475957 107.01568259748545 1.6843455433845522 15.297739982604982 496.51666666666671
decision_type=2 2 2 10 10 2 10 2 1 2 2 2 2 2
left_child=1 2 -1 -3 6 -6 7 8 9 10 -4 -10 -13 -14
right_child=-2 3 4 -5 5 -7 -8 -9 11 -11 -12 12 13 -15
leaf_value=-0.019254947928670777 0.023725099178584962 -0.0051516544008047317 -0.011225250480645616 0.024421521574380427 -0.023652589711084172 0.0065043313338152301 0.021858860003703767 0.0013043091574141488 -0.013568476066740229 -0.018616318019115702 0.029512630849609159 0.037821080619407775 0.011959964160157221 -0.011680328149607799
leaf_weight=6.5951128453016272 3.570863163098692 3.5611518919467908 7.1439859271049482 4.8245577216148376 6.7595941424369794 3.7392262630164623 3.4182455092668524 313.08917935844511 10.88598148524761 34.218741943128407 3.962191179394722 3.6992023885250083 28.2931899856776 12.89310050755739
leaf_count=51 327 20 46 24 41 23 19 1874 69 218 25 21 166 76
internal_value=8.57704e-05 -0.000157738 -0.000433318 0.0126519 -9.91657e-05 -0.0132804 0.000263153 3.27056e-05 -0.00387957 -0.0106634 0.00454553 0.00306304 0.00797198 0.00445807
internal_weight=446.654 443.083 434.698 8.38571 428.103 10.4988 417.604 414.186 101.096 45.3249 11.1062 55.7715 44.8855 41.1863
internal_count=3000 2673 2629 44 2578 64 2514 2495 621 289 71 332 263 242
cat_boundaries=0 1
cat_threshold=3418
is_linear=0
shrinkage=0.03


Tree=155
num_leaves=15
num_cat=0
split_feature=12 10 23 23 39 26 32 30 30 38 39 43 14 39
split_gain=2.79037 1.88153 2.65223 2.1598 3.72364 4.091 2.75006 2.45101 2.22736 4.32001 2.68352 3.36288 2.95918 2.67664
threshold=160.12625139043365 2787.9400314721183 12.515966792364912 12.408950836761109 1.11456176673568 47.716666666666676 14.500000000000002 31.450000000000003 27.550000000000004 5.5000000000000009 1.1386554621848741 107.50000000000001 22.616666666666671 1.2471198156682031
decision_type=2 2 2 2 2 2 2 10 10 2 2 2 2 2
left_child=1 3 -3 6 5 -5 -1 8 13 10 11 -10 -13 -8
right_child=-2 2 -4 4 -6 -7 7 -9 9 -11 -12 12 -14 -15
leaf_value=-0.023336094322342942 0.023595625919841486 0.0017047298089393895 -0.032157968342574603 0.032814902689193015 -0.014828807632124064 -0.0058472899881872918 -0.0010902931230104699 -0.017431035618463604 -0.013082928645476073 0.034205617115954969 -0.015736463095436418 0.027925787224892192 -0.0032821483903455861 0.0070532576214490375
leaf_weight=3.5981680005788794 3.498195636086165 4.2180307544767848 2.9354044748470187 6.3990358859300596 2.8178840931504956 3.2931952867656946 351.17873685061932 6.1441812664270392 3.8144278377294603 3.9366795867681494 4.4405432455241671 6.7035990059375745 3.9414481222629547 39.503733996301889
leaf_count=30 331 45 33 44 21 25 2095 38 23 20 26 37 24 208
internal_value=8.62746e-05 -0.000152135 -0.0144306 0.000114757 0.0119229 0.0203601 -0.000261531 -8.68703e-06 0.000291606 0.00919469 0.00252808 0.00879226 0.0170811 -0.000250955
internal_weight=446.423 442.925 7.15344 435.772 12.5101 9.69223 423.262 419.663 413.519 22.8367 18.9 14.4595 10.645 390.682
internal_count=3000 2669 78 2591 90 69 2501 2471 2433 130 110 84 61 2303
is_linear=0
shrinkage=0.03


Tree=156
num_leaves=15
num_cat=0
split_feature=12 42 43 23 3 41 23 30 30 19 28 6 4 43
split_gain=2.74994 2.67606 4.10024 2.45161 2.41568 2.38367 3.04836 2.41177 3.39047 4.81707 3.8336 3.81556 3.15138 5.28743
threshold=101.42146829810883 17.522489547729496 125.50000000000001 9.7779072155256603 177.25000000000003 92.035877227783217 9.7078591041052498 30.750000000000004 27.550000000000004 100.99289780656035 77.050000000000011 7.5000000000000009 61.45000000000001 108.50000000000001
decision_type=2 2 2 2 2 2 2 10 10 2 10 2 2 2
left_child=1 2 5 -4 -2 7 -7 8 12 10 -10 -11 13 -1
right_child=4 -3 3 -5 -6 6 -8 -9 9 11 -12 -13 -14 -15
leaf_value=-0.0054664866583593041 0.024252204049413594 -0.012835939199659821 -0.00079219029176971724 0.020765500980659976 -0.0050302510671448248 0.0024683746813328306 -0.027689051036061067 -0.01484249227868556 -0.028253322063465865 0.036768018864757564 0.012813083865809314 0.0043064107736503644 -0.0027362952243864917 0.0066479301742615781
leaf_weight=46.038907468318939 6.6603334611281735 13.783038860186933 7.2327767014503506 12.433222517371176 3.3455559266731143 5.3770196065306646 5.4602987915277481 8.7621548324823362 3.082357972860339 6.5045376494526845 3.2484450340270996 6.2904638722538948 214.00884594768286 103.97031616419554
leaf_count=268 299 118 36 72 104 28 35 52 20 33 20 34 1309 572
internal_value=8.35136e-05 -0.000289515 0.000149219 0.0131823 0.0148939 -0.000518263 -0.0137817 -0.000117347 0.000257165 0.0122439 -0.00830802 0.0222778 -0.000404445 0.00291835
internal_weight=446.198 436.192 422.409 19.666 10.0059 402.743 10.8373 391.906 383.144 19.1258 6.3308 12.795 364.018 150.009
internal_count=3000 2597 2479 108 403 2371 63 2308 2256 107 40 67 2149 840
is_linear=0
shrinkage=0.03


Tree=157
num_leaves=15
num_cat=1
split_feature=44 45 12 25 7 23 33 30 1 26 10 12 14 15
split_gain=2.68538 1.87315 2.36114 2.0264 5.43227 5.0353 4.30237 6.0013 5.00614 4.09837 4.12205 3.93016 4.92337 3.88161
threshold=2.5919419527053837 2.0602929592132573 101.42146829810883 0.90164504972008697 0 8.2676491394277871 25.500000000000004 19.950000000000003 19.500000000000004 53.850000000000009 1690.8715666681196 -37.234482758620864 22.883333333333336 13.950000000000001
decision_type=2 2 2 2 1 2 2 8 2 2 2 2 2 2
left_child=1 2 3 4 5 -1 11 8 -8 -5 -11 -6 -13 -7
right_child=-2 -3 -4 9 6 13 7 -9 -10 10 -12 12 -14 -15
leaf_value=0.03493836472538845 0.021777679826810694 -0.017307606957662106 0.021216284075475558 0.0004379133292846319 0.030594994479816291 -0.0030955467375995928 0.027403724937333226 -0.018447547195444752 -0.008755195228119253 0.037348179819114917 -0.002810701176070819 -0.017807754567594258 0.018226958259791416 0.02053837599363309
leaf_weight=3.8064957857131949 4.0760408816859117 4.6648868508636943 3.6945205815136424 316.52263936400414 3.0005924329161635 27.784869782626629 4.3914582319557658 41.771088985726237 8.6614773757755739 4.4732846021652204 3.7423662841320038 7.4435136914253217 4.7510139122605324 7.0031117815524331
leaf_count=21 310 76 53 1852 20 162 24 268 51 24 23 45 28 43
internal_value=8.15359e-05 -0.000167412 5.46299e-05 -0.000174213 -0.00370214 0.00490371 -0.00801048 -0.0130027 0.00449429 0.0010135 0.0207351 0.00474597 -0.00345117 0.00210311
internal_weight=445.787 441.711 437.046 433.352 108.614 38.5945 70.0191 54.824 13.0529 324.738 8.21565 15.1951 12.1945 34.788
internal_count=3000 2690 2614 2561 662 226 436 343 75 1899 47 93 73 205
cat_boundaries=0 1
cat_threshold=50628
is_linear=0
shrinkage=0.03


Tree=158
num_leaves=15
num_cat=1
split_feature=20 33 33 15 25 29 20 42 45 30 15 15 7 9
split_gain=2.60356 1.7178 2.2884 6.81174 4.75527 6.4049 4.90434 3.18055 3.67898 6.69252 4.58387 5.16673 9.2653 7.33927
threshold=10.607786429365921 35.500000000000007 32.500000000000007 12.91666666666667 0.90724384363663235 22.350000000000005 -0.703559510567352 14.796231746673586 1.6426314711570742 22.550000000000004 13.050000000000002 13.41666666666667 0 6511.8333333333348
decision_type=2 2 2 2 2 8 2 2 2 8 2 2 1 2
left_child=1 2 7 -4 5 -5 -7 -1 9 -9 -10 12 13 -12
right_child=-2 -3 3 4 -6 6 -8 8 10 -11 11 -13 -14 -15
leaf_value=-0.0161340283225688 0.023300386926496046 -0.01665064258611031 0.032479849021444032 -0.012593237713991382 -0.012604584061358656 0.0043506380665191326 0.041174127647199271 -0.010996436327633061 -0.0088424140805716846 0.025410592343510941 -0.027017418918706616 -0.0021391610182782523 0.01279572681475661 0.0011752150708132945
leaf_weight=10.533312909305094 3.3070271769538513 4.5980001203715792 6.6017059534788123 6.5745976492762592 12.972774688154457 7.1304619684815389 5.4342319071292877 6.3549008965492275 53.515167690813541 11.717502698302267 9.5344408527016622 210.9237811723724 57.257128216326237 39.008760668337345
leaf_count=73 327 31 33 39 80 41 29 37 328 68 57 1292 325 240
internal_value=8.83774e-05 -0.000137419 7.36781e-05 0.0069419 0.000869377 0.0101745 0.0221381 -0.000608678 -0.000147178 0.0127033 -0.000806972 0.000574291 0.00595321 -0.00399029
internal_weight=445.464 442.157 437.559 38.7138 32.1121 19.1393 12.5647 398.845 388.312 18.0724 370.239 316.724 105.8 48.5432
internal_count=3000 2673 2642 222 189 109 70 2420 2347 105 2242 1914 622 297
cat_boundaries=0 1
cat_threshold=34938
is_linear=0
shrinkage=0.03


Tree=159
num_leaves=15
num_cat=0
split_feature=12 10 14 25 15 41 31 16 41 43 14 37 25 42
split_gain=2.52982 1.83108 1.94833 2.19888 4.59355 4.22791 3.92167 4.19756 3.99112 3.91823 3.68229 5.00907 3.5171 4.35779
threshold=160.12625139043365 2787.9400314721183 25.083333333333339 0.90164504972008697 12.716666666666667 77.893646240234389 3.5000000000000004 202.78333333333339 89.493083953857436 109.50000000000001 22.483333333333338 9.5000000000000018 0.90608542205124143 15.677240848541262
decision_type=2 2 2 2 2 2 8 2 2 2 2 2 2 2
left_child=1 2 3 4 -1 -6 8 -8 9 -7 -9 -12 13 -5
right_child=-2 -3 -4 12 5 6 7 10 -10 -11 11 -13 -14 -15
leaf_value=0.02592307386418272 0.023163845058713588 -0.014311562290172211 0.017064726290545944 0.010757601951951235 -0.015506163996931586 -0.016114060285348078 -0.029765181393244831 -0.016277649932529739 -0.013789464680953848 0.010505945307108435 -0.017386056783313845 0.021760768292001787 -0.0014165609364509173 -0.00024350900700597909
leaf_weight=3.509998954832553 3.2381247030571094 7.0397685449570409 5.0346671044826499 60.439245350658894 25.134307838976383 4.8063895031809798 6.5474832430481937 9.3871876150369662 9.0865276791155321 37.631392158567905 3.6783336102962476 7.2262038886547089 193.91560446098447 68.488411519676447
leaf_count=21 331 78 52 347 160 31 41 59 56 218 23 41 1146 396
internal_value=9.5961e-05 -0.00012498 0.000136973 -0.000100441 -0.00380698 -0.00505366 -0.00154798 -0.0106347 0.00329765 0.00718947 -0.0033538 0.0082045 0.00113607 0.00495674
internal_weight=445.164 441.926 434.886 429.851 107.008 103.498 78.3635 26.8392 51.5243 42.4378 20.2917 10.9045 322.843 128.928
internal_count=3000 2669 2591 2539 650 629 469 164 305 249 123 64 1889 743
is_linear=0
shrinkage=0.03


Tree=160
num_leaves=15
num_cat=0
split_feature=44 25 14 28 29 3 29 38 45 30 19 29 3 18
split_gain=2.47973 1.67185 2.88336 2.19095 2.16414 2.29187 2.1396 2.22398 4.48604 3.44087 5.7703 4.84168 3.72926 7.23432
threshold=2.6160597801208501 0.91726499210002455 20.783333333333335 57.350000000000001 20.250000000000004 173.65000000000001 19.650000000000002 2.5000000000000004 1.6426314711570742 27.550000000000004 96.663148959393297 16.950000000000003 178.35000000000005 2079.6333333333337
decision_type=2 2 2 10 10 2 10 2 2 10 2 8 2 2
left_child=1 2 -1 -3 6 -6 7 8 -4 12 -11 -12 -9 -14
right_child=-2 3 4 -5 5 -7 -8 9 -10 10 11 -13 13 -15
leaf_value=-0.01887335670074167 0.022444669777666185 -0.0049607031029485832 0.027899591430741982 0.02376982217902511 0.00066110159375419781 -0.026206476454431381 0.020936577678664931 -0.0042616865004647016 0.0021590350240193786 -0.019240639363166865 -0.0069302497081145144 0.027807596499340403 0.013945196137740347 -0.0043447301405334917
leaf_weight=6.4752501621842375 3.4222992630675426 3.5459240227937681 5.4898291006684294 4.8442374020814896 5.5433729551732522 4.793938722461462 3.4615534469485274 204.91876630671322 104.52549907192588 3.849443010985854 4.5762011753395226 11.645230279304085 32.720925018191338 45.225718128494918
leaf_count=51 299 20 29 24 33 31 19 1278 636 25 28 66 181 280
internal_value=9.1609e-05 -0.000131934 -0.000402467 0.0123923 -7.87337e-05 -0.0130113 0.000272714 4.93412e-05 0.00368325 -0.00127814 0.0104259 0.0181744 -0.0021424 0.00341252
internal_weight=445.038 441.616 433.226 8.39016 426.75 10.3373 416.413 412.952 110.015 302.936 20.0709 16.2214 282.865 77.9466
internal_count=3000 2701 2657 44 2606 64 2542 2523 665 1858 119 94 1739 461
is_linear=0
shrinkage=0.03


Tree=161
num_leaves=15
num_cat=0
split_feature=12 42 43 4 15 3 41 23 39 1 41 36 10 12
split_gain=2.44264 2.47755 3.94108 2.42603 2.37572 2.32271 2.29695 2.89303 2.48746 3.52805 7.0544 3.94233 3.19477 3.06201
threshold=101.42146829810883 17.522489547729496 125.50000000000001 56.150000000000013 13.816666666666668 177.25000000000003 92.035877227783217 9.7078591041052498 1.2471198156682031 19.500000000000004 82.670101165771499 4.5000000000000009 2046.8071946925054 -29.714905450500797
decision_type=2 2 2 2 2 2 2 2 2 2 2 2 2 2
left_child=1 2 6 -4 -5 -2 8 -8 13 -10 12 -12 -11 -1
right_child=5 -3 3 4 -6 -7 7 -9 9 10 11 -13 -14 -15
leaf_value=-0.0055761570847281689 0.023843506471603389 -0.012345369209571577 -0.0061426354473714711 0.026983509270148354 0.0027956940373236542 -0.0052447444920809107 0.00222453875006878 -0.027298997903021687 0.021401150308601232 0.018700589054391727 -0.027838172267078434 0.0064700938421311457 -0.0094049397374416834 0.00076461435136842225
leaf_weight=92.223045654594898 6.2948499340563995 13.734701449051498 4.1927028819918659 9.3483171015977842 6.0421131178736678 3.2684879256412387 5.3788403645157796 5.3482907637953758 10.017629973590372 15.025619611144071 7.4943571090698224 4.1765798181295395 4.0341730117797843 258.20553054660559
leaf_count=611 299 118 24 48 36 104 28 35 51 77 43 23 22 1481
internal_value=9.21494e-05 -0.00025324 0.000169086 0.012973 0.0182376 0.0143466 -0.000485446 -0.0135679 -9.30093e-05 0.0068304 0.00155584 -0.0160189 0.0125795 -0.000915219
internal_weight=444.785 435.222 421.487 19.5831 15.3904 9.56334 401.904 10.7271 391.177 40.7484 30.7307 11.6709 19.0598 350.429
internal_count=3000 2597 2479 108 84 403 2371 63 2308 216 165 66 99 2092
is_linear=0
shrinkage=0.03


Tree=162
num_leaves=15
num_cat=0
split_feature=20 23 23 23 3 31 42 16 28 39 20 6 39 39
split_gain=2.35789 1.67663 3.39954 2.90906 4.80835 4.05165 5.19837 6.31416 8.09285 4.28522 6.90546 4.58972 4.39553 4.31286
threshold=10.607786429365921 7.3683460204005442 8.5200911884314934 9.4263630784880839 184.95000000000002 1.5000000000000002 15.439222335815431 203.65000000000001 62.45000000000001 0.97680890538033405 -0.35750834260294506 4.5000000000000009 1.1040157998683346 1.1952380952380954
decision_type=2 2 2 2 2 8 2 2 8 2 2 2 2 2
left_child=1 -1 -3 4 5 -4 9 8 -8 10 11 -7 -11 -14
right_child=-2 2 3 -5 -6 6 7 -9 -10 12 -12 -13 13 -15
leaf_value=0.010739846544116204 0.022851510234590131 -0.0074371739573620812 -0.0033542512215359037 -0.0011054188343844978 -0.017832285249228513 0.043528548173036169 -0.013752086049389524 -0.0049272758264004438 0.026063332056211693 0.056564128457992038 -0.023093889410877703 0.0014246395393089565 -0.0066831825976406438 0.034479526611031076
leaf_weight=11.43840356916189 3.0586954280734053 53.477582305669785 27.538434773683548 267.4431884912774 6.9884797409176818 3.568784832954405 5.4940174892544773 28.480782061815262 16.686987366527319 3.9294185265898687 3.6053280681371715 4.8990260809659958 3.6169101744890213 4.1757994070649147
leaf_count=60 327 348 160 1638 46 18 30 166 93 20 23 28 21 22
internal_value=8.98592e-05 -0.000119192 -0.00043237 0.000579844 0.00468787 0.00638906 0.00998938 0.00438265 0.0160336 0.0212683 0.00771977 0.0218928 0.0335189 0.016787
internal_weight=444.402 441.343 429.905 376.427 108.984 101.995 74.4571 50.6618 22.181 23.7953 12.0731 8.46781 11.7221 7.79271
internal_count=3000 2673 2613 2265 627 581 421 289 123 132 69 46 63 43
is_linear=0
shrinkage=0.03


Tree=163
num_leaves=15
num_cat=0
split_feature=44 8 44 20 18 20 8 39 12 24 26 33 20 16
split_gain=2.31169 1.67132 4.74956 2.1092 2.44753 2.25221 4.59281 2.46016 2.11539 5.33646 4.69114 3.64853 3.53844 3.16713
threshold=2.6160597801208501 2.5000000000000004 2.2154408693313603 -4.2016685205784681 2170.5166666666669 -3.5496106785317605 1.0000000180025095e-35 1.0244897959183674 -36.303003337041375 477.86666666666673 39.850000000000009 30.500000000000004 -2.5132369299221944 205.81666666666669
decision_type=2 2 2 2 2 2 2 2 2 2 2 2 2 2
left_child=1 3 -3 4 -1 6 7 -5 9 10 -7 12 -12 -11
right_child=-2 2 -4 5 -6 8 -8 -9 -10 13 11 -13 -14 -15
leaf_value=-0.025565802017025231 0.022096120557024077 -0.0088427201034199654 0.028731729706627782 0.0052882458893655495 0.0051151032613405874 -0.01665750474224368 -0.010664925545268381 0.038495814726892896 0.00038269661270150251 -0.019077051406602173 0.023046490393288713 -0.012346180059161674 -0.0036912270962763329 0.011437558218645606
leaf_weight=5.2107898443937284 3.2569222440943113 5.1035362184047681 5.3384356964379549 3.9372586738318187 3.2952684825286269 7.6271663680672672 4.5628463774919501 4.0649097487330437 351.24515599943697 23.45019027590752 13.135562486946588 4.905218891799449 6.1430201772600403 2.8281415700912467
leaf_count=42 299 31 29 27 28 50 31 24 2089 178 78 33 41 20
internal_value=9.45742e-05 -0.000117611 0.0111993 -0.000417492 -0.0143922 -0.000102377 0.0119248 0.0245593 -0.000499727 -0.0057516 0.00252338 0.00899394 0.0147648 -0.0154941
internal_weight=444.104 440.848 10.442 430.406 8.50606 421.899 12.565 8.00217 409.334 58.0893 31.811 24.1838 19.2786 26.2783
internal_count=3000 2701 60 2641 70 2571 82 51 2489 400 202 152 119 198
is_linear=0
shrinkage=0.03


Tree=164
num_leaves=15
num_cat=2
split_feature=46 30 22 22 26 18 28 22 16 45 9 7 41 7
split_gain=2.24784 4.63979 3.57559 3.43689 4.68321 3.27014 6.58172 4.47755 5.62616 6.14678 4.4733 6.33695 5.44262 4.49171
threshold=334.53312683105474 24.950000000000003 431.23333333333341 400.48333333333341 39.483333333333341 2144.9333333333338 49.45000000000001 367.46666666666675 203.58333333333334 1.7643715143203738 8561.6666666666697 0 88.980304718017592 1
decision_type=2 10 2 2 2 2 8 2 2 2 2 1 2 1
left_child=5 2 3 4 -2 10 -7 -8 9 -9 13 12 -12 -1
right_child=1 -3 -4 -5 -6 6 7 8 -10 -11 11 -13 -14 -15
leaf_value=0.0047342954263362982 -0.018051154099018845 0.02487797773161458 0.010516856504678516 -0.018964282180676004 0.020557916754529618 0.027043680514844185 0.017712515093795091 0.019886310382187761 -0.019642464191763496 -0.0099513370123333854 0.021548615189128248 -0.0049324045254473849 -0.011454807184782572 -0.0034111581009460112
leaf_weight=76.499371736310422 3.8208795655518788 8.6018944373354298 19.043312159366906 9.845046357251702 5.9348876411095262 3.9358447752892962 4.3444783166050902 7.7671798914670971 31.84437645226717 20.358113880269229 31.837324891239405 22.310467539355159 4.5696509201079598 193.14961685519665
leaf_count=439 28 93 199 131 89 21 28 43 208 163 184 130 28 1216
internal_value=9.3765e-05 0.00620868 0.00153033 -0.00728729 0.00516415 -0.000648443 -0.00657317 -0.00901298 -0.0112079 -0.0013114 0.000599212 0.00802946 0.0135803 -0.00104245
internal_weight=443.862 47.246 38.6441 19.6008 9.75577 396.616 68.25 64.3141 59.9697 28.1253 328.366 58.7174 36.407 269.649
internal_count=3000 540 447 248 117 2460 463 442 414 206 1997 342 212 1655
cat_boundaries=0 1 2
cat_threshold=5490 19332
is_linear=0
shrinkage=0.03


Tree=165
num_leaves=15
num_cat=1
split_feature=44 30 30 19 44 41 39 10 8 44 41 7 22 13
split_gain=2.23721 1.72903 3.51792 4.14472 3.70929 3.36996 3.26411 3.4814 1.97785 4.47258 2.26718 4.57486 6.48405 5.98013
threshold=2.6160597801208501 30.750000000000004 27.550000000000004 100.99289780656035 2.2014546394348149 84.318328857421889 0.97680890538033405 1893.5118578568263 2.5000000000000004 2.2154408693313603 84.054370880126967 0 433.58333333333343 5.7510000000000003
decision_type=2 10 10 2 2 2 2 2 2 2 2 1 2 2
left_child=1 2 8 4 -4 -3 7 -5 10 -10 -1 13 -13 -12
right_child=-2 5 3 6 -6 -7 -8 -9 9 -11 11 12 -14 -15
leaf_value=0.00082185874595053416 0.021921439954928273 -0.024306638332819871 0.012811004078232067 0.050554846014467837 -0.027787138913307158 0.010093474670874181 0.0041190519106136135 0.0099161168252651834 -0.0079587008812618144 0.028998054517709558 -0.0084457715922366967 -0.00027080198802955312 -0.015753371218923642 0.014843444156274128
leaf_weight=264.03071941249073 3.1855599018745115 6.0073202475905401 3.2410171777009991 3.615633122622965 2.9990703538060188 3.3355134949088097 7.0343892658129334 4.2663400126621127 4.9310189038515073 5.2529992908239365 15.946757957339285 50.534908316098154 46.037584674544632 23.24899395275861
leaf_count=1611 299 41 20 18 20 18 41 26 30 27 91 314 295 149
internal_value=9.18665e-05 -0.000115301 0.000175084 0.011819 -0.00784397 -0.0122369 0.0200208 0.032151 -0.000453076 0.0119923 -0.000799224 -0.00393473 -0.00701812 0.00431929
internal_weight=443.668 440.482 431.139 21.1564 6.24009 9.34283 14.9164 7.88197 409.983 10.184 399.799 135.768 96.5725 39.1958
internal_count=3000 2701 2642 125 40 59 85 44 2517 57 2460 849 609 240
cat_boundaries=0 1
cat_threshold=16844
is_linear=0
shrinkage=0.03


Tree=166
num_leaves=15
num_cat=0
split_feature=20 33 33 15 25 29 25 14 42 19 45 15 45 38
split_gain=2.18183 1.63052 2.14942 6.2018 4.84381 6.2164 3.59637 5.83502 3.04744 3.49548 3.30542 6.39182 4.53099 3.46736
threshold=10.607786429365921 35.500000000000007 32.500000000000007 12.883333333333335 0.90724384363663235 12.15 0.90386339131531257 22.583333333333339 14.796231746673586 102.64778801534219 1.6426314711570742 12.816666666666668 1.6573674678802492 4.5000000000000009
decision_type=2 2 2 2 2 10 2 2 2 2 2 2 2 2
left_child=1 2 8 -4 5 6 7 -5 9 -1 11 -10 -12 -13
right_child=-2 -3 3 4 -6 -7 -8 -9 10 -11 12 13 -14 -15
leaf_value=-0.02781637143785861 0.022494610186657559 -0.016262714634057852 0.032088720025298022 -0.019664728162593438 -0.012494924468533572 -0.015595483015612761 0.036935270271724392 0.025518201371202111 0.032164354237099929 0.0059833527151345444 -0.016702322865584013 -0.014943808584778626 -4.8892872302689362e-05 0.016739115138945944
leaf_weight=6.5413435176014882 2.8789792461320749 4.549371112138032 6.1384156942367545 3.5688624531030673 12.96576104685664 5.2100281044840804 5.6927302926778784 4.9886019267141819 7.1643672063946751 3.861135333776474 14.340261317789553 6.8873885273933393 354.50889322161674 4.1486321836709976
leaf_count=47 327 31 30 22 81 32 29 28 38 26 89 43 2153 24
internal_value=9.34264e-05 -0.000103571 0.00010186 0.00677083 0.00116141 0.0104262 0.0203388 0.00658887 -0.000560593 -0.0158463 -0.000109992 0.0120267 -0.000739761 -0.00263244
internal_weight=443.445 440.566 436.016 38.5644 32.426 19.4602 14.2502 8.55746 397.452 10.4025 387.05 18.2004 368.849 11.036
internal_count=3000 2673 2642 222 192 111 79 50 2420 73 2347 105 2242 67
is_linear=0
shrinkage=0.03


Tree=167
num_leaves=15
num_cat=0
split_feature=20 41 41 24 45 46 30 20 30 10 20 28 31 19
split_gain=2.12073 1.64095 1.85736 1.80178 4.16012 5.50411 2.95145 2.54873 2.44046 10.0859 4.53093 4.27453 4.6128 5.02042
threshold=10.607786429365921 96.128074645996108 94.350978851318374 552.88333333333344 1.7509825825691225 254.4045104980469 22.750000000000004 -4.2016685205784681 25.250000000000004 1728.3833894137761 -2.9522803114572231 77.65000000000002 2.5000000000000004 115.97116404456533
decision_type=2 2 2 2 2 2 8 2 10 2 2 10 10 2
left_child=1 2 3 7 5 -5 -6 -1 11 -10 -11 12 -9 -14
right_child=-2 -3 -4 4 6 -7 -8 8 9 10 -12 -13 13 -15
leaf_value=-0.01640889039061201 0.022361069871869123 -0.018333897208192219 0.01679017538779521 0.016570705697008331 0.0015427133184677054 -0.023407438645565486 0.03366266688882729 -0.0021869204129537577 -0.007897222966620954 0.045234521423155198 0.011603157814425722 -0.022968101312725905 0.013871922551130128 -0.0060424165048243335
leaf_weight=7.9626921983435741 2.8162099355831733 3.3974567614495745 4.9086482785642138 4.9268570467829722 4.3377014100551579 5.5559222847223282 5.7166154123842725 285.42090566270053 27.750053033232689 3.3866609185934058 29.416030304506421 6.9449335858225814 34.557640828192234 16.072797938250005
leaf_count=65 327 23 24 27 26 35 32 1753 172 16 170 44 191 95
internal_value=9.33808e-05 -9.93701e-05 8.39466e-05 -0.000144192 0.00831535 -0.00481113 0.0211984 -0.000585513 -0.000233502 0.00526873 0.0163108 -0.00121736 -0.000701044 0.00755546
internal_weight=443.171 440.355 436.957 432.049 20.5371 10.4828 10.0543 411.512 403.549 60.5527 32.8027 342.996 336.051 50.6304
internal_count=3000 2673 2650 2626 120 62 58 2506 2441 358 186 2083 2039 286
is_linear=0
shrinkage=0.03


Tree=168
num_leaves=15
num_cat=0
split_feature=12 42 43 20 4 14 9 16 12 43 8 45 14 26
split_gain=2.11212 2.28751 3.80731 2.34431 2.30826 4.83959 6.6993 4.80774 6.377 5.57583 6.32792 5.81659 7.46921 7.65826
threshold=101.42146829810883 17.522489547729496 125.50000000000001 2.3853170189098676 61.45000000000001 21.150000000000002 8925.3833333333369 205.88333333333335 -12.345050055617564 108.50000000000001 1.0000000180025095e-35 1.6603856086730959 22.283333333333335 43.683333333333344
decision_type=2 2 2 2 2 2 2 2 2 2 2 2 2 2
left_child=1 2 4 -3 7 6 -6 9 -9 10 -1 -11 -13 -14
right_child=-2 3 -4 -5 5 -7 -8 8 -10 11 -12 12 13 -15
leaf_value=-0.01910879337886754 0.013656016185191302 -0.029231035655006229 0.012809911625438384 -0.0032233514925991743 -0.029511815156502044 -0.0010813734298962215 0.0092007147819257173 0.031689499092344538 -0.010317430897869805 -0.01994538001128613 0.0044846784593703523 0.017506948940961033 0.013891825499405853 -0.0080519339236234857
leaf_weight=21.932896859943867 9.1009123809635621 3.7534594032913438 19.457659929990768 9.9418421871960145 11.438856691122057 229.83152780681849 5.3701489865779868 9.3043499365448934 4.1671922281384459 7.1448830887675276 17.904543645679951 34.068767681717873 21.689488463103771 37.774652220308781
leaf_count=131 403 59 108 59 83 1387 35 47 25 41 104 185 113 220
internal_value=9.45137e-05 -0.000220768 0.000185788 -0.0118554 -0.000457708 -0.00225366 -0.0173218 0.00241485 0.0188803 0.000714005 -0.00865478 0.00446982 0.00652614 4.94091e-05
internal_weight=442.881 433.78 420.085 13.6953 400.627 246.641 16.809 153.987 13.4715 140.515 39.8374 100.678 93.5329 59.4641
internal_count=3000 2597 2479 118 2371 1505 118 866 72 794 235 559 518 333
is_linear=0
shrinkage=0.03


Tree=169
num_leaves=15
num_cat=0
split_feature=44 42 32 25 23 43 16 23 16 39 41 39 25 43
split_gain=2.05762 1.71079 1.89034 1.77408 4.64648 4.05626 4.80247 5.34605 3.8618 5.39451 5.05049 5.01843 4.64539 4.32067
threshold=2.5919419527053837 19.118599891662601 14.500000000000002 0.90164504972008697 7.5240609965278233 109.50000000000001 203.6166666666667 9.6115651100249249 204.48333333333338 1.1386554621848741 85.629997253417983 0.84523809523809534 0.90092642977481063 113.50000000000001
decision_type=2 2 2 2 2 2 2 2 2 2 2 2 2 2
left_child=1 2 -1 4 -4 6 7 -6 10 11 12 -10 -7 -13
right_child=-2 -3 3 -5 5 8 -8 -9 9 -11 -12 13 -14 -15
leaf_value=-0.018385881660524229 0.020434070143072375 -0.014315722593486506 0.028002398763857159 0.0014631910827835827 0.027647019807622897 0.0072783193213425646 -0.020503677112027927 -0.017695140604007044 -0.0066093215991454542 -0.013029969408777724 -0.01593200957623031 0.0023340709195138584 -0.020484329030234727 0.042911880191601977
leaf_weight=3.9061177447438231 3.4296117322519413 6.5052598332986227 3.2102440297603598 320.47200228087604 3.9130194634199169 29.588908661156893 21.429556988179684 3.538139596581459 4.2638438269495991 5.5714539662003508 20.699387083761394 3.5765530243515951 5.6043759733438483 6.716674417257309
leaf_count=32 310 109 16 1879 24 181 142 22 26 32 134 22 36 35
internal_value=8.97938e-05 -0.000115224 0.000130903 0.000342071 -0.00296417 -0.00416729 -0.0135325 0.00657038 -0.0004799 0.0104789 -0.00454127 0.0197356 0.00241342 0.0302676
internal_weight=442.425 438.996 432.49 428.584 108.112 104.902 28.8807 7.45116 76.0212 20.1285 55.8927 14.5571 35.1933 10.2932
internal_count=3000 2690 2581 2549 670 654 188 46 466 115 351 83 217 57
is_linear=0
shrinkage=0.03


Tree=170
num_leaves=15
num_cat=0
split_feature=12 3 42 43 23 20 41 23 30 30 20 4 31 4
split_gain=2.01774 2.24725 2.15719 3.59462 2.35541 2.30268 2.18006 2.70862 2.25689 3.01253 2.97535 3.80174 2.94608 4.25535
threshold=101.42146829810883 177.25000000000003 17.522489547729496 125.50000000000001 9.7779072155256603 2.3853170189098676 92.035877227783217 9.7078591041052498 30.750000000000004 29.650000000000002 1.4093437152390995 54.150000000000013 2.5000000000000004 82.050000000000011
decision_type=2 2 2 2 2 2 2 2 10 10 2 2 10 2
left_child=2 -2 3 6 -5 -4 8 -8 9 10 12 -12 13 -1
right_child=1 -3 5 4 -6 -7 7 -9 -10 -11 11 -13 -14 -15
leaf_value=-0.0013330446777886887 0.023233392881446571 -0.0058387903121685722 -0.028985393186357823 -0.001200759727412224 0.019976497832242542 -0.0030612805415779318 0.0019563427069803044 -0.026803713849764033 -0.014431258430280456 0.021902597898278475 0.012330419785435047 -0.018278844720399725 0.0066612096488792693 0.017405365856504755
leaf_weight=288.56245082616806 5.8150251135230047 3.1690798117779195 3.6655180798843494 7.1901099756360081 12.216744892299173 9.9290923066437227 5.3751819953322393 5.2011921405792236 8.606471620500086 4.7183182314038268 3.9945491254329708 14.616247691214083 58.849543802440166 10.335329584777353
leaf_count=1738 299 104 59 36 72 59 28 35 52 25 21 80 331 61
internal_value=8.67885e-05 0.0134207 -0.000219972 0.000173923 0.0124561 -0.0115583 -0.000451145 -0.0132808 -6.98349e-05 0.000291434 -3.6824e-05 -0.0114152 0.000585276 -0.000629228
internal_weight=442.245 8.9841 433.261 419.666 19.4069 13.5946 400.259 10.5764 389.683 381.076 376.358 18.6108 357.747 298.898
internal_count=3000 403 2597 2479 108 118 2371 63 2308 2256 2231 101 2130 1799
is_linear=0
shrinkage=0.03


Tree=171
num_leaves=15
num_cat=0
split_feature=46 30 22 46 41 22 26 18 28 22 16 45 46 12
split_gain=1.98848 4.2328 3.4766 3.26825 3.23431 3.21468 4.40447 3.16001 6.1592 4.13207 5.3796 5.79591 4.30025 4.15467
threshold=334.53312683105474 24.950000000000003 431.23333333333341 343.14633178710943 83.75256729125978 400.48333333333341 39.483333333333341 2144.9333333333338 49.45000000000001 367.46666666666675 203.58333333333334 1.7643715143203738 327.63014221191412 25.314126807563813
decision_type=2 10 2 2 2 2 2 2 8 2 2 2 2 2
left_child=7 2 5 -4 -5 6 -2 -1 -9 -10 11 -11 -12 -13
right_child=1 -3 3 4 -6 -7 -8 8 9 10 12 13 -14 -15
leaf_value=0.00061263490043220593 -0.017903633617815915 0.02369705144343693 0.028096827039733728 -0.01073998039701627 0.016688238390559773 -0.018822204064322268 0.019615456530846495 0.025953595584962592 0.016743545136690741 0.019176985200207473 -0.024127350222819057 -0.018324208882413807 0.0046569253679004594 0.009884776837811091
leaf_weight=327.25171015970409 3.7897747447714227 8.5810387115925533 5.3090827818959978 7.5316397282294911 6.094308765605092 9.652391601353882 5.9173638452775776 3.9652887713164082 4.380155400838702 7.8265975192189243 26.153141878545288 14.090763201937081 5.2898450866341582 6.0678793769329777
leaf_count=1997 28 93 33 55 111 131 89 21 28 43 175 90 33 73
internal_value=8.42466e-05 0.00585895 0.00136045 0.0102346 0.00182975 -0.00739549 0.00466351 -0.000614072 -0.00646012 -0.00884382 -0.0109756 -0.00129012 -0.0192905 -0.00976726
internal_weight=441.901 46.8756 38.2946 18.935 13.6259 19.3595 9.70714 395.025 67.7737 63.8084 59.4282 27.9852 31.443 20.1586
internal_count=3000 540 447 199 166 248 117 2460 463 442 414 206 208 163
is_linear=0
shrinkage=0.03


Tree=172
num_leaves=15
num_cat=1
split_feature=44 39 43 25 14 28 29 26 36 7 12 12 33 39
split_gain=1.95568 1.60349 2.09128 1.79 3.56286 2.23933 2.09618 2.59432 2.54096 6.07897 5.29481 7.02528 4.17788 4.53583
threshold=2.6160597801208501 0.49935358758888176 95.500000000000014 0.91726499210002455 20.716666666666672 57.350000000000001 20.250000000000004 48.250000000000007 2.5000000000000004 0 -2.1606229143494411 -42.643270300333889 21.500000000000004 0.67316729323308289
decision_type=2 2 2 2 2 10 10 2 2 1 2 2 2 2
left_child=1 -1 -3 4 -4 -5 8 -8 9 10 11 -6 -10 -14
right_child=-2 2 3 5 6 -7 7 -9 12 -11 -12 -13 13 -15
leaf_value=-0.010995373412865266 0.021276045884809511 0.025311088114731435 -0.023839396600673333 -0.0045592595112041662 0.01038647951444422 0.024842636875820692 -0.022879227566256672 0.0065523635711784746 -0.024937830447245669 0.0031922059769268056 0.00093281340090230289 -0.027469617001197523 0.015683267850469428 0.0012098128109970549
leaf_weight=10.83272555656731 2.885620199609547 1.9641419649124134 4.6902179941534987 3.5024315416812879 4.851843297481536 4.677967831492424 6.5544929113239032 3.6227390915155411 4.1905273962765923 54.375218477100134 15.575756909325717 22.920524850487713 19.961396874859929 280.94973734254017
leaf_count=74 299 13 39 20 35 23 42 22 29 329 95 153 123 1704
internal_value=8.6252e-05 -0.000101211 0.000199623 2.47855e-05 -0.000262598 0.0131288 6.20858e-05 -0.0127537 0.000416653 -0.00376967 -0.0106875 -0.020725 0.00176546 0.0022187
internal_weight=441.555 438.67 427.837 425.873 417.692 8.1804 413.002 10.1772 402.825 97.7233 43.3481 27.7724 305.102 300.911
internal_count=3000 2701 2627 2614 2571 43 2532 64 2468 612 283 188 1856 1827
cat_boundaries=0 1
cat_threshold=3418
is_linear=0
shrinkage=0.03


Tree=173
num_leaves=15
num_cat=0
split_feature=12 10 14 25 3 3 3 45 36 26 46 3 9 33
split_gain=1.90906 1.77305 1.8397 1.97261 9.23434 4.31956 5.08155 5.08145 4.1568 5.07722 3.97036 5.73196 4.75882 3.86268
threshold=160.12625139043365 2787.9400314721183 25.083333333333339 0.90164504972008697 176.95000000000002 183.35000000000005 181.55000000000004 1.7846921086311343 4.5000000000000009 46.88333333333334 331.21324157714849 169.75000000000003 10860.083333333336 25.500000000000004
decision_type=2 2 2 2 2 2 2 2 2 2 2 2 2 2
left_child=1 2 3 4 13 6 10 -7 -6 -10 -5 -12 -13 -1
right_child=-2 -3 -4 5 8 7 -8 -9 9 -11 11 12 -14 -15
leaf_value=0.0040732111798057876 0.021851038471090829 -0.014287250650834676 0.016904511984841677 0.00016308401070946185 0.015988003741226768 -0.013894010550434894 0.019591283723698255 0.015894908127218808 0.019151610527775961 -0.01936696401393069 0.024583863311361084 0.014869757190601463 -0.018816429322201535 -0.013160908720804712
leaf_weight=14.152244806289671 2.5971163525246075 6.7806524597108355 4.8272156538441768 246.42020842060447 23.269067026674747 28.569045089185238 13.546391278505324 5.3682256489992133 3.9023681059479696 7.4286206662654877 14.18398727476597 6.4683763459324819 6.6488763429224491 57.120786305516958
leaf_count=88 331 78 52 1458 131 180 72 29 22 47 74 36 40 362
internal_value=8.4869e-05 -9.33953e-05 0.000161928 -6.63587e-05 -0.00359809 0.0011053 0.00230946 -0.00886189 0.00895126 -0.00562392 0.00138598 0.0120281 -0.00232847 -0.00972983
internal_weight=441.283 438.686 431.905 427.078 105.873 321.205 287.268 33.9373 34.6001 11.331 273.721 27.3012 13.1173 71.273
internal_count=3000 2669 2591 2539 650 1889 1680 209 200 69 1608 150 76 450
is_linear=0
shrinkage=0.03


Tree=174
num_leaves=15
num_cat=0
split_feature=12 10 34 14 25 3 26 39 33 37 4 3 39 3
split_gain=1.85595 1.68486 1.81152 1.71332 2.12264 8.09671 4.47486 5.3166 4.40156 5.94582 5.78142 4.26532 4.98197 4.57832
threshold=160.12625139043365 2787.9400314721183 14.500000000000002 25.083333333333339 0.90164504972008697 179.75000000000003 46.683333333333344 1.11456176673568 25.500000000000004 9.5000000000000018 58.550000000000004 183.35000000000005 1.1560736560736562 181.55000000000004
decision_type=2 2 2 2 2 2 2 2 2 2 2 2 2 2
left_child=1 2 -1 4 5 8 -7 -8 9 -4 -11 13 -13 -6
right_child=-2 -3 3 -5 11 6 7 -9 -10 10 -12 12 -14 -15
leaf_value=-0.018082211655646739 0.021715881777630577 -0.013934246200065071 -0.012888038593809062 0.016560151119618619 0.0016780381062704707 0.027850732025522698 0.010594868626810217 -0.025953269107084013 -0.011721281175857771 -0.0045211865085389965 0.042729869609587308 -0.014198320319893437 0.013475008431677227 0.018909841986522024
leaf_weight=3.8442103117704383 2.5419415966607621 6.7693657819181672 7.3550614900887004 4.8009646125137797 270.77452108263969 8.1412393301725405 13.816617585718634 3.7285748794674864 63.73520740121603 3.8675889596343023 4.2685506269335747 27.100641317665577 6.5456363707780829 13.647972643375395
leaf_count=32 331 78 46 52 1582 44 81 22 404 22 26 173 35 72
internal_value=8.68154e-05 -8.77326e-05 0.000161134 0.000366864 0.00014444 -0.00353587 0.0108238 0.00184728 -0.00826838 0.00578714 0.0222323 0.00136564 -0.00858114 0.00256826
internal_weight=440.938 438.396 431.627 427.783 422.982 104.913 25.6864 17.5452 79.2264 15.4912 8.13614 318.069 33.6463 284.422
internal_count=3000 2669 2591 2559 2507 645 147 103 498 94 48 1862 208 1654
is_linear=0
shrinkage=0.03


Tree=175
num_leaves=15
num_cat=0
split_feature=12 3 45 45 3 20 30 45 10 28 26 14 4 28
split_gain=1.81845 2.16173 2.05137 2.12574 4.72617 4.51211 3.23356 2.88206 4.18856 2.69696 2.50355 2.11769 4.50004 4.38061
threshold=101.42146829810883 177.25000000000003 1.9146810770034792 1.8137333989143374 176.45000000000002 0.32680756395990712 20.150000000000002 1.8006103038787844 1896.6578996748242 60.850000000000001 45.31666666666667 23.216666666666672 63.250000000000007 74.850000000000009
decision_type=2 2 2 2 2 2 8 2 2 10 2 2 2 10
left_child=2 -2 3 7 5 10 -6 11 -9 -7 -5 -1 -13 -14
right_child=1 -3 -4 4 6 9 -8 8 -10 -11 -12 12 13 -15
leaf_value=0.00074165276262668401 0.022863750825535722 -0.0059359389890409247 -0.012251109612435428 0.0036681054365523239 0.0018406034978674904 0.028015005793408029 0.034830892928983205 -0.026018926906258691 0.009316323322844473 -0.0036163124091066084 -0.019877867022351763 0.004196456389308852 -0.022928587198256242 0.01086860866146979
leaf_weight=336.98142045736313 5.5480065983720106 3.1205376256257296 11.350587389431892 6.5451480969786671 4.372379690408704 5.0662205219268781 6.3927061483263978 7.9066902548074705 3.9331579208374023 3.7002780213952065 8.6748408265411836 17.594869822263718 15.795728869736196 3.7014023438096038
leaf_count=2007 299 104 105 36 24 28 34 50 22 22 56 97 96 20
internal_value=8.72687e-05 0.0129547 -0.000200241 0.000153204 0.0071519 -0.000467904 0.0227268 -0.000493885 -0.0144693 0.0156604 -0.0101504 -1.41498e-05 -0.00671984 -0.0162952
internal_weight=440.684 8.66854 432.015 420.665 34.7516 23.9865 10.7651 385.913 11.8398 8.7665 15.22 374.073 37.092 19.4971
internal_count=3000 403 2597 2492 200 142 58 2292 72 50 92 2220 213 116
is_linear=0
shrinkage=0.03


Tree=176
num_leaves=15
num_cat=0
split_feature=12 3 42 43 4 16 12 4 25 25 3 24 39 29
split_gain=1.74392 2.09924 2.05259 3.2761 2.31398 2.72162 2.15299 2.11384 4.75623 5.19452 5.00376 7.00909 4.90193 4.88909
threshold=101.42146829810883 177.25000000000003 17.522489547729496 125.50000000000001 56.150000000000013 202.18333333333337 50.120467185761825 61.45000000000001 0.90927924423999673 0.91136541303896756 169.75000000000003 498.38333333333338 1.1560736560736562 16.350000000000005
decision_type=2 2 2 2 2 2 2 2 2 2 2 2 2 8
left_child=2 -2 3 7 -5 -6 -4 -1 13 12 11 -11 -10 -9
right_child=1 -3 6 4 5 -7 -8 8 9 10 -12 -13 -14 -15
leaf_value=0.0023438960522256785 0.022662510937632007 -0.0057890273601557546 -0.02554817323615895 -0.0067481967656429871 -0.0061157287776607882 0.023301393906036718 -0.001664085689178839 -0.0090338719521533949 -0.026756988577714056 -0.003260796653330142 -0.010562794373199414 0.040290094068668889 0.0033312151614267962 0.0027688178503071639
leaf_weight=153.60714698582888 5.4398747230879945 3.1289850021712482 4.760045386850833 4.1152403280138996 3.1620831340551367 11.967059068381785 8.6503661796450597 39.176840141415596 18.959594011306766 9.0801023170351964 21.259565092623234 4.1296012997627249 6.1764818429946891 146.74960561096668
leaf_count=866 299 104 65 24 20 64 53 238 128 58 135 21 36 889
internal_value=8.62123e-05 0.012754 -0.000194065 0.000188915 0.0119627 0.0171551 -0.0113264 -0.000407234 -0.00213089 -0.00942941 -0.00172883 0.0122313 -0.0195191 0.000246831
internal_weight=440.363 8.56886 431.794 418.383 19.2444 15.1291 13.4104 399.139 245.532 59.6053 34.4693 13.2097 25.1361 185.926
internal_count=3000 403 2597 2479 108 84 118 2371 1505 378 214 79 164 1127
is_linear=0
shrinkage=0.03


Tree=177
num_leaves=15
num_cat=0
split_feature=15 42 15 23 3 9 25 29 28 3 44 25 9 23
split_gain=1.69181 2.32025 2.32723 2.07509 1.78773 6.01391 5.55915 4.91488 4.25832 3.99269 6.19925 5.39671 5.06037 6.1307
threshold=15.41666666666667 18.594023704528812 14.483333333333336 11.542823427774378 178.25000000000003 8894.1500000000033 0.9055257181220363 15.850000000000003 68.750000000000014 174.05000000000004 2.3134974241256718 0.9015772167268824 10205.033333333335 8.2099242156595533
decision_type=2 2 2 2 2 2 2 10 8 2 2 2 2 2
left_child=1 2 4 -3 9 7 8 -6 -7 10 11 -1 13 -13
right_child=-2 3 -4 -5 5 6 -8 -9 -10 -11 -12 12 -14 -15
leaf_value=-0.0064909940426235591 0.016173111768261004 0.0075854402724280807 0.01559284995352748 -0.024302559512888958 0.010411494433139053 0.01908695276650086 -0.019521790120671453 -0.013113804262793842 -0.010184521560766548 -0.0075693120180352381 -0.015038174852094466 -0.014678225951683057 0.019237083605076789 0.0047494279198359059
leaf_weight=50.953761547803879 4.8041309192776671 2.026399413123726 7.6343623371794811 5.3932809052057564 67.775799036026001 8.0821183919906581 16.051367752254009 8.1805680543184263 7.9151483327150354 69.639763742685318 20.035929266363382 15.357419095933436 17.821999713778496 138.28901069238782
leaf_count=318 339 29 54 83 381 45 103 48 48 430 121 99 96 806
internal_value=8.32119e-05 -0.000131094 0.000175489 -0.015727 -0.000141047 0.00316817 -0.00757429 0.00774032 0.00485687 -0.0012927 0.000533776 0.00199754 0.00454301 0.00272522
internal_weight=439.961 435.157 427.737 7.41968 420.103 108.005 32.0486 75.9564 15.9973 312.098 242.458 222.422 171.468 153.646
internal_count=3000 2661 2549 112 2495 625 196 429 93 1870 1440 1319 1001 905
is_linear=0
shrinkage=0.03


Tree=178
num_leaves=15
num_cat=0
split_feature=12 3 42 42 14 12 39 41 6 45 30 23 36 38
split_gain=1.66893 2.01374 1.93848 3.28096 3.63812 2.07577 1.97687 4.91964 3.27971 3.19096 5.6803 3.52802 3.21145 2.79283
threshold=101.42146829810883 177.25000000000003 17.522489547729496 16.712339401245121 24.116666666666671 50.120467185761825 1.2471198156682031 89.714187622070327 9.5000000000000018 1.7105626463890078 21.650000000000002 9.7992785615904747 3.5000000000000004 3.5000000000000004
decision_type=2 2 2 2 2 2 2 2 2 2 8 2 2 2
left_child=2 -2 3 6 -5 -4 -1 8 9 10 -8 -12 13 -11
right_child=1 -3 5 4 -6 -7 7 -9 -10 12 11 -13 -14 -15
leaf_value=-0.00099644813993900053 0.022430089327678399 -0.0055629356985173722 -0.02516889351740912 0.026554078867630938 -0.0080680011248229853 -0.0016068679188406478 -0.023064021088234771 -0.020496314066841541 -0.0097051577798108035 -0.010872462965160113 0.030767855201827003 -0.0040022731929229352 0.031925806803700815 0.020215253043884013
leaf_weight=364.33799644559622 5.3071858487091941 3.1276385821402073 4.668582589365541 7.3925938233733159 3.4821798056364059 8.6476087272167188 4.4119018688797924 4.7064053267240515 6.0170471966266623 3.9072962850332278 4.6759963631629944 4.508458323776722 9.8671312481164914 4.7136412188410759
leaf_count=2185 299 104 65 45 21 53 24 27 33 20 23 27 49 25
internal_value=7.89289e-05 0.0125608 -0.000193644 0.000177688 0.015722 -0.0110486 -0.000275 0.00574783 0.00943086 0.0132045 0.00190264 0.0149828 0.0209918 0.00645969
internal_weight=439.772 8.43482 431.337 418.021 10.8748 13.3162 407.146 42.8079 38.1015 32.0844 13.5964 9.18445 18.4881 8.62094
internal_count=3000 403 2597 2479 66 118 2413 228 201 168 74 50 94 45
is_linear=0
shrinkage=0.03


Tree=179
num_leaves=15
num_cat=0
split_feature=46 30 22 26 12 46 19 30 22 26 18 28 9 19
split_gain=1.65798 3.86708 3.30283 3.07298 3.04319 3.00181 3.17024 3.77244 2.93846 4.12343 2.75602 5.68749 4.12532 5.32393
threshold=334.53312683105474 24.950000000000003 431.23333333333341 46.550000000000004 -75.015016685205993 343.14633178710943 133.74592052981907 21.450000000000003 400.48333333333341 39.483333333333341 2144.9333333333338 49.45000000000001 8561.6666666666697 106.4153161959939
decision_type=2 10 2 2 2 2 2 10 2 2 2 8 2 2
left_child=4 2 8 -3 -1 -4 -7 -8 9 -2 12 -12 -6 -14
right_child=1 3 5 -5 10 6 7 -9 -10 -11 11 -13 13 -15
leaf_value=-0.026692531246524778 -0.017830425327050273 0.036629827824899902 0.026723200368836957 0.0015638827135374656 -0.00074347692813171316 -0.014627207872211126 0.023886754578530487 -0.017194825299668728 -0.018625199788547285 0.018544887256302166 0.025232731381990354 -0.0082006500705422408 -0.018389419683857499 0.010947816114079936
leaf_weight=2.9703822266310445 3.7655608057975787 4.6360835088416916 5.351847865618768 3.8975414610467851 265.90658080205321 5.4341246113181105 6.050776379182933 1.9927422972396014 9.4320963113568705 5.8822835083119571 3.9736722838133565 61.930764719843864 5.2997500374913207 52.902008460834622
leaf_count=27 28 34 33 59 1641 33 97 36 131 89 21 433 33 305
internal_value=7.79346e-05 0.00537605 0.0010524 0.0224582 -0.000560257 0.00971225 0.0015781 0.0129331 -0.00755185 0.00400637 -0.000293474 -0.00583779 0.000848399 0.00801092
internal_weight=439.426 46.4431 37.9094 8.53362 392.983 18.8295 13.4776 8.04352 19.0799 9.64784 390.013 65.9044 324.108 58.2018
internal_count=3000 540 447 93 2460 199 166 133 248 117 2433 454 1979 338
is_linear=0
shrinkage=0.03


Tree=180
num_leaves=15
num_cat=1
split_feature=12 25 10 34 30 43 30 25 3 41 7 20 3 44
split_gain=1.59374 2.35842 1.89413 1.74173 1.63525 4.15098 3.26444 1.97295 7.59336 6.16332 4.23936 4.5911 4.22633 5.1685
threshold=119.48565072302547 0.90389909987158867 2787.9400314721183 14.500000000000002 30.750000000000004 115.50000000000001 29.650000000000002 0.90164504972008697 176.95000000000002 77.893646240234389 0 -0.35750834260294506 183.35000000000005 2.3036767244338994
decision_type=2 2 2 2 10 2 10 2 2 2 1 2 2 2
left_child=2 -2 3 -1 6 -6 7 8 10 -10 11 -5 -9 -14
right_child=1 -3 -4 4 5 -7 -8 12 9 -11 -12 -13 13 -15
leaf_value=-0.017921206494850277 0.02287213675930137 -0.014590127112523141 -0.018351102711714865 -0.0050416309366100778 -0.027315224910245052 0.010013536367896947 0.022768283655291328 0.0026788712002241378 -0.014607520600643225 0.014515485529620059 -0.011819982166221996 0.026703748060969847 -0.013104126176126612 0.019042191869927675
leaf_weight=3.7938464134931555 4.8597113895229986 1.2724365959875283 4.0881247632205477 9.8116570338606817 5.1735093742609006 4.0215361267328262 4.8693697005510321 274.01874927058816 7.6297642663121215 27.280252113938332 53.126772332936525 5.7458934262394896 29.107017710804939 4.3860906213521949
leaf_count=32 353 26 57 64 34 22 25 1594 47 156 347 34 185 24
internal_value=7.66644e-05 0.0141429 -0.000154641 6.1052e-05 0.000263185 -0.0116083 0.000552812 0.00023507 -0.00332621 0.00792097 -0.00907442 0.00473057 0.00144168 -0.00846439
internal_weight=439.185 6.13215 433.053 428.964 425.171 9.19505 415.976 411.106 103.594 34.91 68.6843 15.5576 307.512 33.4931
internal_count=3000 379 2621 2564 2532 56 2476 2451 648 203 445 98 1803 209
cat_boundaries=0 1
cat_threshold=50368
is_linear=0
shrinkage=0.03


Tree=181
num_leaves=15
num_cat=1
split_feature=15 42 15 23 23 26 32 3 11 19 29 7 45 22
split_gain=1.5786 2.20889 2.20118 1.96018 1.7466 3.02511 2.39724 1.80125 5.92848 4.54523 4.42527 4.38745 5.63425 5.32631
threshold=15.41666666666667 18.594023704528812 14.483333333333336 11.542823427774378 12.408950836761109 45.38333333333334 14.500000000000002 178.25000000000003 266824.50000000006 121.21674559081629 15.850000000000003 0 1.6969273090362551 420.68333333333339
decision_type=2 2 2 2 2 2 2 2 2 2 10 1 2 2
left_child=1 2 4 -3 6 -6 -1 -8 10 -10 11 -9 13 -13
right_child=-2 3 -4 -5 5 -7 7 8 9 -11 -12 12 -14 -15
leaf_value=-0.022532763219398604 0.015835904463003616 0.0073743340406054207 0.015228901216736932 -0.023856037765341696 0.026235978475041933 -0.0053091484598728799 -0.0014067676154916275 -0.0033276068849632354 -0.020611748940084319 0.0020336314983701634 -0.012410038266133998 -0.016317459077963687 0.023185482589430643 0.016587630553960592
leaf_weight=3.3797382935881606 4.6394518362358204 1.9896770510822523 7.5486546130850902 5.3031797269359231 4.8998633772134763 4.5771083757281303 300.17806484177709 19.116021811962128 12.947988465428354 18.259198933839798 7.958182953298091 7.2875095680356017 32.298685528337955 8.5124099776148778
leaf_count=30 339 29 54 83 26 28 1797 112 87 105 47 45 168 50
internal_value=6.56192e-05 -0.000138861 0.000158616 -0.0154738 -0.000148198 0.011948 -0.000456234 -0.000217874 0.00311875 -0.00771028 0.00765651 0.0101795 0.0134454 0.0013427
internal_weight=438.896 434.256 426.963 7.29286 419.415 9.47697 409.938 406.558 106.38 31.2072 75.1728 67.2146 48.0986 15.7999
internal_count=3000 2661 2549 112 2495 54 2441 2411 614 192 422 375 263 95
cat_boundaries=0 1
cat_threshold=49187
is_linear=0
shrinkage=0.03


Tree=182
num_leaves=15
num_cat=2
split_feature=46 30 26 18 28 9 7 41 7 37 1 43 41 10
split_gain=1.57716 3.64742 2.90933 2.75268 5.54768 3.82679 6.01441 4.95995 4.15066 5.13914 4.88385 6.4773 8.1792 7.91529
threshold=334.53312683105474 24.950000000000003 46.550000000000004 2144.9333333333338 49.45000000000001 8561.6666666666697 0 88.980304718017592 1 14.500000000000002 22.500000000000004 108.50000000000001 82.069484710693374 1504.6861276442221
decision_type=2 10 2 2 8 2 1 2 1 2 2 2 2 2
left_child=3 -2 -3 5 -5 8 7 -7 9 -1 -10 -12 -13 -14
right_child=1 2 -4 4 -6 6 -8 -9 10 -11 11 12 13 -15
leaf_value=0.0023593400303080045 0.0010235204377122703 0.035612154449563511 0.0014672085328060937 0.02459230432730768 -0.0083829040896837084 0.020383269834436918 -0.0050442649871866013 -0.011317193461610758 -0.0064951049548272874 0.026593336870129946 -0.013295443426738111 0.026131760050819696 0.01593168511759839 -0.015716552528759087
leaf_weight=68.180646098218858 37.681416317820549 4.6357457158155722 3.8823890988714993 3.9880781080573788 62.571588580496609 32.072332192212343 22.182649174705148 4.4781373944133511 134.96706485748291 7.9452625326812258 13.735586456954477 15.809241092763839 12.635088086128237 13.868929887656121
leaf_count=399 447 34 59 21 442 184 130 28 867 40 88 93 70 98
internal_value=6.10003e-05 0.00524276 0.0218388 -0.0005608 -0.00607235 0.000580064 0.0074455 0.0128732 -0.000951492 0.00460374 -0.00324846 0.00397695 0.00976137 -0.000598399
internal_weight=438.634 46.1996 8.51813 392.435 66.5597 325.875 58.7331 36.5505 267.142 76.1259 191.016 56.0488 42.3133 26.504
internal_count=3000 540 93 2460 463 1997 342 212 1655 439 1216 349 261 168
cat_boundaries=0 1 2
cat_threshold=5490 19332
is_linear=0
shrinkage=0.03


Tree=183
num_leaves=15
num_cat=1
split_feature=33 12 41 33 7 19 31 6 42 45 30 45 41 19
split_gain=1.5699 2.24117 2.18517 2.11569 5.59069 3.47962 3.18449 3.77128 2.71013 3.40761 6.00193 4.10829 3.79801 3.29955
threshold=35.500000000000007 101.42146829810883 89.930522918701186 32.500000000000007 0 114.63487262408754 1.5000000000000002 7.5000000000000009 14.796231746673586 1.6426314711570742 22.550000000000004 1.6573674678802492 82.599262237548842 102.64778801534219
decision_type=2 2 2 2 1 2 8 2 2 2 8 2 2 2
left_child=1 3 -3 8 5 -5 -6 -8 13 10 -10 -11 -12 -1
right_child=-2 2 -4 4 6 -7 7 -9 9 11 12 -13 -14 -15
leaf_value=-0.027260294608555637 -0.015924423919688981 0.026637771818952258 -0.0029719322594209323 0.029929640359058315 -0.026388703644569279 0.0012635995855590036 -0.012611187770551766 0.015751119033233042 -0.010646853747492352 -0.016289591235773507 0.035204083512020964 -0.00027321153546380425 0.00027311128884425774 0.0058329966211025574
leaf_weight=6.2850197553634626 4.4605240859091273 4.5994752827100438 3.4375559715554118 12.596316874027254 4.809396609663966 5.421714834868907 8.6686254031956178 6.4866973087191573 6.2474771440029171 14.042742215096949 7.6954024210572225 345.66618226096034 4.1561462730169296 3.840027742087841
leaf_count=47 31 204 198 66 29 30 54 38 37 89 43 2083 25 26
internal_value=6.14352e-05 0.000261985 0.0150458 -5.15752e-05 0.00661154 0.0143031 -0.00508034 -0.000248153 -0.000719286 -0.000288786 0.0120613 -0.000941904 0.0239288 -0.0153132
internal_weight=438.413 433.953 8.03703 425.916 37.9828 18.018 19.9647 15.1553 387.933 377.808 18.099 359.709 11.8515 10.125
internal_count=3000 2969 402 2567 217 96 121 92 2350 2277 105 2172 68 73
cat_boundaries=0 1
cat_threshold=6182
is_linear=0
shrinkage=0.03


Tree=184
num_leaves=15
num_cat=0
split_feature=39 42 41 9 20 41 41 28 42 26 26 45 45 42
split_gain=1.52289 1.68843 1.61202 4.00263 4.29789 2.98387 4.83658 2.62692 2.59497 2.48257 2.38615 6.52441 3.30592 3.41951
threshold=0.49935358758888176 15.488782405853273 70.032058715820327 9168.0666666666693 -1.3101223581757864 72.098468780517592 72.757377624511733 61.550000000000004 14.670602321624758 35.050000000000004 38.150000000000006 1.6659271121025088 1.6378303766250613 15.069257259368898
decision_type=2 2 2 2 2 2 2 8 2 2 2 2 2 2
left_child=1 -1 3 4 -2 7 -7 -4 -8 -10 11 -11 13 -12
right_child=2 -3 5 -5 -6 6 8 -9 9 10 12 -13 -14 -15
leaf_value=0.006587578053075787 -0.022669596565589405 -0.017602720324577548 -0.030438093079685011 0.032278116142035504 0.016522997645485982 0.025811644329967198 -0.018665050295286856 -0.003361306026041381 -0.01859600752381433 -0.027450218069960237 0.022878269329678392 0.017492001411891094 -0.00049600741253600159 -0.0047360327466618142
leaf_weight=3.0986410379409772 3.7137558981776229 7.5885121528990567 4.2151712849736187 3.8686770200729361 4.416250303387641 5.6841861158609381 5.5390711650252333 9.2192535512149334 5.1027177665382615 2.5404716506600407 10.116471342742441 17.071134657133371 350.11747883632779 5.872495435178279
leaf_count=19 26 59 27 20 23 36 40 57 31 16 57 100 2453 36
internal_value=5.92945e-05 -0.0106254 0.000350593 0.0107538 -0.00190211 2.50568e-05 0.000504971 -0.013377 7.80041e-05 0.000390607 0.00068922 0.0106209 0.000129718 0.0130542
internal_weight=438.164 10.6872 427.477 11.9987 8.13001 415.478 402.044 13.4344 396.36 390.821 385.718 19.6116 366.106 15.989
internal_count=3000 78 2922 69 49 2853 2769 84 2733 2693 2662 116 2546 93
is_linear=0
shrinkage=0.03


Tree=185
num_leaves=15
num_cat=0
split_feature=33 12 41 25 33 16 25 29 12 11 26 16 4 15
split_gain=1.5024 2.16051 2.13211 2.15204 1.9755 5.49675 3.5864 5.76238 3.42565 3.12701 2.47983 2.20497 4.76572 2.99343
threshold=35.500000000000007 101.42146829810883 89.930522918701186 0.89931664472061856 32.500000000000007 206.01666666666668 0.90724384363663235 12.15 -18.140044493882296 236043.50000000003 41.95000000000001 206.15000000000001 59.350000000000001 12.616666666666669
decision_type=2 2 2 2 2 2 2 10 2 2 2 2 2 2
left_child=1 4 -3 -4 11 6 7 8 -6 10 -8 13 -13 -1
right_child=-2 2 3 -5 5 -7 9 -9 -10 -11 -12 12 -14 -15
leaf_value=0.024912249274162558 -0.015634987674194401 0.026478140739594373 0.015491952537382189 -0.022355692357081836 0.0028863544857897932 0.036433240684547633 0.019302072284153107 -0.01532863514523479 0.031814613418402637 -0.022991664903307691 -0.010355082930851958 0.010439754777488821 -0.02272760457713947 -0.00051195358958102668
leaf_weight=3.2154607549309722 4.4247516803443423 4.4953638925217083 1.8788550486788156 1.5663765617646275 6.6822585985064489 3.8065680414438239 3.6829193234443647 5.0289953202009192 7.8558341711759603 6.3944880813360205 4.5986993759870529 5.263568051159381 10.156985372304915 369.02085367590189
leaf_count=19 31 204 174 24 39 18 20 31 39 41 29 31 75 2225
internal_value=5.54429e-05 0.000251145 0.0148461 -0.00287365 -5.52455e-05 0.00637711 0.00209702 0.0102835 0.0195596 -0.00877747 0.00349239 -0.000701386 -0.0114601 -0.000226175
internal_weight=438.072 433.647 7.9406 3.44523 425.707 38.0498 34.2432 19.5671 14.5381 14.6761 8.28162 387.657 15.4206 372.236
internal_count=3000 2969 402 198 2567 217 199 109 78 90 49 2350 106 2244
is_linear=0
shrinkage=0.03


Tree=186
num_leaves=15
num_cat=0
split_feature=46 30 12 23 43 24 10 25 45 45 20 18 28 29
split_gain=1.49194 3.51046 2.92039 2.7871 5.97442 2.43121 3.00447 2.54781 2.42582 4.42584 2.50335 2.40575 5.07477 3.88366
threshold=334.53312683105474 24.950000000000003 -75.015016685205993 9.7517754372376082 117.50000000000001 477.43333333333334 2275.7618670767265 0.89844527405866836 1.7015253901481631 1.7756577134132387 -1.042491657397157 2144.9333333333338 49.45000000000001 15.750000000000002
decision_type=2 10 2 2 2 2 2 2 2 2 2 2 8 10
left_child=2 5 -1 -3 -5 8 -7 -8 -2 -10 -11 -4 -13 -14
right_child=1 3 11 4 -6 6 7 -9 9 10 -12 12 13 -15
leaf_value=-0.026391815122590853 0.013486351215327846 0.037705598136770706 0.00077615887190502256 -0.027513108973033207 0.0292672756517471 0.024531935780970952 0.021459823490010185 -0.007263552649499661 -0.02351234895220904 -0.015505034652120712 0.019706658348961428 0.023721410692062142 -0.010618033739088695 0.011241710979405383
leaf_weight=2.8962570996955028 3.5233882218599346 3.7531333565711957 323.50426550302655 2.0548977851867676 2.6956750620156527 5.8098538070917156 2.7026847684755912 10.145321558695285 9.3926224485039693 1.9323955243453363 4.0871631549671301 4.0110680460929862 53.606809914112091 7.6119183241389683
leaf_count=27 21 18 1979 11 64 32 113 70 60 18 133 21 383 50
internal_value=5.75109e-05 0.00510283 -0.000547836 0.0213951 0.00419308 0.000958618 0.00842224 -0.000108006 -0.00644912 -0.0115506 0.00780449 -0.000288063 -0.00549805 -0.007763
internal_weight=437.727 46.0971 391.63 8.50371 4.75057 37.5934 18.6579 12.848 18.9356 15.4122 6.01956 388.734 65.2298 61.2187
internal_count=3000 540 2460 93 75 447 215 183 232 211 151 2433 454 433
is_linear=0
shrinkage=0.03


Tree=187
num_leaves=15
num_cat=0
split_feature=19 19 6 44 37 41 41 6 30 26 26 45 44 36
split_gain=1.47305 5.74783 4.35149 4.62307 4.18288 3.89136 3.86233 3.36316 3.25875 2.35609 2.89198 3.81657 5.30282 2.70064
threshold=84.827623624998751 89.267006398896015 4.5000000000000009 2.1509848833084111 10.500000000000002 77.583641052246108 74.873912811279311 2.5000000000000004 23.050000000000004 35.050000000000004 38.150000000000006 1.6703610420227053 2.2468973398208623 3.5000000000000004
decision_type=2 2 2 2 2 2 2 2 10 2 2 2 2 2
left_child=2 4 3 -1 -2 6 -4 -5 -6 -3 11 -11 -13 -12
right_child=1 9 5 7 8 -7 -8 -9 -10 10 13 12 -14 -15
leaf_value=-0.017017495827656052 -0.0021426266140517959 -0.018617992653606804 -0.016242191546053424 -1.7434638101155268e-05 0.035151098805992737 -0.021400828898026809 0.023199347442386688 0.035994992532063258 0.0010602631215714208 -0.015513078498660392 -0.0034416862098670727 0.027080074932057815 -0.0066237670564418729 0.0017800215827225912
leaf_weight=3.6358496323227874 7.0855131149292019 5.181557389907538 3.3358667865395573 4.2295571863651258 8.6622454300522786 15.452438384294508 3.6653117761015892 4.2047954201698303 3.5018091797828665 3.3461921140551594 162.27716137608513 11.739969924092295 5.7704243641346684 195.39242066815495
leaf_count=24 41 32 21 24 47 93 20 22 20 22 1153 64 40 1377
internal_value=6.03019e-05 0.000575219 -0.00579675 0.00829098 0.0161528 -0.0134004 0.00472533 0.0198483 0.026163 -0.000246222 5.36585e-05 0.0106481 0.0162154 -0.000592094
internal_weight=437.481 402.957 34.5238 12.0702 19.2496 22.4536 7.00118 8.43435 12.1641 383.708 378.526 20.8566 17.5104 357.67
internal_count=3000 2796 204 70 108 134 41 46 67 2688 2656 126 104 2530
is_linear=0
shrinkage=0.03


Tree=188
num_leaves=15
num_cat=0
split_feature=33 12 3 42 43 41 3 16 28 12 43 20 41 41
split_gain=1.46301 2.05118 2.52227 2.00023 3.33661 2.41863 4.12348 3.97445 3.92156 4.77404 2.93739 4.53811 3.87663 2.77639
threshold=35.500000000000007 101.42146829810883 177.25000000000003 17.522489547729496 125.50000000000001 89.493083953857436 164.65000000000001 203.78333333333339 68.65000000000002 -27.563070077864523 120.50000000000001 2.0961067853169575 87.238288879394545 89.077316284179702
decision_type=2 2 2 2 2 2 2 2 10 2 2 2 2 2
left_child=1 3 -3 4 5 10 -7 -8 9 -9 11 13 -12 -1
right_child=-2 2 -4 -5 -6 6 7 8 -10 -11 12 -13 -14 -15
leaf_value=3.377824934938685e-06 -0.015463099248731781 0.026404198397456301 -0.0058202740330146521 -0.011244637132481585 0.012368144985646031 -0.029197908916737094 -0.020187238698198585 -0.01368896959924505 -0.015665537097428843 0.026627577697827049 0.027764189912981199 -0.024081328845966504 -0.0024067357859641749 0.023523952901876494
leaf_weight=342.30845413357019 4.3976488783955565 4.7463359497487536 3.0349155426956713 12.882690986618398 18.740561746060848 5.7409940958023098 6.5384785532951382 3.0175170004367855 4.3521439507603636 7.998304888606067 6.952305465936659 6.0015564188361159 7.1158063337206841 3.5771686136722556
leaf_count=2051 31 298 104 115 106 35 42 21 26 42 38 32 40 19
internal_value=5.9463e-05 0.000252377 0.0146042 -4.38965e-05 0.000332402 -0.000270546 -0.00866538 -0.00224469 0.00615612 0.0153637 0.000385558 -0.000169386 0.0133565 0.000313742
internal_weight=437.405 433.007 7.78125 425.226 412.343 393.603 27.6474 21.9064 15.368 11.0158 365.955 351.887 14.0681 345.886
internal_count=3000 2969 402 2567 2452 2346 166 131 89 63 2180 2102 78 2070
is_linear=0
shrinkage=0.03


Tree=189
num_leaves=15
num_cat=0
split_feature=25 14 14 29 15 29 38 42 33 25 25 45 33 14
split_gain=1.46474 2.48788 2.37337 1.85974 2.95288 2.0411 1.85454 4.57094 4.45004 7.87364 6.44839 5.80123 4.29457 3.95205
threshold=0.91726499210002455 20.783333333333335 20.81666666666667 20.250000000000004 13.683333333333335 19.650000000000002 2.5000000000000004 15.015964508056642 25.500000000000004 0.90130121273916408 0.90073923472301487 1.7346912622451784 22.500000000000004 21.883333333333336
decision_type=2 2 2 10 2 10 2 2 2 2 2 2 2 2
left_child=1 -1 -3 5 -5 6 7 -4 9 11 -10 -9 -8 -12
right_child=-2 2 3 4 -6 -7 12 8 10 -11 13 -13 -14 -15
leaf_value=-0.017826924227952477 0.011833627725635777 0.026630524884666631 0.024604407494977658 -0.022489110353198328 0.0092419728519100366 0.020388645134590565 -0.019843089126922783 -0.00049996741079401852 -0.018825893789587812 0.002041589485363792 0.016157361268632112 0.056882038409364927 -0.00051512044384163704 -0.001823614321562265
leaf_weight=6.0867835506796828 8.3021564334630948 2.0123145803809157 7.4137539118528357 6.7992918714880926 3.3082439536228776 3.4729992374777785 9.7337047890759987 2.300145789980891 15.391457934398202 19.569889684207737 13.340481624007223 3.984083216637373 288.77528161229566 46.563357383012772
leaf_count=51 44 10 40 45 26 21 75 13 161 119 75 41 1997 282
internal_value=5.60843e-05 -0.000198976 9.63621e-05 -9.34283e-05 -0.0122063 0.000233725 1.22277e-05 0.00335194 0.00156862 0.0120596 -0.00214452 0.0386938 -0.00120951 0.00238026
internal_weight=437.054 428.752 422.665 420.653 10.1075 410.545 407.072 108.563 101.149 25.8541 75.2953 6.28423 298.509 59.9038
internal_count=3000 2956 2905 2895 71 2824 2803 731 691 173 518 54 2072 357
is_linear=0
shrinkage=0.03


Tree=190
num_leaves=15
num_cat=1
split_feature=30 43 30 15 45 13 43 30 45 15 7 45 29 28
split_gain=1.43225 4.30721 2.99217 2.97374 6.05049 4.1619 3.25285 2.10986 1.9564 6.77805 5.37051 7.38298 6.40671 6.99171
threshold=30.750000000000004 117.50000000000001 27.550000000000004 13.116666666666669 1.7469430565834048 5.4548333333333341 118.50000000000001 27.250000000000004 1.7224487066268923 13.316666666666668 0 1.6969273090362551 15.750000000000002 53.850000000000001
decision_type=10 2 10 2 2 2 2 10 2 2 1 2 8 10
left_child=2 -2 7 -4 5 -5 -6 8 9 10 12 -12 -1 -14
right_child=1 -3 3 4 6 -7 -8 -9 -10 -11 11 -13 13 -15
leaf_value=0.029816961544310201 -0.024624089940623768 0.014283755243717293 -0.009633004558514395 0.0027702095881464695 -0.018271396470059847 0.043280195610149383 0.019342769104184136 -0.021120745056902576 0.0017839387567008061 -0.010947897507004409 -0.010898516001618607 0.010636792033892584 0.015512879421705893 -0.0084420083382602592
leaf_weight=10.022767029702662 6.0298876687884313 3.2120664832182229 4.2681641057133701 3.507578559219839 4.5799783617258063 6.4075283259153366 2.3248635455965996 3.3168795043602577 229.00050544226542 55.776040360331535 46.872715562582016 19.534763805568218 21.671614773571491 20.339998483657837
leaf_count=60 40 26 26 21 27 31 36 24 1706 340 297 111 129 126
internal_value=5.98491e-05 -0.0110272 0.000324635 0.0110782 0.0165794 0.0305161 -0.00476188 -0.000258995 -3.556e-05 -0.00242373 0.00164848 -0.00391845 0.00793559 0.00398845
internal_weight=436.865 9.24195 427.623 21.0881 16.8199 9.91511 6.90484 406.535 403.218 174.218 118.442 66.4075 52.0344 42.0116
internal_count=3000 66 2934 141 115 52 63 2793 2769 1063 723 408 315 255
cat_boundaries=0 1
cat_threshold=17714
is_linear=0
shrinkage=0.03


Tree=191
num_leaves=15
num_cat=0
split_feature=46 30 12 26 26 42 43 42 46 4 46 18 28 29
split_gain=1.42304 3.34858 2.82596 2.74586 2.37528 2.65857 4.40243 3.72246 5.63817 2.62534 2.8449 2.25704 4.77681 3.65345
threshold=334.53312683105474 24.950000000000003 -75.015016685205993 46.550000000000004 38.783333333333339 15.718883991241457 125.50000000000001 15.605942249298097 343.14633178710943 64.250000000000014 350.22721862792974 2144.9333333333338 49.45000000000001 15.750000000000002
decision_type=2 10 2 2 2 2 2 2 2 2 2 2 8 10
left_child=2 4 -1 -3 -2 7 9 8 -6 10 -7 -4 -13 -14
right_child=1 3 11 -5 5 6 -8 -9 -10 -11 -12 12 13 -15
leaf_value=-0.026142610870461762 -0.020919119432275091 0.034360033688429464 0.00075274529173493111 0.0011437275656383534 0.030021349101063501 0.013538600728021594 0.017177209801451886 0.034852955227152316 -0.012372843224074536 -0.027748564119400795 -0.016266221995358689 0.022965062590828002 -0.010342289489719115 0.010836385562604333
leaf_weight=2.8395633455365887 3.0262661837041369 4.6040985658764821 323.06211523339152 3.8494894346222281 3.3377082571387273 4.5469236671924609 5.5774187846109262 3.776827208697795 7.1158349141478539 4.9840557277202597 5.0208150073885918 4.0243615359067908 53.22360253194347 7.6444510798901311
leaf_count=27 22 34 1979 59 19 24 257 20 45 33 27 21 383 50
internal_value=5.96153e-05 0.00500148 -0.000531342 0.0209554 0.00094209 0.0034047 -0.00359245 0.0128884 0.0026025 -0.0121457 -0.00216114 -0.000277155 -0.00533805 -0.00755029
internal_weight=436.634 45.8394 390.794 8.45359 37.3858 34.3596 20.1292 14.2304 10.4535 14.5518 9.56774 387.955 64.8924 60.8681
internal_count=3000 540 2460 93 447 425 341 84 64 84 51 2433 454 433
is_linear=0
shrinkage=0.03


Tree=192
num_leaves=15
num_cat=0
split_feature=33 33 15 25 29 20 41 42 45 15 15 4 26 15
split_gain=1.43141 1.74487 5.09037 4.4186 5.3372 3.37299 2.72961 2.60125 3.02084 5.51491 4.35081 5.38317 10.2747 4.38607
threshold=35.500000000000007 32.500000000000007 12.883333333333335 0.90724384363663235 22.350000000000005 -0.703559510567352 81.406761169433608 14.796231746673586 1.6426314711570742 12.816666666666668 13.050000000000002 54.550000000000004 42.116666666666674 13.41666666666667
decision_type=2 2 2 2 8 2 2 2 2 2 2 2 2 2
left_child=1 7 -3 4 -4 -6 -5 -1 9 -9 11 12 -10 -12
right_child=-2 2 3 6 5 -7 -8 8 10 -11 13 -13 -14 -15
leaf_value=-0.014806236099966353 -0.015327476665935423 0.028960687935017781 -0.011452435646272107 0.0018904936714538266 0.0055207604871281559 0.035831557662798288 -0.024677316953677916 0.030163645082127901 0.041084019304902984 -0.0021800626159387405 0.0057677159085558821 -0.012974289581877612 -0.015976045524405576 -0.0017220910194132005
leaf_weight=9.8929887972772104 4.3736078217625609 6.2610582858324042 6.3605044083669808 6.4083424955606443 7.3632798418402654 5.720185799524188 6.2887546084821224 7.2629053145647076 4.2906003147363645 10.852417483925818 105.08505083620548 42.835843607783318 5.2937251627445221 208.10630761040375
leaf_count=73 31 30 46 39 42 49 42 38 20 67 622 277 31 1593
internal_value=6.10122e-05 0.000251836 0.00627109 0.00111068 0.00991347 0.0203761 -0.0121092 -0.000349815 6.04066e-05 0.011687 -0.000545974 -0.00845989 0.0110362 0.000801322
internal_weight=436.396 432.022 38.4021 32.1411 19.444 13.0835 12.6971 393.62 383.727 18.1153 365.612 52.4202 9.58433 313.191
internal_count=3000 2969 248 218 137 91 81 2721 2648 105 2543 328 51 2215
is_linear=0
shrinkage=0.03


Tree=193
num_leaves=15
num_cat=0
split_feature=39 25 16 28 23 23 28 30 36 26 22 23 45 44
split_gain=1.40773 1.53699 2.10765 2.03213 1.97315 3.18698 4.96692 5.80685 4.49016 5.47806 5.09504 4.9563 4.24952 5.2286
threshold=0.49935358758888176 0.91726499210002455 206.6166666666667 57.350000000000001 8.5200911884314934 9.4263630784880839 50.350000000000001 18.250000000000004 3.5000000000000004 41.850000000000009 466.01666666666671 9.1371415621197833 1.7138016223907473 2.2614492177963261
decision_type=2 2 2 10 2 2 10 10 2 2 2 2 2 2
left_child=-1 2 4 -3 -2 6 8 -8 11 -10 -11 -6 -7 -14
right_child=1 3 -4 -5 5 12 7 -9 9 10 -12 -13 13 -15
leaf_value=-0.010274069057869144 -0.0046915562941731064 -0.0044251895924987883 -0.018297944927652656 0.023651265781869286 -0.0085254286757691089 -0.0059204241792483198 -0.023051374851595394 0.0037670327892011754 0.04798617202201616 0.00037075678160914229 0.035320747203323934 0.021145350903318042 0.0071703492840978151 -0.0035209133631728586
leaf_weight=10.54681759374216 59.410849757492542 3.4683147221803647 4.5451316088438025 4.6708135902881622 12.104805611073973 88.016837999224663 7.3573567122220984 54.668674675747752 4.9959402531385448 10.613428257405756 4.8268210887908927 7.2889196202158919 87.688564240932465 75.984945677686483
leaf_count=78 378 20 39 23 76 538 42 318 23 60 27 42 503 833
internal_value=6.20434e-05 0.000341639 7.50501e-05 0.012512 0.000320983 0.00117416 0.0056238 0.000270637 0.0137493 0.0232241 0.0127804 0.00311606 -0.000641682 0.00221572
internal_weight=436.188 425.641 417.502 8.13913 412.957 353.546 101.856 62.026 39.8299 20.4362 15.4402 19.3937 251.69 163.674
internal_count=3000 2922 2879 43 2840 2462 588 360 228 110 87 118 1874 1336
is_linear=0
shrinkage=0.03


Tree=194
num_leaves=15
num_cat=1
split_feature=30 43 30 19 28 19 38 6 30 7 32 23 45 23
split_gain=1.39123 4.1071 2.83611 3.47167 3.27809 3.10945 2.82057 2.45866 2.03514 1.80837 5.88659 4.65625 7.82945 6.19306
threshold=30.750000000000004 117.50000000000001 27.550000000000004 100.99289780656035 76.850000000000009 116.40295985589775 3.5000000000000004 7.5000000000000009 27.250000000000004 0 18.500000000000004 8.8843460206545863 1.7110878825187685 8.2876448687950255
decision_type=10 2 10 2 10 2 2 2 10 1 2 2 2 2
left_child=2 -2 8 4 -4 7 -7 -5 9 10 -1 13 -13 -12
right_child=1 -3 3 5 -6 6 -8 -9 -10 -11 11 12 -14 -15
leaf_value=-0.0058296359210724315 -0.024326501398817226 0.013757791110435218 -0.027134103013940772 0.042663815085226445 0.011388998201190695 -0.015914518532521071 0.019725689730979649 0.0097809266850031485 -0.020799531834827304 -0.0010313182641812429 0.014581657735837587 -0.0042810210555416497 0.026059365547059187 -0.024052766050445533
leaf_weight=30.748794803395867 5.9402518123388273 3.2171818576753139 2.7686399817466762 4.3731308877468091 3.3549221903085709 3.2319666780531398 2.7894233227707446 4.5568940564990044 3.289558019489049 324.74583931919187 6.8239865377545339 10.829547435045241 23.187094168271869 6.1840876154601574
leaf_count=211 40 26 19 21 21 31 24 25 24 2270 38 61 150 39
internal_value=6.38326e-05 -0.0109095 0.000324178 0.0107963 -0.00739243 0.0182422 0.00105382 0.0285588 -0.000244877 -2.57669e-05 0.00378337 0.0108475 0.0165538 -0.00419119
internal_weight=436.041 9.15743 426.884 21.075 6.12356 14.9514 6.02139 8.93002 405.809 402.519 77.7735 47.0247 34.0166 13.0081
internal_count=3000 66 2934 141 40 101 55 46 2793 2769 499 288 211 77
cat_boundaries=0 1
cat_threshold=900
is_linear=0
shrinkage=0.03


Tree=195
num_leaves=15
num_cat=1
split_feature=12 6 44 6 15 38 38 30 39 36 26 2 20 16
split_gain=1.405 2.93547 3.45999 4.61042 4.55398 4.39279 4.23552 3.55423 3.02957 3.91725 4.12241 2.87419 2.3558 6.83986
threshold=-36.303003337041375 6.5000000000000009 2.1788324117660527 1.5000000000000002 13.15 3.5000000000000004 3.5000000000000004 21.650000000000002 1.2149234693877553 4.5000000000000009 45.116666666666674 0 -1.4064516129032703 205.45000000000002
decision_type=2 2 2 2 2 2 2 10 2 2 2 1 2 2
left_child=1 2 4 11 6 7 -1 -5 9 -3 -11 -4 13 -2
right_child=12 8 3 5 -6 -7 -8 -9 -10 10 -12 -13 -14 -15
leaf_value=0.014859624146245608 0.0018360364081488141 -0.021801094886526876 -0.004157965123708759 -0.011668144914294807 0.032265119624715524 -0.024963080794595065 -0.019667081601794884 0.019191382454733084 0.011898815683166829 0.015492254401617698 -0.017206242373176448 0.031259856108164563 -0.00043318622194289295 0.027188862712721938
leaf_weight=6.6370513066649455 68.327346984297037 18.054137248545889 3.4624524787068394 7.1166885038837808 5.3778560310602179 10.117194295860825 4.5014859922230244 4.7345375493168831 4.1644816827028981 6.3734637796878797 5.5549554973840714 3.4416720271110535 277.8000966059044 10.173111423850058
leaf_count=39 400 144 22 52 33 82 33 34 26 38 42 19 1980 56
internal_value=6.17661e-05 -0.0035179 0.00149145 -0.00474955 0.0120497 -0.0114145 0.000435435 0.00119421 -0.0100294 -0.0133609 0.000111802 0.0152188 0.000868455 0.00542225
internal_weight=435.837 79.536 45.3889 28.8725 16.5164 21.9684 11.1385 11.8512 34.147 29.9826 11.9284 6.90412 356.301 78.5005
internal_count=3000 564 314 209 105 168 72 86 250 224 80 41 2436 456
cat_boundaries=0 1
cat_threshold=1
is_linear=0
shrinkage=0.03


Tree=196
num_leaves=15
num_cat=1
split_feature=15 42 15 23 23 26 3 9 25 7 42 12 42 36
split_gain=1.39563 2.11643 2.08334 1.8275 1.63789 2.69209 1.82119 5.26063 4.71857 4.03316 6.74391 8.02249 5.49333 5.16846
threshold=15.41666666666667 18.594023704528812 14.483333333333336 11.542823427774378 12.408950836761109 45.38333333333334 178.25000000000003 8894.1500000000033 0.9055257181220363 0 15.434672832489015 11.411679644048734 15.386019706726076 3.5000000000000004
decision_type=2 2 2 2 2 2 2 2 2 1 2 2 2 2
left_child=1 2 4 -3 6 -6 9 -8 -9 10 12 -12 -1 -11
right_child=-2 3 -4 -5 5 -7 7 8 -10 13 11 -13 -14 -15
leaf_value=0.0065654357568791146 0.015207462736879285 0.007122999690623316 0.0149073540650939 -0.023386802779278695 0.024966156238002284 -0.0048520302666629558 0.0071734941992633774 0.0042915970735971209 -0.018605100806235474 -0.011877151593253742 -0.0062561621398833159 0.015977869585771468 0.035642522867279473 -0.00035639158693446399
leaf_weight=48.703255988657475 4.4086774135939768 1.9291143468581129 7.4541463227942577 5.2099454114213586 4.9312258288264257 4.5337080433964729 75.344611793756485 15.429434686899187 15.373189114034174 61.909268967807293 88.913486808538437 16.458394166082144 5.7841599434614173 79.272312268614769
leaf_count=294 339 29 54 83 26 28 425 91 102 388 540 93 33 475
internal_value=6.28813e-05 -0.000126768 0.000163657 -0.0152802 -0.000135177 0.0115844 -0.000435307 0.00292627 -0.00736154 -0.00162636 0.00166548 -0.00266579 0.0102389 -0.0050978
internal_weight=435.655 431.246 424.107 7.13906 416.653 9.46493 407.188 106.147 30.8026 301.041 159.859 105.372 54.4874 141.182
internal_count=3000 2661 2549 112 2495 54 2441 618 193 1823 960 633 327 863
cat_boundaries=0 1
cat_threshold=24759
is_linear=0
shrinkage=0.03


Tree=197
num_leaves=15
num_cat=0
split_feature=46 30 22 24 26 16 14 12 26 41 19 12 18 28
split_gain=1.42141 3.17254 3.1031 2.74988 3.74742 2.73206 2.97547 2.69616 2.60574 2.21023 2.65517 2.11014 2.08204 4.42367
threshold=334.53312683105474 24.950000000000003 431.23333333333341 442.98333333333341 39.483333333333341 204.38333333333335 22.916666666666668 -75.015016685205993 46.550000000000004 80.403816223144545 142.53257501025382 -38.416240266963491 2144.9333333333338 49.45000000000001
decision_type=2 10 2 2 2 2 2 2 2 2 2 2 2 8
left_child=7 2 3 4 -2 6 -4 -1 -3 -8 -11 -6 -9 -14
right_child=1 8 5 -5 11 -7 9 12 -10 10 -12 -13 13 -15
leaf_value=-0.025805135963299156 -0.017035082989949234 0.033616801075892898 -0.013069118901205681 -0.018141735106387658 -0.0095528699309940738 0.023406727850389782 0.032636421615355328 0.00070892185381764815 0.0012047569818699876 -0.023856800561979953 0.01812651668825746 0.027112943332712722 0.022038937001694063 -0.0073040722782125901
leaf_weight=2.7605701237916938 3.6441169525496679 4.5972722922451776 6.1576500684022921 9.2958498331718129 1.3518816381692884 6.68485452979803 2.2267986834049225 322.56776088289917 3.8412617077119648 1.5146632343530657 1.9465524051338432 4.2730668419972062 4.0360598340630522 60.418092881795019
leaf_count=27 28 34 37 145 10 37 15 1979 59 9 101 65 21 433
internal_value=6.50702e-05 0.00502132 0.00104125 -0.00743148 0.00403038 0.00947559 0.000403708 -0.000525281 0.0205535 0.0147622 -0.00147518 0.018189 -0.000278924 -0.005158
internal_weight=435.316 45.534 37.0954 18.5649 9.26907 18.5305 11.8457 389.782 8.43853 5.68801 3.46122 5.62495 387.022 64.4542
internal_count=3000 540 447 248 103 199 162 2460 93 125 110 75 2433 454
is_linear=0
shrinkage=0.03


Tree=198
num_leaves=15
num_cat=1
split_feature=19 19 6 14 37 41 31 6 22 39 4 22 7 29
split_gain=1.38549 5.30582 4.1552 4.07408 3.83424 3.74307 4.1056 3.53781 3.03914 2.36044 2.48242 4.90844 4.55901 5.06387
threshold=84.827623624998751 89.267006398896015 4.5000000000000009 21.516666666666669 10.500000000000002 77.583641052246108 2.5000000000000004 2.5000000000000004 446.16666666666669 0.49935358758888176 54.050000000000004 399.95000000000005 0 9.2500000000000018
decision_type=2 2 2 2 2 2 8 2 2 2 2 2 1 10
left_child=2 4 3 -1 -2 6 -4 -5 -6 -3 11 -11 13 -13
right_child=1 9 5 7 8 -7 -8 -9 -10 10 -12 12 -14 -15
leaf_value=-0.016893355962322488 -0.0020853072108941578 -0.015286497820967769 -0.016616176823951476 -0.002771678745281557 0.033056970050286488 -0.021044656187108504 0.024059457205366806 0.033462940300617562 -0.00042129034441678979 0.0227139230131682 -0.00089658894709100472 0.026806663487298099 -0.0056907118034721284 -0.0070814830992617962
leaf_weight=3.3146638348698607 7.0620106458663967 8.1464594774879497 3.4009792432189014 3.9455651044845563 9.0973769053816778 15.241170726716517 3.5824216827750206 4.7551732808351517 3.1853627488017073 11.266695424914358 317.08748967386782 11.232024885248395 28.41623274423182 5.3539681504480532
leaf_count=22 41 65 20 23 47 93 21 25 20 72 2266 67 185 33
internal_value=6.59199e-05 0.000565949 -0.00563787 0.0081433 0.0154936 -0.0131183 0.00465004 0.0184396 0.0249968 -0.000229511 0.000138982 0.00588841 0.0012738 0.0102554
internal_weight=435.088 400.848 34.24 12.0154 19.3448 22.2246 6.9834 8.70074 12.2827 381.503 373.356 56.2689 45.0022 16.586
internal_count=3000 2796 204 70 108 134 41 48 67 2688 2623 357 285 100
cat_boundaries=0 1
cat_threshold=50256
is_linear=0
shrinkage=0.03


Tree=199
num_leaves=15
num_cat=0
split_feature=46 42 41 33 46 20 42 10 4 44 4 18 22 19
split_gain=1.36116 3.16685 3.88384 4.97782 4.17576 3.41638 3.06659 3.83962 3.58152 3.1925 3.48692 2.48073 4.18708 5.31336
threshold=331.21324157714849 15.760251998901369 82.599262237548842 28.500000000000004 343.14633178710943 -1.48743047830929 16.142793655395511 2314.3385268530983 63.750000000000007 2.3328434228897099 57.250000000000007 2144.9333333333338 367.46666666666675 121.64889411022885
decision_type=2 2 2 2 2 2 2 2 2 2 2 2 2 2
left_child=11 2 4 -4 -2 -6 8 -8 -3 -9 -11 -1 -13 -14
right_child=1 6 3 -5 5 -7 7 9 -10 10 -12 12 13 -15
leaf_value=0.00049038266032171347 0.021346550936688073 0.003388211386933467 0.040609914373177063 -0.00057751724586107894 0.0078837918744000795 -0.029796665647508769 -0.016219350255533956 0.028327443062763798 -0.027234103028377248 -0.023576725604239315 0.015471824863099433 0.018927788047876457 -0.016944649460159326 0.0015033322298436233
leaf_weight=324.29682157654315 4.267125181853773 6.2675062790513056 6.1705506294965726 4.1367622166872025 3.4039375931024551 3.6895320490002632 4.1198759600520161 6.1069291997700912 6.1182174757122993 2.4958992833271623 4.0058338213711977 4.5674667633138588 29.533238030970097 25.751341906376183
leaf_count=1997 24 34 31 24 21 24 24 37 40 71 246 29 204 194
internal_value=6.30036e-05 0.00462948 0.0130427 0.0254905 0.000600478 -0.012975 -0.00185715 0.00639125 -0.0126429 0.0144282 -0.000662843 -0.000551109 -0.00610956 -0.00847761
internal_weight=434.931 50.7822 21.6679 10.3073 11.3606 7.09347 29.1143 16.7285 12.3857 12.6087 6.50173 384.149 59.852 55.2846
internal_count=3000 576 124 55 69 45 452 378 74 354 317 2424 427 398
is_linear=0
shrinkage=0.03


Tree=200
num_leaves=15
num_cat=0
split_feature=30 41 30 19 44 6 42 44 30 45 15 22 44 22
split_gain=1.36081 3.10517 2.7021 3.31536 3.51537 2.94025 3.27235 2.11217 1.95092 1.84404 6.31706 4.27291 5.15461 4.33966
threshold=30.750000000000004 84.318328857421889 27.550000000000004 100.99289780656035 2.2014546394348149 7.5000000000000009 15.789750576019289 2.1903010606765752 27.250000000000004 1.7224487066268923 13.316666666666668 444.33333333333337 2.2221416234970097 486.53333333333336
decision_type=10 2 10 2 2 2 2 2 10 2 2 2 2 2
left_child=2 -2 8 4 -4 6 -5 -7 9 10 -1 12 -12 -13
right_child=1 -3 3 5 -6 7 -8 -9 -10 -11 11 13 -14 -15
leaf_value=0.00158048466361756 -0.023247732783738775 0.0097224456363993426 0.012703478268576301 0.04520730016064918 -0.027166074092966931 -0.014316510609971455 0.0068081103321016422 0.015231349818295895 -0.020463334399844747 0.0017460496734194482 -0.0099083842967661005 -0.027063759092665524 0.017191363629451142 0.0037365591188962379
leaf_weight=118.02061336115003 5.5735860513523203 3.4940300364978611 3.220962010324004 4.0727653801441175 2.8720849454402924 2.875412017107009 3.9822620376944542 4.0059576234780252 3.2469979682937256 228.08889056835324 25.27606175839901 17.582169726490978 7.3439723476767531 5.0021925419569007
leaf_count=723 41 25 20 19 20 17 41 24 24 1706 154 117 41 28
internal_value=6.22798e-05 -0.0108395 0.000319418 0.0105514 -0.00727028 0.0178215 0.0290718 0.00263471 -0.000237157 -2.30517e-05 -0.00234912 -0.0106288 -0.00347736 -0.0203726
internal_weight=434.658 9.06762 425.59 21.0294 6.09305 14.9364 8.05503 6.88137 404.561 401.314 173.225 55.2044 32.62 22.5844
internal_count=3000 66 2934 141 40 101 60 41 2793 2769 1063 340 195 145
is_linear=0
shrinkage=0.03


Tree=201
num_leaves=15
num_cat=1
split_feature=33 12 3 42 43 4 41 23 39 41 43 18 22 7
split_gain=1.36579 1.90252 2.4223 1.92803 3.10154 2.4242 2.38414 2.87125 2.34255 3.30299 4.27669 3.52186 3.96498 2.48057
threshold=35.500000000000007 101.42146829810883 177.25000000000003 17.522489547729496 125.50000000000001 56.150000000000013 91.243244171142592 9.6115651100249249 1.2922077922077924 84.602996826171889 107.50000000000001 2073.3333333333339 442.31666666666672 0
decision_type=2 2 2 2 2 2 2 2 2 2 2 2 2 1
left_child=1 3 -3 4 6 -6 8 -8 13 10 -10 -12 -13 -1
right_child=-2 2 -4 -5 5 -7 7 -9 9 -11 11 12 -14 -15
leaf_value=-0.0056828074040649454 -0.015031895372133355 0.026129883946518547 -0.0057353282081075213 -0.011064501116313241 -0.0072800704769126782 0.017441698762795676 0.0025599057927368327 -0.023741609461774765 -0.0049298275922030049 -0.0087480288062068406 0.043686430371866314 -0.010216241422611709 0.027290307866701922 0.00072419291993899414
leaf_weight=55.198303304612644 4.3315342590212813 4.5449974387884131 3.0072801248170435 12.806698394007979 4.0186044871807125 14.543031141161917 6.4603760764002782 7.3172670900821686 6.2812359109520974 6.4835633039474478 4.3504419848322859 3.9174776375293714 4.5647541955113411 296.6647476926446
leaf_count=354 31 298 104 115 24 82 35 49 33 37 21 21 23 1773
internal_value=5.92794e-05 0.000245753 0.0142543 -3.76491e-05 0.000333047 0.0119909 -0.000249199 -0.0120701 0.000213027 0.00879804 0.0148888 0.0242446 0.0107175 -0.000434683
internal_weight=434.49 430.159 7.55228 422.607 409.8 18.5616 391.238 13.7776 377.461 25.5975 19.1139 12.8327 8.48223 351.863
internal_count=3000 2969 402 2567 2452 106 2346 84 2262 135 98 65 44 2127
cat_boundaries=0 1
cat_threshold=18441
is_linear=0
shrinkage=0.03


Tree=202
num_leaves=15
num_cat=0
split_feature=32 12 38 30 14 16 14 19 10 22 14 33 20 39
split_gain=1.36629 1.46113 3.35574 5.21152 2.97411 3.76992 3.73495 3.48265 4.42955 3.79382 3.32777 3.22581 3.00229 2.94852
threshold=14.500000000000002 -36.303003337041375 4.5000000000000009 24.450000000000003 23.183333333333337 203.55000000000004 22.516666666666669 121.64889411022885 1893.5118578568263 431.23333333333341 22.183333333333337 28.500000000000004 -3.9340378197998418 0.94494047619047628
decision_type=2 2 2 10 2 2 2 2 2 2 2 2 2 2
left_child=-1 2 4 -4 5 -2 7 8 9 10 13 -9 -6 -7
right_child=1 -3 3 -5 12 6 -8 11 -10 -11 -12 -13 -14 -15
leaf_value=-0.015925551223257565 0.024402287858444241 0.0010572668481774045 -0.022041175172372238 0.015698550675630134 0.01275368191480122 -0.015447547046528509 -0.019682726303837623 0.030168754235802953 -0.018625729529568993 -0.0073420871173695001 0.036820511846506983 -0.0042495238478019812 -0.023908872648485281 0.01812256391236285
leaf_weight=3.7621355722658327 5.4121722951531401 352.21944355638698 14.580089410766961 3.4022382423281661 1.9954684888944028 3.1499834656715446 6.4412576481699935 5.9767353087663633 8.6543151140212995 10.118820384144781 3.7104742079973221 3.4356372654438019 6.8112387899309379 4.5166758447885513
leaf_count=37 33 2405 125 20 22 22 48 32 61 71 20 23 57 24
internal_value=5.57301e-05 0.000232005 -0.00345122 -0.01445 1.53562e-05 0.00285208 -0.000148432 0.00343881 -0.00167391 0.00567551 0.0169111 0.0184041 -0.0151483 0.00413876
internal_weight=434.187 430.425 78.2051 17.9823 60.2228 51.4161 46.0039 39.5626 30.1503 21.496 11.3771 9.41237 8.80671 7.66666
internal_count=3000 2963 558 145 413 334 301 253 198 137 66 55 79 46
is_linear=0
shrinkage=0.03


Tree=203
num_leaves=15
num_cat=1
split_feature=32 3 39 4 25 3 28 25 15 43 16 7 16 29
split_gain=1.3122 1.40086 4.3445 5.02224 3.21764 2.77774 4.27269 2.80281 4.80408 4.99806 7.14118 5.06461 7.19203 6.72829
threshold=14.500000000000002 185.35000000000005 1.2343647136273865 54.750000000000007 0.89883626440417419 184.35000000000005 55.350000000000001 0.90164504972008697 12.65 108.50000000000001 203.6166666666667 0 205.25000000000003 12.450000000000001
decision_type=2 2 2 2 2 2 10 2 2 2 2 1 2 10
left_child=-1 5 3 -3 -5 7 -7 8 -2 10 -10 12 13 -11
right_child=1 2 -4 4 -6 6 -8 -9 9 11 -12 -13 -14 -15
leaf_value=-0.015666960488035231 0.031358287556758895 0.0138818877663398 0.022941944629159085 0.0079011266434955759 -0.02211506612522747 -0.0087001232495908 0.032953365325069442 0.0017872469175874532 0.0092397065820461217 0.027353194659200979 -0.02874255656388126 -0.0063302021341736202 -0.024519448046139442 -0.010255185092704898
leaf_weight=3.7265531034208825 2.3602570034563533 5.2847672319039765 3.1174017991870633 3.3801020234823254 16.922729648184031 3.0653249449096611 4.6997585403732955 294.48541713599116 5.6907208487391499 15.45053353440017 14.482695348560808 52.695606030523777 3.4191203042864791 5.1886587780900291
leaf_count=37 14 29 19 31 128 21 32 1773 36 161 102 547 19 51
internal_value=5.42369e-05 0.00022642 -0.00606123 -0.0103247 -0.0169815 0.000689851 0.0173937 0.00031723 -0.00401716 -0.00519001 -0.0180978 -0.0016083 0.00793405 0.0178615
internal_weight=433.97 430.243 28.705 25.5876 20.3028 401.538 7.76508 393.773 99.2876 96.9273 20.1734 76.7539 24.0583 20.6392
internal_count=3000 2963 207 188 159 2756 53 2703 930 916 138 778 231 212
cat_boundaries=0 1
cat_threshold=51012
is_linear=0
shrinkage=0.03


Tree=204
num_leaves=15
num_cat=0
split_feature=19 19 6 14 39 41 37 15 6 42 39 4 22 3
split_gain=1.31722 4.95308 3.93795 3.89357 3.64334 4.63519 3.58064 3.56156 3.32846 2.96131 2.22677 2.336 4.54008 4.55287
threshold=84.827623624998751 89.267006398896015 4.5000000000000009 21.516666666666669 1.0867346938775515 82.069484710693374 10.500000000000002 13.250000000000002 2.5000000000000004 15.605942249298097 0.49935358758888176 54.050000000000004 399.95000000000005 159.45000000000002
decision_type=2 2 2 2 2 2 2 2 2 2 2 2 2 2
left_child=2 6 3 -1 5 7 -2 -4 -5 -8 -3 12 -12 -14
right_child=1 10 4 8 -6 -7 9 -9 -10 -11 11 -13 13 -15
leaf_value=-0.016706887893880727 -0.002088021297351523 -0.014960048567174301 -0.0089188739739089178 -0.0027576163793430518 -0.028628363924716842 -0.0188243959835569 0.035450895323250006 0.029508176074033048 0.032333178743751294 0.0053350005963754841 0.021835717716142521 -0.00088577615237331591 0.026450480468786782 -0.0022443151584939439
leaf_weight=3.2897653430700293 7.0523294955492046 8.0240793223492783 3.277026981115343 3.9359963759779912 7.4074903503060332 7.5168549418449402 7.1379959359765035 3.8423769921064377 4.8068321347236633 5.2406799346208572 11.319833345245568 315.97651459695771 4.6616405188105992 40.247553326189518
leaf_count=22 41 65 21 23 45 46 38 22 25 29 72 2266 27 258
internal_value=4.96879e-05 0.000537617 -0.00552511 0.00786283 -0.012857 -0.00355464 0.0149273 0.0129004 0.0178738 0.0240527 -0.000234971 0.00012171 0.00569978 0.00124552
internal_weight=433.737 399.661 34.0763 12.0326 22.0437 14.6363 19.431 7.1194 8.74283 12.3787 380.23 372.206 56.229 44.9092
internal_count=3000 2796 204 70 134 89 108 43 48 67 2688 2623 357 285
is_linear=0
shrinkage=0.03


Tree=205
num_leaves=15
num_cat=0
split_feature=33 12 3 45 43 33 41 3 20 30 29 15 30 31
split_gain=1.31015 1.83547 2.34833 1.79357 2.50699 2.80356 2.24875 2.68035 2.16117 3.35731 3.15822 2.72556 2.44319 2.76601
threshold=35.500000000000007 101.42146829810883 177.25000000000003 1.9146810770034792 125.50000000000001 25.500000000000004 91.243244171142592 171.25000000000003 1.4093437152390995 30.750000000000004 10.750000000000002 13.716666666666667 29.250000000000004 2.5000000000000004
decision_type=2 2 2 2 2 2 2 2 2 10 10 2 10 10
left_child=1 3 -3 4 6 -6 8 -8 9 12 11 -10 13 -1
right_child=-2 2 -4 -5 5 -7 7 -9 10 -11 -12 -13 -14 -15
leaf_value=-0.00038166237030025596 -0.014778577581375667 0.025973332223534477 -0.0055273193106420261 -0.01160902517657194 -0.0078270979908398233 0.016314292775124473 0.0016645879263688839 -0.023834149228873169 -0.010606333185240598 -0.018218152217654739 -0.027498682343680445 0.014697731571124879 0.019769022028730269 0.006770623911089165
leaf_weight=286.98494340479374 4.2963280342519274 4.4335206472314885 3.0139738726429641 10.733185868710278 5.1795907318592098 15.558267336338757 6.8454009145498258 6.7973946779966354 9.6648648828268069 7.228946514427661 5.0443474650382987 4.9879538267850867 5.2447781041264525 57.578726142644882
leaf_count=1750 31 298 104 102 28 92 39 45 55 47 28 26 28 327
internal_value=5.14538e-05 0.000233871 0.0140799 -4.32933e-05 0.000286096 0.0102019 -0.00026538 -0.0118 0.000182459 0.000726847 -0.00924365 -0.00160391 0.00116917 0.000829663
internal_weight=433.592 429.296 7.44749 421.848 411.115 20.7379 390.377 13.6428 376.735 357.037 19.6972 14.6528 349.808 344.564
internal_count=3000 2969 402 2567 2465 120 2345 84 2261 2152 109 81 2105 2077
is_linear=0
shrinkage=0.03


Tree=206
num_leaves=15
num_cat=0
split_feature=25 28 16 29 15 42 20 45 15 41 15 26 26 3
split_gain=1.31718 2.16644 2.07465 1.83182 2.71094 2.02177 6.21076 3.85887 3.76788 3.67799 3.39018 3.98643 4.95519 3.83154
threshold=0.91726499210002455 71.050000000000011 206.6166666666667 20.250000000000004 13.683333333333335 15.040167331695558 -1.1156840934371919 1.6265861988067629 13.050000000000002 76.791645050048842 13.050000000000002 40.116666666666674 50.250000000000007 172.05000000000004
decision_type=2 8 2 10 2 2 2 2 2 2 2 2 2 2
left_child=2 -2 3 5 -5 6 9 -8 -9 -1 11 -7 -13 -14
right_child=1 -3 -4 4 -6 10 7 8 -10 -11 -12 12 13 -15
leaf_value=0.035626703625529492 0.024514682139070688 -0.0038232429556479667 -0.018365748516283264 -0.022073634343577692 0.0084632162880570235 0.0109415006449565 0.015721572668609959 -0.024222861147051349 0.010806085587192862 0.0076388601841341662 0.00079233432652887036 -0.016928774539839864 -0.012641253872076227 0.026450760744468019
leaf_weight=6.3879133909940746 4.0644133985042545 4.2167944237589845 4.5818295888602725 6.6441675424575788 3.318090588785708 7.6316407993435851 4.3790026456117657 8.6756944656372053 3.1959922760725012 11.620088391005991 330.41711115371436 30.888956047594547 3.276064656674861 4.0199130475521088
leaf_count=36 21 23 40 45 26 44 25 59 18 67 2356 196 22 22
internal_value=4.73617e-05 0.0112278 -0.000196315 4.47904e-05 -0.0120586 0.000367119 0.00723639 -0.00605566 -0.0146858 0.0189189 -0.000275901 -0.0078321 -0.0117677 0.00948962
internal_weight=433.318 8.28121 425.036 420.455 9.96226 410.492 34.2587 16.2507 11.8717 18.008 376.234 45.8166 38.1849 7.29598
internal_count=3000 44 2956 2916 71 2845 205 102 77 103 2640 284 240 44
is_linear=0
shrinkage=0.03


Tree=207
num_leaves=15
num_cat=1
split_feature=15 42 15 23 3 11 25 29 28 7 45 1 10 10
split_gain=1.27888 2.03166 1.93782 1.72289 1.53086 4.49136 4.8898 4.12179 3.99218 3.68946 5.17749 4.08682 3.76055 3.7589
threshold=15.41666666666667 18.594023704528812 14.483333333333336 11.542823427774378 178.25000000000003 266824.50000000006 0.9055257181220363 15.850000000000003 68.750000000000014 0 1.6969273090362551 19.500000000000004 1604.3513914448192 1547.2506063088106
decision_type=2 2 2 2 2 2 2 10 8 1 2 2 2 2
left_child=1 2 4 -3 -1 7 8 9 -7 13 11 -11 -13 -6
right_child=-2 3 -4 -5 5 6 -8 -9 -10 10 -12 12 -14 -15
leaf_value=-0.0012095093257377088 0.014767763948805471 0.0069134747803557021 0.014478107321680931 -0.022967912807990196 -0.018574897686573631 0.018813584679500891 -0.018206077749035515 -0.012492689277980553 -0.00978409610150008 0.020731545673006495 0.021419778822534367 0.0060909892327060287 -0.026810416510043865 0.0068098103516180623
leaf_weight=307.71627019159496 4.2482400601729742 1.8860296718776215 7.3310324912890783 5.1395021569915116 8.3672930449247378 8.0105234384536743 15.135023787617682 7.9749788194894782 7.6868760585784921 5.0248136818408957 32.5979188606143 6.0615390390157682 4.8678855076432228 11.09882467985153
leaf_count=1870 339 29 54 83 50 45 103 48 48 30 168 37 31 65
internal_value=4.82951e-05 -0.000131514 0.000152579 -0.0150842 -0.000134995 0.0029427 -0.00657281 0.00683862 0.00506229 0.00925333 0.0122624 0.000624918 -0.00958208 -0.00300681
internal_weight=433.147 428.899 421.873 7.02553 414.542 106.826 30.8324 75.9933 15.6974 68.0183 48.5522 15.9542 10.9294 19.4661
internal_count=3000 2661 2549 112 2495 625 196 429 93 381 266 98 68 115
cat_boundaries=0 1
cat_threshold=49187
is_linear=0
shrinkage=0.03


Tree=208
num_leaves=15
num_cat=0
split_feature=46 30 22 3 40 30 45 45 23 43 20 4 18 28
split_gain=1.28795 2.99104 3.03568 2.73813 4.63104 3.85531 2.59281 4.31754 2.50906 5.28662 2.46485 2.15982 2.00357 4.24308
threshold=334.53312683105474 24.950000000000003 431.23333333333341 179.75000000000003 10.500000000000002 20.950000000000003 1.7015253901481631 1.7756577134132387 9.7517754372376082 117.50000000000001 -1.042491657397157 62.550000000000004 2144.9333333333338 49.45000000000001
decision_type=2 10 2 2 2 10 2 2 2 2 2 2 2 8
left_child=12 2 6 4 -4 -6 -2 -8 -3 -10 -9 -5 -1 -14
right_child=1 8 3 11 5 -7 7 10 9 -11 -12 -13 13 -15
leaf_value=0.00045287371810023434 0.013240816768437757 0.035100123889501081 -0.01125517578560507 -0.022387689421494546 0.041940817448857408 0.0028192814480608158 -0.025226619631819873 -0.016122831656460366 -0.026743062947625094 0.027410216039756397 0.018474309856856826 0.0089702341319599765 0.021351035735318716 -0.007393550815525356
leaf_weight=323.30987900681794 3.4729391708970097 3.8038126081228238 3.2514920448884395 2.778450248297303 5.1935146744362992 3.8180188299156725 8.8401271849870664 2.0207006298005563 1.9863692820072172 2.5668645557016134 3.9885249105282137 3.3135107294656336 4.036384677514433 60.51813226705417
leaf_count=1997 21 18 52 20 60 35 59 19 11 64 149 32 21 442
internal_value=4.63919e-05 0.00479128 0.000903597 0.00927903 0.0170016 0.027303 -0.00753277 -0.0129201 0.0199335 0.00322404 0.00620002 -0.00647177 -0.000515434 -0.00529796
internal_weight=432.899 45.0343 36.6773 18.355 12.263 9.01153 18.3223 14.8494 8.35705 4.55323 6.00923 6.09196 387.864 64.5545
internal_count=3000 540 447 199 147 95 248 227 93 75 168 52 2460 463
is_linear=0
shrinkage=0.03


Tree=209
num_leaves=15
num_cat=1
split_feature=30 30 33 12 4 29 25 37 43 22 39 25 36 7
split_gain=1.33361 3.66549 1.99499 2.06716 4.82784 5.97115 4.14719 4.03734 5.49339 4.47357 4.34087 3.94985 3.6075 5.83263
threshold=13.15 14.750000000000002 35.500000000000007 -2.6880978865407568 80.950000000000017 16.950000000000003 0.90601913243561294 11.500000000000002 113.50000000000001 429.18333333333339 1.175548589341693 0.90198935303707828 2.5000000000000004 0
decision_type=8 8 2 2 2 8 2 2 2 2 2 2 2 1
left_child=-1 -2 3 12 6 -6 7 9 -9 10 -5 -11 13 -3
right_child=1 2 -4 4 5 -7 -8 8 -10 11 -12 -13 -14 -15
leaf_value=0.020030533816778755 -0.021187977035541462 0.007099406200378521 -0.018543856515493177 0.0087158739037805945 -0.0097978105919905075 0.037993745390291246 -0.0046302018297548356 -0.01718030078114454 0.0073049654719785709 0.0081940222868473519 -0.025009625501127342 0.034606518818617003 0.00094795628686438469 -0.010672409498152213
leaf_weight=1.9854695126414288 6.2859084079973391 16.305266037583351 4.0122733116149893 16.255974981002513 2.956731858197597 6.3294155378825971 51.13032889412716 11.614225871860979 22.836467809043825 10.894991895183923 3.2941486001946023 10.148386999499051 216.48595940414816 52.087380668148398
leaf_count=10 44 94 30 175 21 49 308 67 276 143 32 58 1342 351
internal_value=4.89449e-05 -8.93734e-05 0.000272238 0.000495429 0.0035323 0.0233036 0.00190537 0.00636063 -0.00120143 0.012653 0.00209273 0.0219238 -0.000955916 -0.00690914
internal_weight=432.623 430.637 424.352 420.339 135.461 9.28615 126.175 75.0442 34.4507 40.5935 19.5501 21.0434 284.879 68.3926
internal_count=3000 2990 2946 2916 1129 70 1059 751 343 408 207 201 1787 445
cat_boundaries=0 1
cat_threshold=33313
is_linear=0
shrinkage=0.03


Tree=210
num_leaves=15
num_cat=1
split_feature=25 14 14 28 46 4 5 36 25 26 3 44 44 25
split_gain=1.28473 2.15837 2.13631 2.07206 1.64956 5.69745 3.81862 5.21437 5.4075 4.62171 4.23438 4.63085 5.48816 4.1946
threshold=0.91726499210002455 20.783333333333335 20.81666666666667 71.050000000000011 222.486930847168 57.45000000000001 0 5.5000000000000009 0.9046596350849706 47.716666666666676 160.05000000000004 2.1483926773071294 2.1111112833023076 0.89673672705701435
decision_type=2 2 2 8 2 2 1 2 2 2 2 2 2 2
left_child=1 -1 -3 -2 5 -4 7 10 -9 -8 -7 12 -12 -13
right_child=3 2 4 -5 -6 6 9 8 -10 -11 11 13 -14 -15
leaf_value=-0.016955595804473585 0.024035677300400415 0.025253572533438177 -0.0094764243940283453 -0.0036992424148701137 -0.0012110590082015872 -0.010229655652038216 -0.025497910363041141 0.0093777594296897727 -0.028221505679122585 0.014351056903355757 0.019669591221196575 -0.012489388857482141 -0.020781552530698175 0.021745146526583308
leaf_weight=5.8045117706060401 4.0798602700233433 2.0115632265806189 24.060844062827528 4.1961266696453103 309.94112538103946 5.8465637043118468 5.731433801352976 6.6608545053750259 5.4042117223143578 3.4620778560638428 4.5098323896527273 2.8497623926959923 5.6970344260334969 42.034177497029305
leaf_count=51 21 10 145 23 2261 37 35 39 33 20 27 22 38 238
internal_value=4.58561e-05 -0.000195305 7.72105e-05 0.0110906 -0.000104711 0.0031036 0.00685574 0.00916148 -0.00833481 -0.0105559 0.0127042 0.0152771 -0.00274819 0.0193467
internal_weight=432.29 424.014 418.209 8.27599 416.198 106.257 82.1959 73.0024 12.0651 9.19351 60.9374 55.0908 10.2069 44.8839
internal_count=3000 2956 2905 44 2895 634 489 434 72 55 362 325 65 260
cat_boundaries=0 1
cat_threshold=2
is_linear=0
shrinkage=0.03


Tree=211
num_leaves=15
num_cat=1
split_feature=30 30 3 3 3 3 25 7 23 20 12 19 15 3
split_gain=1.28583 3.49361 1.92481 3.91032 2.23328 3.74207 4.49546 4.58129 5.29969 6.0125 4.87846 4.12769 5.76617 4.30757
threshold=13.15 14.750000000000002 193.50000000000003 188.85000000000005 178.65000000000001 174.05000000000004 0.90164504972008697 0 9.2124353738434177 -1.9037819799778346 -7.2625139043383546 115.05763164339832 13.883333333333335 164.15000000000001
decision_type=8 8 2 2 2 2 2 1 2 2 2 2 2 2
left_child=-1 -2 3 4 5 6 -3 8 -8 -10 -11 12 13 -9
right_child=1 2 -4 -5 -6 -7 7 11 9 10 -12 -13 -14 -15
leaf_value=0.019627744108030115 -0.02078797194084471 -0.0057507998075076415 0.01975560740443013 -0.019510163895591182 0.0046092974890916613 -0.006564191735418461 -0.018416137187238446 -0.0037527150449713845 0.02238562704982951 -0.018303955162209208 0.0077082475436559619 0.014076280741379444 -0.017829090169136502 0.010434228210727805
leaf_weight=1.9962030127644528 6.219006330240517 63.498056137701496 3.508731333538889 8.0031413566321117 90.572260892484337 74.142295647412539 16.15567173063755 29.03367792069912 8.511750213801859 12.184881988912821 11.952877117786556 42.740962756797671 9.7974901720881444 53.86731856316328
leaf_count=10 44 614 26 58 600 529 104 177 54 75 75 270 55 309
internal_value=4.28567e-05 -9.33325e-05 0.00025843 4.92381e-05 0.00047503 -0.000698946 0.00107569 0.00344671 -0.00408838 0.00212291 -0.00562864 0.00602973 0.00285256 0.00548015
internal_weight=432.184 430.188 423.969 420.46 412.457 321.885 247.743 184.245 48.8052 32.6495 24.1378 135.439 92.6985 82.901
internal_count=3000 2990 2946 2920 2862 2262 1733 1119 308 204 150 811 541 486
cat_boundaries=0 1
cat_threshold=36168
is_linear=0
shrinkage=0.03


Tree=212
num_leaves=15
num_cat=1
split_feature=32 6 26 2 18 15 39 16 41 3 14 29 3 13
split_gain=1.28654 1.36861 5.70405 5.64443 4.88043 3.11533 2.74075 4.85234 4.62317 4.28852 4.25864 3.20274 3.04831 4.34629
threshold=14.500000000000002 10.500000000000002 44.916666666666671 0 2033.0333333333335 13.283333333333337 1.2471198156682031 205.51666666666668 89.714187622070327 185.35000000000005 21.81666666666667 15.750000000000002 181.55000000000004 6.3950000000000014
decision_type=2 2 2 1 2 2 2 2 2 2 2 8 2 2
left_child=-1 6 3 5 -4 -3 9 8 10 12 -8 -12 13 -2
right_child=1 2 4 -5 -6 -7 7 -9 -10 -11 11 -13 -14 -15
leaf_value=-0.015604486941601717 -0.0031115293958062749 -0.028405715735673992 0.0113808734928447 0.023912928555950622 -0.023240750305134839 0.0054479718258229372 0.040622937380160228 -0.020104427502902197 -0.017730056207228739 -0.012643008137520478 -0.0095518211431107267 0.015035496210034954 0.0093883961143922182 0.0042740305818653526
leaf_weight=3.6799294487573198 181.30975833768025 3.2717457413673401 4.0430166423320797 8.1443005700130016 15.552457931451498 5.1195695898495615 4.195638194680213 3.9685923084616652 3.4579107868485144 22.010882698465139 5.2338141291402307 22.718597734812647 32.09618630213663 117.21350199659355
leaf_count=37 1157 22 22 47 138 30 19 24 36 164 32 132 206 934
internal_value=4.00147e-05 0.000210453 -0.00529565 0.00745136 -0.0158917 -0.00937065 0.00072987 0.00811368 0.0117221 -0.000119392 0.0153294 0.0102609 0.000749974 -0.000207043
internal_weight=432.016 428.336 36.1311 16.5356 19.5955 8.39132 392.205 39.5746 35.606 352.63 32.1481 27.9524 330.619 298.523
internal_count=3000 2963 259 99 160 52 2704 243 219 2461 183 164 2297 2091
cat_boundaries=0 1
cat_threshold=1
is_linear=0
shrinkage=0.03


Tree=213
num_leaves=15
num_cat=0
split_feature=16 16 16 22 33 41 25 41 3 41 16 19 42 15
split_gain=1.25434 5.45933 4.52916 4.65293 4.10673 4.02793 4.18059 5.64609 3.89293 3.73928 3.66537 11.4543 4.50808 5.01421
threshold=205.35000000000005 205.21666666666667 205.48333333333338 419.98333333333341 32.500000000000007 75.849811553955092 0.9067900856628851 81.362808227539077 171.55000000000004 83.930133819580092 204.98333333333338 94.584229921008728 15.535909652709963 13.216666666666667
decision_type=2 2 2 2 2 2 2 2 2 2 2 2 2 2
left_child=1 10 3 -2 5 -4 7 -7 -6 -3 -1 -12 13 -13
right_child=2 9 4 -5 8 6 -8 -9 -10 -11 11 12 -14 -15
leaf_value=-0.00079331355239099853 -0.0068881385597928738 -0.028271670900041339 0.011794996997923865 0.030968844433607211 -0.0055020658166295084 -0.01720714524319095 -0.017480818487983055 0.016332038324876744 0.033824341751770771 0.0039354580109226423 0.045011327209321342 -0.021484154391817993 0.019642191964677144 0.012733509639266397
leaf_weight=324.5149179014843 3.7859190031886092 9.4481815397739393 10.856385000050066 8.3918415158987028 3.3686512485146505 6.694012455642226 19.30897643044591 9.976119823753832 4.6598149612545967 4.3838404119014731 5.6159696280956295 9.468515485525133 6.057534120976924 5.2728340402245513
leaf_count=2338 24 60 69 46 20 47 132 58 25 25 30 60 35 31
internal_value=3.68346e-05 -0.00065903 0.00377695 0.01957 -1.60779e-05 -0.00351833 -0.00833301 0.00265252 0.0185417 -0.018487 9.41995e-05 0.0106288 -0.000293894 -0.00921344
internal_weight=431.804 364.762 67.0417 12.1778 54.864 46.8355 35.9791 16.6701 8.02847 13.832 350.93 26.4149 20.7989 14.7413
internal_count=3000 2579 421 70 351 306 237 105 45 85 2494 156 126 91
is_linear=0
shrinkage=0.03


Tree=214
num_leaves=15
num_cat=2
split_feature=8 44 23 1 4 7 12 26 10 12 22 23 33 7
split_gain=1.25123 3.74307 1.43464 3.91199 4.25116 3.44737 4.39836 3.48231 3.18836 2.78006 2.52923 2.01949 2.00992 1.95548
threshold=2.5000000000000004 2.2154408693313603 8.5200911884314934 23.500000000000004 61.350000000000001 0 21.046941045606054 52.916666666666671 1644.1179847453491 -11.445050055617637 434.28333333333336 7.4588896638015374 35.500000000000007 1
decision_type=2 2 2 2 2 1 2 2 2 2 2 2 2 1
left_child=2 -2 3 5 -5 8 7 11 9 -1 -10 -7 13 -4
right_child=1 -3 12 4 -6 6 -8 -9 10 -11 -12 -13 -14 -15
leaf_value=0.034088498922555603 -0.0083945017147461169 0.025011308960186478 -0.0023571078462287674 0.033525303187845946 -0.004793432537972795 -0.0051500737765048541 0.013710473858966466 0.0097859160191064044 -0.019850934552699331 -9.6748061047151806e-05 0.0095647259356074626 -0.025107817743990631 -0.020416756468045739 0.0022266845129144609
leaf_weight=3.9653231799602509 4.9345860928297025 5.4837637268938124 115.49345634807833 3.750799931585787 5.2975065037608147 6.4243584349751535 3.8141736090183249 3.1423942744731894 4.384615629911421 3.7541086077690187 4.2816950306296349 22.314739499241114 3.0889411196112624 241.50651186960749
leaf_count=24 31 39 859 19 35 36 21 18 30 24 29 162 24 1649
internal_value=4.02135e-05 0.00983938 -0.000224887 -0.00443528 0.0128465 -0.00762315 -0.0110733 -0.0177328 0.00410538 0.0193591 -0.00583177 -0.0209696 0.000500183 0.000737692
internal_weight=431.637 10.4183 421.219 61.1297 9.04831 52.0814 35.6957 31.8815 16.3857 7.71943 8.66631 28.7391 360.089 357
internal_count=3000 70 2930 398 54 344 237 216 107 48 59 198 2532 2508
cat_boundaries=0 1 2
cat_threshold=16405 16473
is_linear=0
shrinkage=0.03


Tree=215
num_leaves=15
num_cat=1
split_feature=19 19 39 23 36 39 42 14 10 7 23 25 25 23
split_gain=1.26317 4.55792 3.41539 4.37276 3.41791 3.06898 2.07378 2.00692 10.4316 3.5356 5.84029 4.43001 4.90801 4.5313
threshold=84.827623624998751 86.721405998606571 1.0867346938775515 9.6648729993126441 3.5000000000000004 0.84523809523809534 15.741800785064699 21.750000000000004 1321.693888949143 0 11.157003863833109 0.90102936981644122 0.90647886035424496 9.7992785615904747
decision_type=2 2 2 2 2 2 2 2 2 1 2 2 2 2
left_child=2 -2 3 5 -5 -1 -4 8 -3 11 -11 -10 -13 -14
right_child=1 7 6 4 -6 -7 -8 -9 9 10 -12 12 13 -15
leaf_value=-0.0052295739002482418 0.023357788105488043 0.043682737165409526 -0.028606049242470736 0.004894172111243867 -0.024934066081698281 0.024936219065020387 -0.0010060582362931795 -0.0010683535081569052 -0.012883397009504702 -0.008415672532395611 0.02326967582104757 0.030094267287175794 -0.0098040837278638854 0.019003080455182408
leaf_weight=4.4259165450930613 6.7126734256744376 4.6069564521312705 6.2630543634295446 6.0609004348516446 6.2794671803712845 6.9643856883049011 3.8107597380876541 305.65372977522202 5.70895230770111 42.016474448144436 4.9882622808217993 10.168963022530081 9.1664882302284258 8.596157278865574
leaf_count=28 36 25 41 37 39 38 21 2233 37 272 28 56 60 49
internal_value=4.12486e-05 0.000519712 -0.00543982 0.000941219 -0.0110154 0.0137387 -0.0191991 6.89351e-05 0.00411155 0.00134366 -0.00383878 0.0074455 0.0144757 0.00440681
internal_weight=431.423 397.619 33.8045 23.7307 12.3404 11.3903 10.0738 390.906 85.2523 80.6453 47.0047 33.6406 27.9316 17.7626
internal_count=3000 2796 204 142 76 66 62 2760 527 502 300 202 165 109
cat_boundaries=0 1
cat_threshold=17315
is_linear=0
shrinkage=0.03


Tree=216
num_leaves=15
num_cat=0
split_feature=30 30 33 12 4 29 25 37 43 22 45 19 20 30
split_gain=1.2565 3.32654 1.81712 1.93143 4.59922 5.53339 3.91105 3.83111 5.18724 4.06256 3.8457 5.93268 3.79242 3.52448
threshold=13.15 14.750000000000002 35.500000000000007 -2.6880978865407568 80.950000000000017 16.950000000000003 0.90601913243561294 11.500000000000002 112.50000000000001 429.18333333333339 1.7231519222259524 115.54180648675394 -0.1947719688543246 30.550000000000004
decision_type=8 8 2 2 2 8 2 2 2 2 2 2 2 10
left_child=-1 -2 3 13 6 -6 7 9 -9 12 -11 -12 -5 -3
right_child=1 2 -4 4 5 -7 -8 8 -10 10 11 -13 -14 -15
leaf_value=0.019386378315596302 -0.020393247448954894 -0.00040615505528564125 -0.017865964789187047 0.03434452610590015 -0.0094141595702826406 0.036748354826373897 -0.0045547225014879577 -0.017624742995918621 0.0066144312025758082 0.0012742566632016621 0.047088568618275595 0.0087617480344321097 -0.0028617052683859931 -0.021776939527557153
leaf_weight=2.0018670111894599 6.1426556198857716 277.9079988822341 3.9249617159366599 1.8450524359941507 2.9211773127317402 6.3540015947073707 50.888279511127621 10.73915274441242 23.615230789175257 6.4117170795798328 7.0907893329858762 7.6261972128413618 17.670152212725952 6.1247885860502711
leaf_count=10 44 1745 30 9 21 49 308 63 280 37 34 130 198 42
internal_value=4.46781e-05 -9.03695e-05 0.000251767 0.00046352 0.00340187 0.0227084 0.00181163 0.00613446 -0.00124691 0.0122537 0.021059 0.0290491 0.00215857 -0.000941772
internal_weight=431.264 429.262 423.119 419.195 135.162 9.27518 125.887 74.9983 34.3544 40.6439 21.1287 14.717 19.5152 284.033
internal_count=3000 2990 2946 2916 1129 70 1059 751 343 408 201 164 207 1787
is_linear=0
shrinkage=0.03


Tree=217
num_leaves=15
num_cat=0
split_feature=32 12 38 4 23 43 14 41 41 28 28 44 43 12
split_gain=1.24183 1.33613 3.18676 4.92562 3.95889 3.70134 3.08387 3.76671 6.92381 4.08119 3.91463 5.02134 3.02131 2.70662
threshold=14.500000000000002 -36.303003337041375 4.5000000000000009 74.250000000000014 10.618163783539172 101.50000000000001 23.350000000000005 81.406761169433608 83.387592315673842 71.750000000000014 59.750000000000007 2.2278656959533696 108.50000000000001 -51.701890989989089
decision_type=2 2 2 2 2 2 2 2 2 8 8 2 2 2
left_child=-1 2 3 5 -4 -2 7 9 -9 -7 -10 -12 -11 -5
right_child=1 -3 4 13 -6 6 -8 8 10 12 11 -13 -14 -15
leaf_value=-0.015396363879996267 0.032893681745644464 0.0010049601791957317 -0.022542008580261372 0.00047311302964941101 0.0074999744805069064 -0.015217133092995458 -0.019240819246054582 0.035754177694732762 0.022161329637290852 0.028646120373253287 -0.022359423915953379 0.013529383815468383 -0.0078313405755345601 -0.030687914901500801
leaf_weight=3.6360141066834322 2.6788175776600829 349.88464647810906 12.702677372843029 4.0488119134679437 4.9698707377538076 12.459307514131071 4.6741193141788235 6.6490136459469822 4.6910600662231472 3.424902841448783 7.290594205260275 5.2068173587322235 3.1656792387366295 5.4692240133881551
leaf_count=37 15 2405 105 31 40 88 48 37 26 21 51 34 21 41
internal_value=4.71365e-05 0.000214184 -0.00332633 5.30847e-05 -0.0141444 0.00389076 0.0016135 0.00427295 0.0120063 -0.00552016 0.00135927 -0.00751244 0.0124013 -0.0186478
internal_weight=430.952 427.316 77.4309 59.7583 17.6725 50.2403 47.5615 42.8874 23.8375 19.0499 17.1885 12.4974 6.59058 9.51804
internal_count=3000 2963 558 413 145 341 326 278 148 130 111 85 42 72
is_linear=0
shrinkage=0.03


Tree=218
num_leaves=15
num_cat=0
split_feature=46 46 32 22 46 30 30 38 39 15 10 16 45 15
split_gain=1.23793 1.93505 1.98872 1.86179 2.23363 1.59107 1.97606 3.08315 2.4137 2.93495 2.54648 2.18712 1.87276 5.76804
threshold=388.88887023925787 374.00000000000006 14.500000000000002 441.2000000000001 401.57052612304693 31.450000000000003 27.550000000000004 5.5000000000000009 1.0244897959183674 13.516666666666667 1987.9853012314054 204.15000000000001 1.7224487066268923 13.316666666666668
decision_type=2 2 2 2 2 10 10 2 2 2 2 2 2 2
left_child=1 2 -1 -2 -5 6 12 8 10 -10 11 -8 13 -4
right_child=3 -3 5 4 -6 -7 7 -9 9 -11 -12 -13 -14 -15
leaf_value=-0.020317741093241127 -0.0031191341935881672 -0.017016430476554316 0.0014268016462956059 0.042519530200536608 -0.002871445055719922 -0.014132996141481507 0.00073383276019053706 0.029788786093835513 -0.022160998721972702 0.011090349850720832 -0.0087164200362065455 0.031731256842452191 0.0018286371055657264 -0.010422741633958064
leaf_weight=3.2599339238367966 3.4429860101081422 5.0467322929762295 114.94462270662189 1.6142797307111325 1.3669854979962108 5.7782302433624855 3.3137755170464569 4.0278139151632777 4.7130741029977781 3.2945348040666431 3.2623622128739953 4.5791273713111877 218.7292937207967 53.365589052438736
leaf_count=32 149 44 707 15 56 41 19 21 29 25 26 26 1479 331
internal_value=4.56192e-05 -0.000166482 7.63474e-05 0.0121902 0.0262131 0.000284499 0.000521448 0.00883971 0.00317744 -0.00876809 0.0117682 0.0202632 1.53755e-06 -0.00236967
internal_weight=430.739 424.315 419.268 6.42425 2.98127 416.008 410.23 23.1907 19.1629 8.00761 11.1553 7.8929 387.04 168.31
internal_count=3000 2780 2736 220 71 2704 2663 146 125 54 71 45 2517 1038
is_linear=0
shrinkage=0.03


Tree=219
num_leaves=15
num_cat=0
split_feature=46 30 12 26 24 3 40 30 23 16 23 24 26 41
split_gain=1.22521 2.78847 2.50823 2.39488 2.16678 2.5373 3.72216 4.42704 2.90075 2.157 2.00864 2.00262 3.37605 2.22059
threshold=334.53312683105474 24.950000000000003 -75.015016685205993 46.550000000000004 477.43333333333334 179.75000000000003 10.500000000000002 17.450000000000003 9.3201363982592209 203.98333333333338 9.7517754372376082 442.98333333333341 39.483333333333341 88.298965454101577
decision_type=2 10 2 2 2 2 2 10 2 2 2 2 2 2
left_child=2 4 -1 -3 11 6 -6 -8 -9 -10 -5 12 -2 -13
right_child=1 3 -4 10 5 -7 7 8 9 -11 -12 13 -14 -15
leaf_value=-0.025279913620695302 -0.016604485360864819 0.031981728572247688 -0.00026683916619634721 0.01816112337160963 -0.0096254511144758404 -0.0073333588822250863 0.047455441717967319 -0.016346518039833897 -0.0046872609117381229 0.037125334146413523 -0.017252530477649897 -0.022958117392292091 0.017062591135403919 0.0085588487655760548
leaf_weight=2.6426792424172154 3.5596742238849419 4.5105050844140333 383.32425788417459 1.9100376665592196 3.336161780171099 5.8924383753910652 3.3762343325652164 2.2652288377285004 1.5102574052289131 1.7940311580896375 1.8577449480071662 6.9466337859630567 5.566090127453208 2.1041376395151019
leaf_count=27 28 34 2433 9 57 53 48 14 33 10 50 75 75 54
internal_value=4.53567e-05 0.0046947 -0.000502987 0.0193766 0.000921891 0.00803062 0.0153989 0.0247607 0.00587379 0.0213655 0.000743788 -0.0062341 0.00358723 -0.0155085
internal_weight=430.596 44.6292 385.967 8.27829 36.3509 18.1744 12.2819 8.94575 5.56952 3.30429 3.76778 18.1765 9.12576 9.05077
internal_count=3000 540 2460 93 447 215 162 105 57 43 59 232 103 129
is_linear=0
shrinkage=0.03


Tree=220
num_leaves=15
num_cat=2
split_feature=19 19 6 44 41 31 6 16 7 15 41 39 7 39
split_gain=1.21255 4.2447 3.67958 4.05484 3.45658 3.74803 2.61842 2.26635 7.303 5.21969 8.17707 4.97664 4.76012 5.1855
threshold=84.827623624998751 86.721405998606571 4.5000000000000009 2.1509848833084111 77.583641052246108 2.5000000000000004 2.5000000000000004 205.35000000000005 0 13.050000000000002 87.572616577148452 0.96006144393241166 1 0.97088395475492262
decision_type=2 2 2 2 2 8 2 2 1 2 2 2 1 2
left_child=2 -2 3 -1 5 -4 -5 9 -9 10 -3 -10 -11 -14
right_child=1 7 4 6 -6 -7 -8 8 11 12 -12 -13 13 -15
leaf_value=-0.016540524664902637 0.022466634638450229 -0.018872999773514785 -0.016064341548799009 0.00028773655668714839 -0.020294556643582408 0.022954141269193238 0.032154162060277158 -0.0089308569460934094 0.023212402079774978 0.0042555125351238492 0.027290051395715782 0.0025551567600718477 -0.0084414683023145819 0.0020606283913710854
leaf_weight=3.5058235377073279 6.7733059152960768 24.970768302679065 3.3189515173435238 4.1350801065564138 14.763284154236315 3.6015102341771126 4.342534638941288 16.450356092303991 21.179327666759491 136.15647983155213 3.0859070196747771 20.452999494969845 83.861300413031131 83.765519570559263
leaf_count=24 36 160 20 24 93 21 22 114 126 982 16 122 640 600
internal_value=4.66062e-05 0.000515562 -0.00533452 0.00760458 -0.0125053 0.00457582 0.0182812 7.77567e-05 0.00549224 -0.000883605 -0.0130311 0.0108232 0.000277386 -0.00303249
internal_weight=430.363 396.696 33.6672 11.9834 21.6837 6.92046 8.47761 389.923 58.0827 331.84 28.0567 41.6323 303.783 167.627
internal_count=3000 2796 204 70 134 41 46 2760 362 2398 176 248 2222 1240
cat_boundaries=0 1 2
cat_threshold=14408 13252
is_linear=0
shrinkage=0.03


Tree=221
num_leaves=15
num_cat=0
split_feature=6 26 23 45 41 23 4 3 3 44 3 6 15 6
split_gain=1.20142 4.92383 5.36088 3.14848 2.90788 2.9013 2.33366 2.03515 3.22028 3.19082 3.41745 3.64387 3.56356 2.86937
threshold=10.500000000000002 42.916666666666671 8.7860259757007722 1.7157220244407656 82.216217041015639 11.268127155942778 63.250000000000007 185.35000000000005 184.35000000000005 2.1580855846405034 186.45000000000002 6.5000000000000009 13.383333333333335 8.5000000000000018
decision_type=2 2 2 2 2 2 2 2 2 2 2 2 2 2
left_child=7 3 -3 -2 -5 -4 -7 8 13 -9 -11 12 -12 -1
right_child=1 2 5 4 -6 6 -8 9 -10 10 11 -13 -14 -15
leaf_value=-0.00066199033529057265 -0.0098409777266679158 0.010290149563261809 -0.026988900491384062 -0.00064829366282217853 0.03448398602247528 0.021100104646830955 -0.014468926152227061 -0.025976832991376281 0.019518050391798641 -0.022183036324046647 0.034648244041866179 -0.012038955860838908 -0.00075573770941609968 0.0060083300991143063
leaf_weight=290.11575005063787 3.958437152206896 6.2887035347521332 13.685261175036432 3.4612454399466515 4.3290328085422516 1.7639086968265463 3.157314088428393 5.4142470546066788 7.3496555406600228 4.3179702404886511 4.0139105319976789 5.6551709068007758 5.1402059718966484 71.510398295242339
leaf_count=2019 24 38 89 20 28 26 40 42 51 31 23 44 42 483
internal_value=4.45273e-05 -0.00507631 -0.0124799 0.0103601 0.0205766 -0.0203082 -0.000309583 0.000533032 0.00109715 -0.00765926 -0.00144119 0.00562717 0.0166517 0.000669975
internal_weight=430.161 36.6439 24.8952 11.7487 7.79028 18.6065 4.92122 393.517 368.976 24.5415 19.1273 14.8093 9.15412 361.626
internal_count=3000 265 193 72 48 155 66 2735 2553 182 140 109 65 2502
is_linear=0
shrinkage=0.03


Tree=222
num_leaves=15
num_cat=0
split_feature=25 28 16 29 15 42 20 33 43 45 45 15 4 16
split_gain=1.17364 1.9515 1.85949 1.67062 2.59045 1.93058 5.6378 4.5792 4.44849 3.6728 3.65441 3.02787 4.40879 3.05564
threshold=0.91726499210002455 71.050000000000011 206.6166666666667 20.250000000000004 13.683333333333335 15.040167331695558 -1.1156840934371919 26.500000000000004 107.50000000000001 1.6265861988067629 1.6728120446205141 13.050000000000002 71.15000000000002 205.35000000000005
decision_type=2 8 2 10 2 2 2 2 2 2 2 2 2 2
left_child=2 -2 3 5 -5 6 7 -1 -9 -8 -11 12 13 -7
right_child=1 -3 -4 4 -6 11 9 8 -10 10 -12 -13 -14 -15
leaf_value=-0.0079825084781172742 0.023112217468373861 -0.0038159891482678165 -0.01768508472950607 -0.021586016642051342 0.008379644202228852 -0.0092820423981336449 0.015448798083782876 0.044217359765163188 0.0096507227867846934 -0.026265177178649984 0.0063728059294519595 0.00072354658093204979 -0.022603818822797956 0.0085269533156435724
leaf_weight=4.1719083040952709 4.0985531657934162 4.1510954946279535 4.3965618163347235 6.4772796928882581 3.3095914120785892 19.354692526161671 4.3739536628127089 5.7599574699997893 8.1141311004757863 7.1914774775505048 4.4303040727972984 328.43545073946007 11.618022371083496 14.133998222649096
leaf_count=27 21 23 40 45 26 120 25 30 46 49 28 2356 81 83
internal_value=4.35469e-05 0.0106147 -0.000187841 3.83051e-05 -0.0116152 0.000345872 0.00707891 0.0181445 0.0260094 -0.0057381 -0.0143042 -0.000284987 -0.00748485 -0.0017364
internal_weight=430.017 8.24965 421.767 417.371 9.78687 407.584 34.0417 18.046 13.8741 15.9957 11.6218 373.542 45.1067 33.4887
internal_count=3000 44 2956 2916 71 2845 205 103 76 102 77 2640 284 203
is_linear=0
shrinkage=0.03


Tree=223
num_leaves=15
num_cat=0
split_feature=30 30 3 3 3 14 46 26 3 22 3 36 26 25
split_gain=1.20725 3.19799 1.81924 3.55743 2.03339 3.63847 5.19319 3.8786 7.2487 3.5991 3.5593 5.06581 6.05046 4.26981
threshold=13.15 14.750000000000002 193.50000000000003 188.85000000000005 178.65000000000001 22.450000000000003 318.01301574707037 45.916666666666671 181.25000000000003 460.91666666666669 174.05000000000004 3.5000000000000004 48.850000000000009 0.90164504972008697
decision_type=8 8 2 2 2 2 2 2 2 2 2 2 2 2
left_child=-1 -2 3 4 10 7 -7 -6 9 -9 13 -12 -13 -3
right_child=1 2 -4 -5 5 6 -8 8 -10 -11 11 12 -14 -15
leaf_value=0.018981628690401087 -0.020098605572080926 -0.00562812494028381 0.019186664085279172 -0.018848603386936547 -0.0091319649939323733 0.0162313029633992 -0.0071765891909361989 -0.030536894254093103 0.022327677657382444 0.0049203191660313643 -0.014936945571048587 0.0069426982752397353 -0.019902446255181973 0.0033645863935093173
leaf_weight=2.0079118534922591 6.071405049879103 63.033852859865874 3.5143471462652078 7.7867097877897313 25.598992567509413 33.179185912013054 10.717992504127322 3.8205725178122538 12.03059111908078 5.0315479412674904 33.133737806230783 31.611066877376288 8.8361907624639553 183.45702882343903
leaf_count=10 44 614 26 58 159 196 122 25 69 29 244 197 88 1119
internal_value=4.21991e-05 -9.07469e-05 0.000244141 3.95855e-05 0.000442855 0.00439041 0.0104835 -0.00146344 0.00792473 -0.0119292 -0.000682022 -0.00642535 0.000739362 0.00105148
internal_weight=429.831 427.823 421.752 418.237 410.451 90.3789 43.8972 46.4817 20.8827 8.85212 320.072 73.581 40.4473 246.491
internal_count=3000 2990 2946 2920 2862 600 318 282 123 54 2262 529 285 1733
is_linear=0
shrinkage=0.03


Tree=224
num_leaves=15
num_cat=0
split_feature=46 24 46 32 46 30 43 30 19 22 28 39 24 38
split_gain=1.19636 2.03409 1.85378 1.93215 1.63037 1.51344 1.87902 1.8369 3.04542 2.91507 2.26189 1.99842 1.94734 1.76328
threshold=388.88887023925787 495.10000000000008 374.00000000000006 14.500000000000002 414.95547485351568 31.450000000000003 114.50000000000001 27.550000000000004 100.99289780656035 423.01666666666671 77.050000000000011 0.98430141287284145 484.38333333333338 4.5000000000000009
decision_type=2 2 2 2 2 10 2 10 2 2 10 2 2 2
left_child=2 -2 3 -1 -3 7 -7 13 10 11 -9 -10 -11 -5
right_child=1 4 -4 5 -6 6 -8 8 9 12 -12 -13 -14 -15
leaf_value=-0.020140251932230301 -0.0028679823238948513 0.038611570118195326 -0.016732874953459251 0.0012884684826757172 -0.0048420176788301957 -0.027244461036446878 0.0037674076777599193 -0.022977931743364172 0.044233548269467828 -0.011080776884997225 0.0078991908489726998 0.009202995257517145 0.013719700146148969 -0.0031726937167294044
leaf_weight=3.2161055146716526 3.7268144118133923 1.8723322534933688 4.9962667864747337 275.02066920883954 0.78741807467304159 2.9428677484393111 2.7875155112706125 3.165528021752837 3.0383509020321098 3.7654890466947091 3.6139849796891212 3.3504662979394197 6.25533811096102 111.1314395130612
leaf_count=32 146 22 44 1763 52 22 19 22 18 22 22 22 40 754
internal_value=3.78808e-05 0.0120075 -0.000170593 6.66721e-05 0.0279392 0.000271271 -0.0138405 0.000502071 0.0085218 0.0152446 -0.00761853 0.0295944 0.00424067 -2.96475e-07
internal_weight=429.671 6.38656 423.284 418.288 2.65975 415.072 5.73038 409.341 23.1892 16.4096 6.77951 6.38882 10.0208 386.152
internal_count=3000 220 2780 2736 74 2704 41 2663 146 102 44 40 62 2517
is_linear=0
shrinkage=0.03


Tree=225
num_leaves=15
num_cat=0
split_feature=43 42 45 30 45 44 23 22 43 22 29 39 16 14
split_gain=1.33598 2.59055 2.54396 3.38876 3.31439 2.92858 3.51149 2.64754 2.27564 7.23787 7.26432 6.3148 4.38245 3.67649
threshold=96.500000000000014 14.670602321624758 1.6426314711570742 26.350000000000005 1.6573674678802492 2.0726854801177983 9.5401450622056405 438.68333333333339 108.50000000000001 469.21666666666675 13.750000000000002 1.108550947260625 204.01666666666668 21.750000000000004
decision_type=2 2 2 8 2 2 2 2 2 2 10 2 2 2
left_child=-1 -2 3 5 7 -3 -7 -4 9 10 -6 12 -12 -10
right_child=1 2 4 -5 8 6 -8 -9 13 -11 11 -13 -14 -15
leaf_value=0.017766249878531214 -0.018840572887609139 0.020513121934171794 -0.022981901814917403 0.021329012926641421 -0.013036439281162845 -0.02879105500321812 0.0049736690377818627 0.001486047283650555 0.0092892450433877758 0.013060063983895318 0.018962206088826358 0.038414483283558565 -0.017156686536994342 2.1982724022208514e-06
leaf_weight=2.7917253226041785 5.5509023070335379 3.1866602003574398 9.2358127757906896 10.593882635235785 56.772309608757496 3.6638788878917676 6.2444132715463638 6.3238926008343688 44.336295899003744 16.976583562791348 4.122108578681944 3.8978792652487746 6.4071135893464088 249.44642986659892
leaf_count=18 43 18 62 61 363 26 36 41 261 103 24 21 43 1880
internal_value=3.72155e-05 -0.000120025 0.000170725 0.00951527 -0.000408613 -0.000877279 -0.00900661 -0.0135482 0.000160631 -0.00403893 -0.00824038 0.0102543 -0.00259818 0.00143051
internal_weight=429.55 426.758 421.207 23.6888 397.518 13.095 9.90829 15.5597 381.959 88.176 71.1994 14.4271 10.5292 293.783
internal_count=3000 2982 2939 141 2798 80 62 103 2695 554 451 88 67 2141
is_linear=0
shrinkage=0.03


Tree=226
num_leaves=15
num_cat=0
split_feature=46 30 22 12 16 31 16 23 22 26 26 12 23 4
split_gain=1.18307 2.58239 2.71004 2.43756 2.31726 2.35079 3.03156 2.76988 2.31498 3.15548 2.26788 2.08394 2.01166 2.05187
threshold=334.53312683105474 24.950000000000003 431.23333333333341 -75.015016685205993 204.38333333333335 2.5000000000000004 203.65000000000001 10.247231187652551 400.48333333333341 39.483333333333341 46.550000000000004 -38.416240266963491 9.8196670865828235 58.150000000000013
decision_type=2 10 2 2 2 8 2 2 2 2 2 2 2 2
left_child=3 2 8 -1 5 12 7 -7 9 -2 -3 -11 -4 -14
right_child=1 10 4 -5 -6 6 -8 -9 -10 11 -12 -13 13 -15
leaf_value=-0.025085140126883603 -0.016418862584911497 0.031045267747808667 -0.026768517680252204 -0.00026841377366778869 0.021642072132909699 0.041236188815964282 -0.012203695682599923 -0.004192599887328308 -0.017420515715585345 -0.010390968159551039 0.00063556663664046827 0.025085205847295004 -0.018137922807228896 0.023701324808068157
leaf_weight=2.5959455752745262 3.5285478164441901 4.4960462946910393 2.8643410503864297 382.39266494754702 6.6876509562134734 2.3536764942109598 2.3374379426240921 1.6231616470031438 8.657348386012016 1.4309939965605734 3.7596629736945033 4.3113511602859944 0.94972801720723543 1.3842974924482403
leaf_count=27 28 34 19 2433 37 12 14 68 131 11 59 78 11 38
internal_value=3.85059e-05 0.00462021 0.000970501 -0.000500307 0.00888772 0.000341271 0.0118352 0.0255775 -0.00711179 0.00327356 0.0187615 0.0160146 -0.013277 0.00634278
internal_weight=429.373 44.3842 36.1285 384.989 18.2003 11.5126 6.31428 3.97684 17.9282 9.27089 8.25571 5.74235 5.19837 2.33403
internal_count=3000 540 447 2460 199 162 94 80 248 117 93 89 68 49
is_linear=0
shrinkage=0.03


Tree=227
num_leaves=15
num_cat=0
split_feature=8 39 28 20 18 20 8 39 12 24 26 33 20 1
split_gain=1.1738 4.03371 1.99821 1.57549 2.12041 1.80928 4.10934 2.19286 1.74499 4.45221 4.12236 3.09872 2.64029 2.93265
threshold=2.5000000000000004 0.91372912801484241 46.000000000000007 -4.2016685205784681 2170.5166666666669 -3.5496106785317605 1.0000000180025095e-35 1.0244897959183674 -36.303003337041375 477.86666666666673 39.850000000000009 30.500000000000004 -2.5506117908788024 20.500000000000004
decision_type=2 2 10 2 2 2 2 2 2 2 2 2 2 2
left_child=3 -2 -3 4 -1 6 7 -5 9 10 -7 12 13 -12
right_child=1 2 -4 5 -6 8 -8 -9 -10 -11 11 -13 -14 -15
leaf_value=-0.023969359598910108 0.02735863715426301 0.010071443422448307 -0.021092108198743555 0.0043711056031274075 0.0053714689339909435 -0.01606448812338087 -0.01095898439631005 0.035589047808441285 0.00048811249689525879 -0.014406749403169817 0.00051108539298561724 -0.011827695015483919 -0.0018371591917491557 0.030711050343326107
leaf_weight=4.6145884767174712 4.7548186276108009 2.5951286284253001 3.0311843724921346 3.8610489154234511 3.1543131172657013 7.2008160054683712 4.3625492528080931 4.1514954790472984 343.14790634135716 24.760157541371882 4.2491134945303264 4.5753697827458373 6.3907771389931431 8.3095096349716169
leaf_count=42 28 18 24 27 28 50 31 24 2378 198 29 33 44 46
internal_value=3.80467e-05 0.00954439 -0.0073673 -0.000219783 -0.0128024 4.85511e-05 0.0109021 0.0227 -0.000314822 -0.00520125 0.00243727 0.00852468 0.0137854 0.0212844
internal_weight=429.159 10.3811 5.62631 418.778 7.7689 411.009 12.3751 8.01254 398.634 55.4857 30.7256 23.5248 18.9494 12.5586
internal_count=3000 70 42 2930 70 2860 82 51 2778 400 202 152 119 75
is_linear=0
shrinkage=0.03


Tree=228
num_leaves=15
num_cat=1
split_feature=30 30 3 3 3 7 19 45 43 3 36 22 22 19
split_gain=1.16774 3.02708 1.67334 3.40624 1.93998 3.41606 3.57533 4.26692 3.4042 3.33964 4.79635 5.90664 4.7658 6.29807
threshold=13.15 14.750000000000002 193.50000000000003 188.85000000000005 178.65000000000001 0 92.953526347996572 1.7005366086959841 111.50000000000001 174.05000000000004 3.5000000000000004 435.91666666666669 413.18333333333339 114.63487262408754
decision_type=8 8 2 2 2 1 2 2 2 2 2 2 2 2
left_child=-1 -2 3 4 9 -6 7 -7 -8 -3 -11 12 -12 -14
right_child=1 2 -4 -5 5 6 8 -9 -10 10 11 -13 13 -15
leaf_value=0.018638003570240293 -0.019666863715089088 0.0010047812703211684 0.01832902213154108 -0.0185358687473604 -0.0021760279642144276 -0.0036569981870636678 -0.0054583605131289202 0.035412812577208415 0.013023181307444637 -0.014588270018655609 -0.00099382777737668112 -0.012343159243479897 0.043373076529764375 -0.0043306158731582613
leaf_weight=2.0163429677486411 5.9951644842512897 246.2459191144444 3.5483606467023483 7.7058375952765337 43.456043601967394 3.2529534958302957 14.261949315667151 7.9788044691085815 21.302549773827195 32.818080916535109 14.056701320689173 17.005556616932154 5.6166982650756818 3.7260836865752935
leaf_count=10 44 1733 26 58 306 20 84 37 153 244 94 131 30 30
internal_value=3.74253e-05 -9.37593e-05 0.00023093 3.36492e-05 0.000427175 0.00428547 0.00881643 0.0247235 0.00566519 -0.000672791 -0.00625192 0.000707897 0.0103099 0.0257687
internal_weight=428.987 426.971 420.976 417.427 409.721 90.2523 46.7963 11.2318 35.5645 319.469 73.2231 40.405 23.3995 9.34278
internal_count=3000 2990 2946 2920 2862 600 294 57 237 2262 529 285 154 60
cat_boundaries=0 1
cat_threshold=16699
is_linear=0
shrinkage=0.03


Tree=229
num_leaves=15
num_cat=1
split_feature=15 45 32 6 26 2 18 15 39 25 3 36 10 15
split_gain=1.17077 1.69465 1.31132 1.19704 5.27091 5.03059 4.50886 2.89454 2.34007 2.27434 4.02622 4.25068 4.08302 4.50322
threshold=15.41666666666667 2.049375176429749 14.500000000000002 10.500000000000002 44.916666666666671 0 2033.0333333333335 13.283333333333337 1.4532019704433499 0.90662816259878565 167.05000000000004 6.5000000000000009 2253.8071065977711 13.91666666666667
decision_type=2 2 2 2 2 1 2 2 2 2 2 2 2 2
left_child=1 2 -1 8 5 7 -6 -5 9 -4 12 -12 13 -11
right_child=-2 -3 3 4 6 -7 -8 -9 -10 10 11 -13 -14 -15
leaf_value=-0.016277446179891464 0.0142316629561318 -0.018275356300062242 0.002418388397733293 -0.027730447440621132 0.010481309703926993 0.02265495395067376 -0.023002275187977584 0.0052457148630802326 0.020617287872022941 0.0043815082713977499 -0.0037966528361236423 -0.025949337574565072 0.028330730269496757 -0.027830182930335581
leaf_weight=3.3746270202100268 4.1672153717372558 3.5847950582392505 219.71194488182664 3.1196832880377769 4.0685909464955357 8.1535329893231392 14.578263282775877 5.1144893802702427 4.2493315413594237 43.353177212178707 99.680285955779254 7.523668371140956 4.7891590334475032 3.2860884070396414
leaf_count=32 339 63 1358 22 22 43 99 29 21 261 616 51 25 19
internal_value=3.76108e-05 -0.000134813 6.25923e-05 0.000233195 -0.00499529 0.0072009 -0.0155348 -0.00889801 0.000723747 0.000446554 -0.00228255 -0.0055768 0.00455978 0.00157541
internal_weight=428.755 424.588 421.003 417.628 35.0346 16.3877 18.6469 8.23417 382.594 378.344 158.632 107.204 51.4284 46.6393
internal_count=3000 2661 2598 2566 215 94 121 51 2351 2330 972 667 305 280
cat_boundaries=0 1
cat_threshold=1
is_linear=0
shrinkage=0.03


Tree=230
num_leaves=15
num_cat=0
split_feature=25 14 28 29 26 29 38 33 37 12 20 19 16 14
split_gain=1.13982 1.93378 1.82872 1.63554 2.63592 1.95733 1.59082 4.14626 3.59702 5.90222 4.11895 7.65953 5.42654 4.929
threshold=0.91726499210002455 20.716666666666672 71.050000000000011 20.250000000000004 48.250000000000007 19.650000000000002 2.5000000000000004 22.500000000000004 12.500000000000002 -19.046829810901155 -1.0085650723026045 90.023575992604819 205.38333333333335 22.516666666666669
decision_type=2 2 8 10 2 10 2 2 2 2 2 2 2 2
left_child=1 -1 -2 5 -5 6 8 -8 9 -3 11 -10 -13 -12
right_child=2 3 -4 4 -6 -7 7 -9 10 -11 13 12 -14 -15
leaf_value=-0.017895152103244695 0.022516752599835363 -0.0040422704874355075 -0.0036216813347230577 -0.021997257443654061 0.0079552586823961324 0.020144080850230391 -0.019627816580364374 -0.00033755244129712772 0.038532389062580767 0.016515274379818999 -0.023568148038550781 -0.0087422882715380377 0.021936741731542905 0.0020986260092871775
leaf_weight=4.4826954975724211 4.1068539023399326 19.630910744890571 4.1081039384007463 6.2576278466731292 3.5041323802433908 3.4441846627742043 9.3950324347242695 285.40805401932448 4.2237139046192196 32.379749965155497 12.352451279759409 20.093094858340923 5.8847418650984755 13.282672923756762
leaf_count=42 21 128 23 43 29 21 75 2010 21 220 76 131 32 128
internal_value=3.36274e-05 -0.000194725 0.010471 3.85472e-05 -0.0115052 0.000343618 0.000124764 -0.00101659 0.00322535 0.00882615 -0.00205518 0.00538143 -0.00123706 -0.0106896
internal_weight=428.554 420.339 8.21496 415.856 9.76176 406.095 402.65 294.803 107.847 52.0107 55.8367 30.2016 25.9778 25.6351
internal_count=3000 2956 44 2914 72 2842 2821 2085 736 348 388 184 163 204
is_linear=0
shrinkage=0.03


Tree=231
num_leaves=15
num_cat=0
split_feature=12 25 10 23 26 23 4 18 3 15 41 9 41 10
split_gain=1.13308 2.05321 1.81392 1.55613 2.43803 1.74054 3.48116 4.45254 6.63222 4.41906 3.78125 3.62144 3.53323 3.46091
threshold=119.48565072302547 0.90389909987158867 2787.9400314721183 12.408950836761109 47.716666666666676 10.824726866317693 71.550000000000011 2135.3333333333339 172.85000000000005 14.050000000000002 84.791156768798842 8881.133333333335 81.655696868896499 2230.6521340686136
decision_type=2 2 2 2 2 2 2 2 2 2 2 2 2 2
left_child=2 -2 3 5 -5 -1 7 8 12 13 -10 -8 -7 -9
right_child=1 -3 -4 4 -6 6 11 9 10 -11 -12 -13 -14 -15
leaf_value=0.00064051646934309872 0.021736912264640917 -0.014005315267980595 -0.018471861759537966 0.020015639348473273 -0.006840138178029192 0.0069821058564726955 -0.023616567514487874 -0.029930739191509594 0.028771442784863679 0.015069311647171608 -0.0020213224086210162 0.0037720897517025975 -0.017467993134301207 0.0014503584222194457
leaf_weight=336.72249978035688 4.1228418317623428 1.2306869456078855 3.8103211801499119 7.3024720847606641 4.1639859788119793 9.3552205115556735 12.877450302243235 9.0090615525841731 10.786295779049395 3.334907814860343 4.9810557737946501 5.9658110551536074 10.182726915925739 4.494012512266635
leaf_count=2051 353 26 57 47 29 56 84 56 60 23 29 38 64 27
internal_value=3.4154e-05 0.0126093 -0.000154368 5.57052e-05 0.0104967 -0.000262903 -0.00449762 -0.000419728 0.00561848 -0.0126856 0.0195033 -0.0151922 -0.00599079 -0.0201068
internal_weight=428.339 5.35353 422.986 419.176 11.4665 407.709 70.9865 52.1433 35.3053 16.838 15.7674 18.8433 19.5379 13.5031
internal_count=3000 379 2621 2564 76 2488 437 315 209 106 89 122 120 83
is_linear=0
shrinkage=0.03


Tree=232
num_leaves=15
num_cat=1
split_feature=19 19 4 4 32 25 42 43 19 30 39 1 7 46
split_gain=1.15258 3.87947 3.31855 5.33415 4.80545 1.77372 1.75606 5.19087 3.78248 4.50862 4.18097 3.56193 3.54854 6.76047
threshold=84.827623624998751 86.721405998606571 57.750000000000007 62.150000000000013 17.500000000000004 0.90804378795808349 15.057237625122072 101.50000000000001 106.90770795882356 21.750000000000004 0.82025117739403464 21.500000000000004 0 212.88061523437503
decision_type=2 2 2 2 2 2 2 2 2 10 2 2 1 2
left_child=2 -2 5 -4 -5 -1 7 -3 9 10 -9 -10 13 -8
right_child=1 6 3 4 -6 -7 12 8 11 -11 -12 -13 -14 -15
leaf_value=-0.029792223171577845 0.021405444414116966 0.031638537779612064 0.022230996831240427 0.014268181990703288 -0.017259743400382783 -0.0020794449354270966 0.019281610593105479 0.026364150717863719 0.025599654688991579 -0.029758277473722467 -0.0080457907354741665 -0.0076698229701620069 -0.0029703639449087725 0.00054444248502269498
leaf_weight=5.1965679824352247 6.8232828453183165 5.0938157290220252 6.3762911856174496 5.4282948300242451 13.027012407779692 3.3680171594023705 19.158930353820324 3.4834800809621873 7.1944409646093828 4.6312263235449782 9.9546474926173669 3.8976861238479614 210.51812644046731 123.97768478072248
leaf_count=32 36 29 35 29 88 20 109 20 42 35 63 25 1544 893
internal_value=3.17317e-05 0.000489496 -0.00523584 0.000526477 -0.00772964 -0.020251 6.74937e-05 0.00645289 0.00115045 -0.00721111 0.00208229 0.0142415 -0.000567452 0.00296321
internal_weight=428.13 394.733 33.3962 24.8316 18.4553 8.56459 387.91 34.2553 29.1615 18.0694 13.4381 11.0921 353.655 143.137
internal_count=3000 2796 204 152 117 52 2760 214 185 118 83 67 2546 1002
cat_boundaries=0 1
cat_threshold=13188
is_linear=0
shrinkage=0.03


Tree=233
num_leaves=15
num_cat=2
split_feature=30 30 33 12 4 29 30 36 7 3 7 12 6 10
split_gain=1.11323 2.89251 1.74001 1.74453 4.30022 5.11363 3.23673 3.54101 5.55494 7.84545 4.4095 6.00137 4.97071 4.01793
threshold=13.15 14.750000000000002 35.500000000000007 -2.6880978865407568 80.950000000000017 16.950000000000003 30.550000000000004 2.5000000000000004 0 169.25000000000003 1 -17.321802002224931 8.5000000000000018 1504.6861276442221
decision_type=8 8 2 2 2 8 10 2 1 2 1 2 2 2
left_child=-1 -2 3 6 -5 -6 7 8 9 -3 11 13 -13 -9
right_child=1 2 -4 4 5 -7 -8 10 -10 -11 -12 12 -14 -15
leaf_value=0.01815836077509286 -0.019321302426358156 0.036578997776869897 -0.017639422477685785 0.0016884512790546766 -0.0092012696228989388 0.035433727098966437 -0.021147734705086206 0.034509888188602442 -0.01022648069257091 -0.0046769444748295053 -0.0013687677163441538 -0.011600129773661674 0.016978942827717856 0.010509915195976811
leaf_weight=2.0280161201953879 5.9291195673868051 5.7340761646628406 3.8534349463880053 125.0066641792655 2.8668115157633993 6.3247243985533723 5.9403544999659053 7.7910088151693335 49.895790189504623 10.30359375104308 150.88032063469291 16.529848247766498 6.9854555912315837 27.902427286840975
leaf_count=10 44 31 30 1059 21 49 42 42 343 61 961 96 38 173
internal_value=3.25118e-05 -9.61185e-05 0.000220521 0.000427783 0.00323021 0.0219754 -0.000912716 -0.000402465 -0.00641369 0.00715518 0.00150552 0.00768245 -0.00276415 0.0165463
internal_weight=427.972 425.944 420.015 416.161 134.198 9.19154 281.963 276.023 65.9335 16.0377 210.089 59.2087 23.5153 35.6934
internal_count=3000 2990 2946 2916 1129 70 1787 1745 435 92 1310 349 134 215
cat_boundaries=0 1 2
cat_threshold=33313 11526
is_linear=0
shrinkage=0.03


Tree=234
num_leaves=15
num_cat=1
split_feature=8 39 31 9 7 9 19 46 41 42 12 41 24 24
split_gain=1.12541 3.81635 1.9401 1.3223 4.81867 5.28123 4.51229 4.1451 6.15598 3.84038 3.82699 3.63505 5.38628 4.73324
threshold=2.5000000000000004 0.91372912801484241 3.5000000000000004 8515.633333333335 0 9019.466666666669 113.56445331206835 262.80073547363287 87.785755157470717 16.158638954162601 14.829922135706139 82.771633148193374 438.05000000000007 454.15000000000003
decision_type=2 2 8 2 1 2 2 2 2 2 2 2 2 2
left_child=3 -2 -3 7 -5 -6 -7 11 10 -10 -9 12 -1 -13
right_child=1 2 -4 4 5 6 -8 8 9 -11 -12 13 -14 -15
leaf_value=-0.010235842879902391 0.026599834329887932 -0.020880001170427469 0.0098911348219542245 -0.0061238706542689992 0.014822207527944473 -0.018609999652667991 0.003352876721255013 -0.020452926643985857 0.032188556560895427 -0.011685615082281463 0.010785558434917037 0.0061988951427193783 0.0059939327750702584 -0.0090230366521007587
leaf_weight=21.297947047278285 4.7732645659707469 2.9795440640300512 2.6054946663789451 41.791133136721328 34.423937307205051 8.3633133918046934 82.750877593411133 25.865564960055057 3.4498566538095465 2.3249511644244194 3.4282821617089203 24.975111116655171 105.66687603853643 63.025873947888613
leaf_count=135 28 22 20 340 218 58 719 175 18 37 38 150 640 402
internal_value=2.69518e-05 0.00934448 -0.00720276 -0.000226077 0.00183171 0.00462593 0.00115677 -0.00160501 -0.0110161 0.0154071 -0.0165617 -2.58143e-05 0.00321273 -0.00468187
internal_weight=427.722 10.3583 5.58504 417.364 167.329 125.538 91.1142 250.034 35.0687 5.77481 29.2938 214.966 126.965 88.001
internal_count=3000 70 42 2930 1335 995 777 1595 268 55 213 1327 775 552
cat_boundaries=0 1
cat_threshold=19081
is_linear=0
shrinkage=0.03


Tree=235
num_leaves=15
num_cat=0
split_feature=15 42 15 23 44 42 29 41 4 45 24 14 31 39
split_gain=1.10234 1.86409 1.79537 1.64108 1.49874 3.66094 2.75027 4.45696 2.78977 2.82989 2.24129 2.20542 4.90074 3.67481
threshold=15.41666666666667 18.594023704528812 14.483333333333336 11.542823427774378 2.311306476593018 16.494048118591312 14.550000000000002 77.583641052246108 70.350000000000009 1.811734735965729 480.51666666666671 23.350000000000005 2.5000000000000004 1.1560736560736562
decision_type=2 2 2 2 2 2 8 2 2 2 2 2 10 2
left_child=1 2 4 -3 5 11 -6 -8 9 -9 -11 -1 13 -13
right_child=-2 3 -4 -5 6 -7 7 8 -10 10 -12 12 -14 -15
leaf_value=0.0005636401303595719 0.013908565687641315 0.0071166262349143449 0.014068424069737389 -0.022220093803326953 -0.024992477777542363 0.018542936352230067 0.018226275368937808 -0.02793835467352242 0.009365400729536795 0.0094423968033737031 -0.015779784089892564 -0.019953805334505526 0.019645782713217166 0.0096792562308690329
leaf_weight=341.52278577908874 4.083942021476104 1.8324245125986625 7.154480271972715 5.1025021919049323 4.7914071008563033 8.7553949002176505 6.3627331368625191 6.7636869773268762 5.2788835167884818 5.2364188879728299 5.535877525806427 17.275915428996093 3.7737869024276725 4.0930452197790137
leaf_count=2085 339 29 54 83 29 55 38 41 33 31 32 110 19 22
internal_value=2.2065e-05 -0.000144304 0.000129775 -0.0145484 -0.000147503 0.000404762 -0.0060881 -0.0022584 -0.00849672 -0.014089 -0.00375865 -7.76053e-05 -0.00847625 -0.0140989
internal_weight=427.563 423.479 416.544 6.93493 409.39 375.421 33.969 29.1776 22.8149 17.536 10.7723 366.666 25.1427 21.369
internal_count=3000 2661 2549 112 2495 2291 204 175 137 104 63 2236 151 132
is_linear=0
shrinkage=0.03


Tree=236
num_leaves=15
num_cat=1
split_feature=6 39 12 39 24 28 41 39 24 11 30 18 7 10
split_gain=1.08732 3.60202 5.35284 4.47755 4.12092 3.3299 2.85747 2.5509 2.17476 2.54268 5.93306 4.80788 4.48118 4.48957
threshold=10.500000000000002 1.0867346938775515 -20.542380422692013 0.82025117739403464 482.7000000000001 58.350000000000001 86.245933532714858 1.4532019704433499 552.88333333333344 255469.00000000003 25.250000000000004 2123.8833333333337 0 2090.2723612667601
decision_type=2 2 2 2 2 8 2 2 2 2 10 2 1 2
left_child=7 2 6 -4 -5 -3 -2 8 9 -1 11 -11 -13 -14
right_child=1 5 3 4 -6 -7 -8 -9 -10 10 -12 12 13 -15
leaf_value=-0.0023677678978555098 -0.024294732481959309 0.0099372151157117311 -0.008857149442557808 0.039909735863095354 0.0010385353711539465 -0.024458779712025952 0.0095476538355876057 0.020380358873196953 0.0098058252669988213 0.014424436815083238 0.016010810576094735 0.0041892497307452004 -0.016864129025767283 -0.00038247956179703941
leaf_weight=220.30371932778507 6.5700815021991712 2.6770398509688649 4.8708516154438284 5.2703538849018496 4.1235428266227245 10.105581183452159 2.5565038211643696 4.7165498230606309 19.079709140583873 16.828333079814911 24.076479876413941 47.50417323759757 28.070903420448303 30.557284973096102
leaf_count=1416 49 17 44 34 33 72 16 25 127 100 178 377 189 323
internal_value=2.1837e-05 -0.00488181 0.00219805 0.013336 0.0245884 -0.0170569 -0.0148082 0.000486639 0.000191843 -0.000332774 0.00271163 -5.90725e-07 -0.00240111 -0.0072144
internal_weight=427.311 36.174 23.3913 14.2647 9.3939 12.7826 9.12659 391.137 386.421 367.341 147.037 122.961 106.132 58.6282
internal_count=3000 265 176 111 67 89 65 2735 2710 2583 1167 989 889 512
cat_boundaries=0 1
cat_threshold=36972
is_linear=0
shrinkage=0.03


Tree=237
num_leaves=15
num_cat=0
split_feature=41 41 30 41 13 1 43 44 45 41 42 45 15 30
split_gain=1.07705 1.67852 3.08786 1.47028 4.23021 3.69713 1.78667 3.54456 4.21403 3.55596 3.46969 3.81639 4.09419 3.02976
threshold=96.128074645996108 94.350978851318374 21.350000000000005 91.696506500244155 6.2343333333333346 21.500000000000004 116.50000000000001 2.2042297124862675 1.6541190147399905 86.46893692016603 17.522489547729496 1.7868555784225466 13.583333333333334 30.750000000000004
decision_type=2 2 10 2 2 2 2 2 2 2 2 2 2 10
left_child=1 3 -3 6 -5 -6 13 8 -8 10 11 12 -9 -1
right_child=-2 2 -4 4 5 -7 7 9 -10 -11 -12 -13 -14 -15
leaf_value=-0.00042069077666459894 -0.014277144369363486 0.031455632334717896 -0.010823775376824191 -0.02164358818748004 0.028932538187524261 -0.0098852271279641253 -0.013817584992811442 0.018205672340599457 0.015472857447664677 -0.0068765503868509987 -0.0070406329717625947 0.02311770735241802 -0.016409010996056836 -0.021962283072650992
leaf_weight=294.12985468655825 3.6859207926318041 3.0075386282987884 1.8877898559439925 8.7746189385652524 2.9832818482536814 4.1460111043415964 4.3635975867509833 4.6209229752421397 29.855120379477739 34.921473308000714 10.862597132800145 12.973481625318525 5.7929626330733299 4.9971776008605948
leaf_count=1806 99 36 19 63 44 47 28 24 170 325 185 82 35 37
internal_value=2.6918e-05 0.000184821 0.016081 -3.90546e-05 -0.00870691 0.00791913 0.000324151 0.00370409 0.0114514 -0.000237052 0.00653565 0.0128715 -0.000800176 -0.000852539
internal_weight=427.002 423.316 4.89533 418.421 15.9039 7.12929 402.517 103.39 34.2187 69.1714 34.25 23.3874 10.4139 299.127
internal_count=3000 2901 55 2846 154 91 2692 849 198 651 326 141 59 1843
is_linear=0
shrinkage=0.03


Tree=238
num_leaves=15
num_cat=0
split_feature=25 14 28 23 23 3 25 10 25 28 43 33 22 23
split_gain=1.10067 1.84092 1.73418 1.40853 2.75712 4.99178 3.74779 6.22549 4.57875 4.18705 6.43735 5.79655 5.98203 4.25341
threshold=0.91726499210002455 20.716666666666672 71.050000000000011 8.5200911884314934 9.7405421265728442 184.95000000000002 0.90940403453650664 1304.5114223650844 0.90182727457333012 66.450000000000017 116.50000000000001 30.500000000000004 434.71666666666675 9.1211828734272
decision_type=2 2 8 2 2 2 2 2 2 8 2 2 2 2
left_child=1 -1 -2 -3 5 6 8 -8 -5 10 11 12 -10 -11
right_child=2 3 -4 4 -6 -7 7 -9 9 13 -12 -13 -14 -15
leaf_value=-0.017597537281277338 0.021981808933591706 -0.0042133730352308055 -0.0035180265723035631 -0.0014199419731911621 -0.0014120931530626187 -0.016444410103138053 0.021764575223676495 -0.01218954447973186 0.032028071263893045 0.0064836676552617158 -0.022548031501624096 -0.01545476554572243 -0.002625960282956565 0.02525150697685025
leaf_weight=4.4031815677881232 4.1162017583847019 59.280881240963936 4.0732058957219133 32.576947439461946 212.94666130933911 9.087238557636736 5.3105267733335522 20.488800548017025 10.249887146055707 19.593761116266251 5.9899914525449267 5.2245047390460959 7.2179226949810973 26.213129714131355
leaf_count=42 21 388 23 206 1675 64 27 129 54 113 37 31 43 147
internal_value=2.54922e-05 -0.000199509 0.0102962 2.73902e-05 0.000745598 0.00396964 0.00547825 -0.0046491 0.00793904 0.0119967 0.00286108 0.0102368 0.0183418 0.0175336
internal_weight=426.773 418.583 8.18941 414.18 354.899 141.953 132.865 25.7993 107.066 74.4892 28.6823 22.6923 17.4678 45.8069
internal_count=3000 2956 44 2914 2526 851 787 156 631 425 165 128 97 260
is_linear=0
shrinkage=0.03


Tree=239
num_leaves=15
num_cat=0
split_feature=12 25 10 46 46 9 12 12 3 12 30 30 33 33
split_gain=1.09879 1.95957 1.75675 1.35222 2.15301 3.1418 2.44833 2.29199 2.28607 1.64719 2.02665 2.4787 2.29476 2.65745
threshold=119.48565072302547 0.90389909987158867 2787.9400314721183 388.88887023925787 362.39295959472662 10825.066666666668 -24.50289210233613 -75.015016685205993 171.25000000000003 -64.775417130144874 15.15 13.850000000000003 35.500000000000007 32.500000000000007
decision_type=2 2 2 2 2 2 2 2 2 2 8 10 2 2
left_child=2 -2 3 4 5 7 -6 -1 -7 -9 11 -11 13 -12
right_child=1 -3 -4 -5 6 8 -8 9 -10 10 12 -13 -14 -15
leaf_value=-0.022508772810665014 0.021583120681206436 -0.013449076693963603 -0.01831626912788609 0.015655369234991556 0.0029877328531235487 0.031127276712627414 -0.02510760884748723 0.014363572916487872 -0.00027765247660123605 0.0050262741604390551 -0.00039149978342413439 -0.024499458461122663 -0.021318058292619381 0.0083633687394835381
leaf_weight=3.0916092880070201 4.0177946209441862 1.2363805382046846 3.7424213988706461 3.9359844848513594 4.5713112875819206 4.049118496477603 5.4730030298233014 6.1162834614515296 3.5249447822570801 3.7161690108478052 340.81417387723923 5.567934162914753 3.4267263151705256 33.341232039034367
leaf_count=28 353 26 57 22 28 22 32 38 22 21 2096 36 27 192
internal_value=2.47824e-05 0.0125072 -0.000160108 4.59564e-05 -0.00013995 0.000217078 -0.0132082 -0.000171426 0.0181838 6.0988e-05 -0.000201583 -0.0133416 0.000155895 0.000408866
internal_weight=426.625 5.25418 421.371 417.628 413.693 403.648 10.0443 396.074 7.57406 392.983 386.866 9.2841 377.582 374.155
internal_count=3000 379 2621 2564 2542 2482 60 2438 44 2410 2372 57 2315 2288
is_linear=0
shrinkage=0.03


Tree=240
num_leaves=15
num_cat=0
split_feature=19 19 6 44 39 6 16 23 12 6 26 26 45 44
split_gain=1.08852 3.61855 3.58015 3.74594 3.33022 3.038 2.80184 6.34503 2.74661 2.43596 2.09596 2.69496 3.42569 4.62929
threshold=84.827623624998751 89.267006398896015 4.5000000000000009 2.1509848833084111 1.0867346938775515 6.5000000000000009 204.85000000000005 9.9618813708283511 -13.169521690767738 2.5000000000000004 35.050000000000004 38.150000000000006 1.6703610420227053 2.2468973398208623
decision_type=2 2 2 2 2 2 2 2 2 2 2 2 2 2
left_child=2 6 3 -1 5 -4 7 -2 -7 -5 -3 12 -12 -14
right_child=1 10 4 9 -6 8 -8 -9 -10 -11 11 -13 13 -15
leaf_value=-0.015936057164088812 -0.012207156033751805 -0.017797530310316969 -0.023397593547852327 0.00033283423927182577 -0.0277347775732316 -0.015542531713093721 0.027746182100623549 0.02690954227440031 0.014549746379786085 0.031131357140689691 -0.014916084070231416 -0.00055752857199050277 0.025576966003156891 -0.0063877790797099987
leaf_weight=3.3954613953828803 8.064466245472433 4.9998875372111788 3.7353568673133877 4.0940772518515569 7.0384037569165221 3.0844639688730222 6.2626385018229476 5.3756445199251166 7.4839162677526474 4.3735354170203209 3.1979683190584209 348.05399925936945 11.794563263654711 5.4868984837085
leaf_count=24 46 32 25 24 45 21 34 28 43 22 22 2530 64 40
internal_value=2.19382e-05 0.000467299 -0.00511176 0.00769137 -0.0122541 -0.00332207 0.0126758 0.00421841 0.00518274 0.0178483 -0.00020879 7.73527e-05 0.010391 0.0156338
internal_weight=426.441 393.236 33.2052 11.8631 21.3421 14.3037 19.7027 13.4401 10.5684 8.46761 373.533 368.533 20.4794 17.2815
internal_count=3000 2796 204 70 134 89 108 74 64 46 2688 2656 126 104
is_linear=0
shrinkage=0.03


Tree=241
num_leaves=15
num_cat=1
split_feature=23 39 23 1 41 44 39 22 25 23 3 22 15 7
split_gain=1.07959 2.47462 2.39488 3.24084 4.33178 3.02104 2.35487 3.05714 2.90346 2.2809 4.87856 4.3115 4.23308 4.56045
threshold=7.3683460204005442 0.93458850931677029 8.5200911884314934 23.500000000000004 81.362808227539077 2.2809736728668217 1.108550947260625 420.68333333333339 0.91051563280761305 9.7078591041052498 184.95000000000002 514.11666666666667 13.116666666666669 0
decision_type=2 2 2 2 2 2 2 2 2 2 2 2 2 1
left_child=1 -1 3 5 -5 6 -2 -8 -9 10 12 -11 -4 -14
right_child=2 -3 9 4 -6 -7 7 8 -10 11 -12 -13 13 -15
leaf_value=0.021924436329954396 -0.018003135801031408 -0.004388364563201361 -0.0045178093052921069 -0.013338432690531768 0.028860846871266391 0.0066586954905253556 0.01814743383976658 -0.025744113032921876 0.0096013877380856563 -0.001928337981901796 -0.016467069144932362 0.025164014754640543 -0.00039669697960710874 0.012640328431195128
leaf_weight=5.325785890221594 24.709370102733374 5.9853416755795479 31.027104146778584 3.0551073253154746 4.0737404078245163 7.9793729186058036 3.7019723579287511 4.2555937357246876 2.7827702276408672 218.03223344124854 9.2128904610872251 4.4196996339596799 45.828783687204123 55.956209298223257
leaf_count=28 182 32 194 22 23 48 22 33 18 1709 67 28 280 314
internal_value=2.01652e-05 0.0087754 -0.000238964 -0.00629131 0.01136 -0.00937923 -0.0130728 -0.00116283 -0.0123135 0.000615495 0.00357235 -0.00127986 0.00507512 0.00801483
internal_weight=426.346 11.3111 415.035 50.5579 7.12885 43.4291 35.4497 10.7403 7.03836 364.477 142.025 222.452 132.812 101.785
internal_count=3000 60 2940 348 45 303 255 73 51 2592 855 1737 788 594
cat_boundaries=0 1
cat_threshold=19672
is_linear=0
shrinkage=0.03


Tree=242
num_leaves=15
num_cat=1
split_feature=16 7 14 19 16 4 12 12 14 28 20 29 16 19
split_gain=1.0755 7.10209 6.58416 5.10215 5.09495 4.27048 4.46048 6.01659 4.22797 4.14279 4.11639 4.07479 3.48758 9.83388
threshold=205.35000000000005 0 21.583333333333339 96.241404986272002 205.21666666666667 57.050000000000004 -2.9489432703005223 -22.343381535039104 21.250000000000004 77.750000000000014 -1.1156840934371919 12.850000000000003 204.98333333333338 94.584229921008728
decision_type=2 1 2 2 2 2 2 2 2 8 2 10 2 2
left_child=4 2 3 -2 12 -5 7 8 -7 10 11 -3 -1 -14
right_child=1 9 -4 5 -6 6 -8 -9 -10 -11 -12 -13 13 -15
leaf_value=-0.0007644747709136604 -0.014566132247789151 -0.0040797783756123815 0.040581568519780523 0.033688061677970671 -0.018100834671427729 -0.0084481977067786471 0.028717293969418835 -0.024220142274896075 0.03080510402199866 -0.022561514546004059 -0.01479440025663455 0.031750368965606894 0.04175546458997717 1.6923270387569882e-05
leaf_weight=320.32540448196232 6.5962255075573948 5.8936078548431414 5.6791270449757567 5.9827119037508991 13.404785260558127 4.0092874988913589 4.4850827604532197 5.8180222511291495 4.2672189697623253 11.098920617252586 8.1852417811751383 4.2049049697816372 5.7711089551448849 20.348801642656326
leaf_count=2338 45 38 29 28 85 30 25 40 24 81 56 25 30 126
internal_value=3.02955e-05 0.00351426 0.0106183 0.00736686 -0.000618794 0.0135964 0.00573663 -0.00299418 0.0129292 -0.0067288 6.44645e-05 0.012356 0.000107778 0.0104385
internal_weight=426.07 66.2204 36.8377 31.1585 359.85 24.5623 18.5796 14.0945 8.27651 29.3827 18.2838 10.0985 346.445 26.1199
internal_count=3000 421 221 192 2579 147 119 94 54 200 119 63 2494 156
cat_boundaries=0 1
cat_threshold=17842
is_linear=0
shrinkage=0.03


Tree=243
num_leaves=15
num_cat=2
split_feature=32 42 20 19 45 7 42 6 18 4 7 42 1 39
split_gain=1.07161 1.17241 6.19301 3.95606 3.31547 5.19643 4.48495 4.40313 6.10132 4.28185 3.63224 3.58147 3.40868 4.7367
threshold=14.500000000000002 15.040167331695558 -1.1156840934371919 108.82484400646588 1.6955268383026125 0 15.166438579559328 3.5000000000000004 2052.7000000000003 59.150000000000013 1 15.562839984893801 20.500000000000004 1.0315270935960592
decision_type=2 2 2 2 2 1 2 2 2 2 1 2 2 2
left_child=-1 2 -2 -4 5 6 -3 8 -7 -8 12 -10 -6 -14
right_child=1 4 3 -5 10 7 9 -9 11 -11 -12 -13 13 -15
leaf_value=-0.014607447200890864 0.016104669045715059 -0.017074376117609213 -0.014751132067136163 0.015802654283603633 -0.00090382090032082869 0.026124024355001767 -0.0096523869285047633 -0.016013207818232709 -0.019056928065435855 0.026563701738303951 -0.0028236813303013108 0.012513825049583822 0.012288307477359097 -0.00070109005935641672
leaf_weight=3.4512337404303244 20.43327883258462 3.3661801815032986 14.216424658894541 4.1879378706216803 78.629939787322655 5.2404993921518352 3.3376932963728896 41.500929310917854 9.271321199834345 10.739777266979216 121.80771507695317 3.9017786756157866 64.942310370737687 40.793215241050348
leaf_count=37 122 22 98 25 571 29 20 273 60 61 900 24 473 285
internal_value=3.56194e-05 0.00018949 0.00508814 -0.00734249 -0.000318505 -0.00582602 0.00687088 -0.00919345 0.00147459 0.0179064 0.00108747 -0.00948274 0.00362934 0.00731733
internal_weight=425.82 422.369 38.8376 18.4044 383.531 77.3582 17.4437 59.9145 18.4136 14.0775 306.173 13.1731 184.365 105.736
internal_count=3000 2963 245 123 2718 489 103 386 113 81 2229 84 1329 758
cat_boundaries=0 1 2
cat_threshold=1314 45972
is_linear=0
shrinkage=0.03


Tree=244
num_leaves=15
num_cat=0
split_feature=12 28 41 28 23 38 43 3 19 28 30 38 43 42
split_gain=1.06552 2.93074 4.09114 3.48457 3.65003 3.38393 3.16646 3.07685 2.81331 5.48965 2.13473 4.07081 3.76695 3.08516
threshold=-36.303003337041375 59.850000000000001 79.021240234375014 51.650000000000013 9.7280551253094441 3.5000000000000004 102.50000000000001 182.75000000000003 118.26223682123081 65.550000000000011 28.150000000000002 2.5000000000000004 112.50000000000001 16.17731857299805
decision_type=2 8 2 10 2 2 2 2 2 10 8 2 2 2
left_child=1 2 -1 -4 -5 6 -3 10 -7 -10 13 12 -12 -8
right_child=-2 5 3 4 -6 8 7 -9 9 -11 11 -13 -14 -15
leaf_value=-0.010860877389707957 0.00073849122988303001 0.025488260631098165 -0.0046787683160027767 0.002216611571284847 0.042434136646456358 -0.021149052335252223 -0.015640168377272716 -0.027292122883437298 -0.022987397204774773 0.018716227515664839 0.016374237287105489 0.026056110011626697 -0.023395225477678635 0.014805221428641335
leaf_weight=6.7479739338159588 348.8932130408939 2.9388599470257786 4.2166928313672525 3.3860281556844711 4.5488022537901998 16.968819584697489 9.7546124979853683 3.0926634250208727 4.3267590058967453 5.0886541437357664 2.9228873327374441 5.6311822682619095 3.8353307023644447 3.2616482228040686
leaf_count=47 2436 16 26 22 28 140 70 26 44 35 19 35 31 25
internal_value=3.27755e-05 -0.00314472 0.00686566 0.0167869 0.027441 -0.00647781 0.000230642 -0.00314978 -0.0141876 -0.0008153 0.000711368 0.0092531 -0.00630162 -0.0074991
internal_weight=425.614 76.7209 18.8995 12.1515 7.93483 57.8214 31.4372 28.4983 26.3842 9.41541 25.4057 12.3894 6.75822 13.0163
internal_count=3000 564 123 76 50 441 222 206 219 79 180 85 50 95
is_linear=0
shrinkage=0.03


Tree=245
num_leaves=15
num_cat=0
split_feature=12 4 22 45 1 1 44 44 10 23 4 14 9 22
split_gain=1.06127 1.80271 2.0298 1.43897 2.05443 3.17672 1.82591 2.75945 2.18993 2.15087 1.86736 4.01826 5.65847 4.13436
threshold=101.42146829810883 58.95000000000001 443.01666666666671 1.9146810770034792 20.500000000000004 22.500000000000004 2.3661520481109624 2.3418912887573247 1827.3140327642664 9.2124353738434177 61.45000000000001 21.150000000000002 8925.3833333333369 457.60000000000008
decision_type=2 2 2 2 2 2 2 2 2 2 2 2 2 2
left_child=3 2 -2 6 -5 -6 7 10 -8 -9 -1 12 -12 -13
right_child=1 -3 -4 4 5 -7 8 9 -10 -11 11 13 -14 -15
leaf_value=0.0028360374263748682 0.015462065174202844 0.019451865682403219 -0.027393350080140662 -0.023727226086519209 0.019797196628015219 -0.017576825622456625 -0.0039567788095242525 0.0028739336124755268 0.025821071255375593 -0.02595404990942218 -0.028192053933735695 -0.0029253349443301947 0.0083505704599349268 0.0060364601498657617
leaf_weight=150.12819239497185 0.95365090039558653 5.0383100823964924 1.1855382383801041 4.5787724368274194 3.0816991431638598 3.1092838216573 3.4225062802433959 3.3462321758270246 4.3080365583300591 5.4969304427504539 9.9766302891075593 161.72597972676158 5.2694786302745333 63.774234227836132
leaf_count=868 79 299 25 47 27 31 20 19 26 35 83 1018 36 387
internal_value=3.26401e-05 0.0107361 -0.00944885 -0.000176226 -0.0105177 0.00119289 0.000122203 -0.000173805 0.0136945 -0.0158619 0.000220694 -0.00141521 -0.0158253 -0.000375368
internal_weight=425.395 7.1775 2.13919 418.218 10.7698 6.19098 407.448 399.718 7.73054 8.84316 390.875 240.746 15.2461 225.5
internal_count=3000 403 104 2597 105 58 2492 2446 46 54 2392 1524 119 1405
is_linear=0
shrinkage=0.03


Tree=246
num_leaves=15
num_cat=1
split_feature=16 7 14 16 19 4 1 28 41 16 19 42 15 44
split_gain=1.07079 6.63437 6.01255 4.85457 4.79527 3.93884 3.93115 3.92784 3.42571 3.38101 9.03208 4.20748 4.58678 3.19582
threshold=205.35000000000005 0 21.583333333333339 205.21666666666667 96.241404986272002 57.050000000000004 21.500000000000004 77.750000000000014 83.930133819580092 204.98333333333338 94.584229921008728 15.535909652709963 13.216666666666667 2.1340209245681767
decision_type=2 1 2 2 2 2 2 8 2 2 2 2 2 2
left_child=3 2 4 9 -2 -6 -7 -3 -5 13 -11 12 -12 -1
right_child=1 7 -4 8 5 6 -8 -9 -10 10 11 -13 -14 -15
leaf_value=-0.017421938901259804 -0.014185001046746361 0.00011708107662167037 0.03884700666537648 -0.027510543773096183 0.032444059405720947 0.015307537644221733 -0.012129865569823737 -0.022068078824743761 0.0037059678116290956 0.03997593520912196 -0.020803737502596696 0.019435134601048558 0.012211272734375505 -0.00023248568911219157
leaf_weight=9.0499876067042333 6.5075136348605183 18.18044259399176 5.7590129673480979 8.9280522316694242 6.0364548787474659 12.090687409043314 6.4306860119104376 10.861738871783016 4.3271171674132338 5.8725569993257549 9.029590457677843 5.995126247406005 5.2533693462610236 310.85359768918715
leaf_count=59 45 119 29 60 28 77 42 81 25 30 60 35 31 2279
internal_value=2.93736e-05 0.00351592 0.0103424 -0.000617744 0.00723679 0.0132462 0.00564781 -0.00648117 -0.0177749 8.87613e-05 0.0102538 0.000172001 -0.00865614 -0.000771546
internal_weight=425.176 65.8665 36.8244 359.309 31.0653 24.5578 18.5214 29.0422 13.2552 346.054 26.1506 20.2781 14.283 319.904
internal_count=3000 421 221 2579 192 147 119 200 85 2494 156 126 91 2338
cat_boundaries=0 1
cat_threshold=17842
is_linear=0
shrinkage=0.03


Tree=247
num_leaves=15
num_cat=0
split_feature=32 12 12 42 33 43 42 42 6 26 1 33 33 10
split_gain=1.04296 1.13121 2.75217 3.2244 3.86463 4.24511 2.89019 3.584 3.43398 3.25318 3.15205 3.88352 2.27898 2.68659
threshold=14.500000000000002 -36.303003337041375 -39.885428253615316 15.39254665374756 29.500000000000004 106.50000000000001 15.56923294067383 15.741800785064699 1.5000000000000002 44.983333333333341 21.500000000000004 28.500000000000004 28.500000000000004 1863.2943548580836
decision_type=2 2 2 2 2 2 2 2 2 2 2 2 2 2
left_child=-1 2 3 4 5 -2 -5 9 -9 -8 12 -12 -10 -14
right_child=1 -3 -4 6 -6 -7 7 8 10 -11 11 -13 13 -15
leaf_value=-0.014461304755335136 -0.0082083653046689294 0.00091088142809906455 -0.01482285317380932 -0.019135527030095616 -0.0090358924267489836 0.029567681980360236 0.026198819303602128 0.016232335031854877 -0.030996871924418783 -0.0062029796542217869 0.015970624309941214 -0.018180868762296905 -0.023323424988293383 0.015694246804897595
leaf_weight=3.422957621049135 3.2033023759722736 345.91310682031326 13.626271119341252 8.7325072661042196 5.6991263329982749 8.6070591136813146 5.9993518292903882 4.0124714896082905 7.0751832351088542 4.104729063808918 5.7695022951811534 4.3792354809120297 2.0299100577831268 2.3649675394408405
leaf_count=37 24 2405 106 63 40 52 34 24 65 32 38 39 19 22
internal_value=3.10949e-05 0.00018273 -0.00311722 -0.000349131 0.0102123 0.0194808 -0.00464088 -0.0006744 -0.00662697 0.0136626 -0.0113998 0.000925127 -0.0215045 -0.00331004
internal_weight=424.94 421.517 75.6036 61.9773 17.5095 11.8104 44.4679 35.7354 25.6313 10.1041 21.6188 10.1487 11.4701 4.39488
internal_count=3000 2963 558 452 116 76 336 273 207 66 183 77 106 41
is_linear=0
shrinkage=0.03


Tree=248
num_leaves=15
num_cat=0
split_feature=41 41 30 41 13 22 43 20 12 24 16 19 20 22
split_gain=1.03816 1.59241 2.92669 1.41684 3.96045 3.1134 1.68708 3.9488 3.78724 4.41594 3.8121 3.7342 5.64204 3.67542
threshold=96.128074645996108 94.350978851318374 21.350000000000005 91.696506500244155 6.2343333333333346 462.31666666666672 116.50000000000001 2.0961067853169575 -33.121802002224925 552.03333333333342 204.15000000000001 100.73900629689793 -0.33726362625144174 443.35000000000008
decision_type=2 2 10 2 2 2 2 2 2 2 2 2 2 2
left_child=1 3 -3 6 -5 -6 7 -1 -8 10 13 -12 -13 -10
right_child=-2 2 -4 4 5 -7 8 -9 9 -11 11 12 -14 -15
leaf_value=-0.00036220467440623927 -0.014061826249404429 0.030668362008565517 -0.010565612318350556 -0.021166934772762262 0.019259499911123107 -0.018459487736834007 -0.008373491425279489 -0.026508569097820834 0.0054360582307807458 0.032380549570977517 0.00018010886040596024 0.037413782439159042 0.0023069269933454709 -0.010897521281874874
leaf_weight=293.29546899348497 3.6560018425807348 2.9970667820889494 1.8772460145410148 8.6758267041295749 5.0486084339208892 2.0003824757877737 18.504333009943366 4.293094962835311 33.884738092077896 4.4969403760042033 11.740966834127905 8.5896617248654383 7.4679766446351996 18.237280129920691
leaf_count=1818 99 36 19 63 72 19 152 25 345 34 67 42 42 167
internal_value=2.67539e-05 0.000182092 0.0156927 -3.67199e-05 -0.00859202 0.00759196 0.00031974 -0.000826916 0.00361124 0.00630557 0.00445637 0.0132164 0.022179 -0.000376552
internal_weight=424.766 421.11 4.87431 416.235 15.7248 7.04899 400.51 297.589 102.922 84.4176 79.9206 27.7986 16.0576 52.122
internal_count=3000 2901 55 2846 154 91 2692 1843 849 697 663 151 84 512
is_linear=0
shrinkage=0.03


Tree=249
num_leaves=15
num_cat=1
split_feature=15 41 41 41 18 9 41 3 33 7 20 33 16 8
split_gain=1.04364 1.47906 1.45037 1.4637 3.25021 1.75971 1.54147 2.51284 2.36575 1.91626 4.22655 3.76263 3.12471 6.69845
threshold=15.41666666666667 96.128074645996108 94.350978851318374 91.696506500244155 2108.8000000000006 9081.5000000000018 90.66666412353517 173.75000000000003 35.500000000000007 0 -3.2975528364850386 28.500000000000004 204.71666666666667 1.0000000180025095e-35
decision_type=2 2 2 2 2 2 2 2 2 1 2 2 2 2
left_child=1 2 3 6 -5 -6 8 -8 9 10 11 -1 -12 -14
right_child=-2 -3 -4 4 5 -7 7 -9 -10 -11 12 -13 13 -15
leaf_value=0.032388688717933822 0.013716539712188473 -0.017713000744488387 0.015030911816757357 -0.020731565869485637 0.021436982438749766 -0.0064386893708339131 -0.0045550381282257668 0.028092783599550464 -0.02197430930478371 0.0013957071884563184 -0.0092341369196995825 -0.0069816716077341443 0.014147221199812592 -0.014297854269970822
leaf_weight=4.2960375621914855 3.9537406382150939 3.2640846860595039 4.7332391245290628 8.1824291944503766 2.6437827860936514 3.859462701715529 3.546910796314477 3.5196078317239881 3.3904677294194689 289.88795992685482 61.170678764116019 3.2111716866493225 17.288895495235924 11.596523486077784
leaf_count=27 339 27 26 52 16 30 22 22 26 1796 403 25 110 79
internal_value=2.69165e-05 -0.000134002 4.55044e-05 -0.000162333 -0.00915122 0.00624038 0.00019153 0.0131726 -7.61891e-05 0.00017151 -0.00325458 0.0167071 -0.00544125 0.00263118
internal_weight=424.545 420.591 417.327 412.594 14.6857 6.50325 397.908 7.06652 390.842 387.451 97.5633 7.50721 90.0561 28.8854
internal_count=3000 2661 2634 2608 98 46 2510 44 2466 2440 644 52 592 189
cat_boundaries=0 1
cat_threshold=18507
is_linear=0
shrinkage=0.03


Tree=250
num_leaves=15
num_cat=0
split_feature=25 28 29 3 29 44 30 30 3 3 3 25 46 22
split_gain=1.03631 1.68471 1.59258 2.11612 1.80377 1.53991 1.44083 3.05972 1.78865 4.38183 2.2259 3.46929 5.80469 3.6615
threshold=0.91726499210002455 71.050000000000011 20.250000000000004 173.65000000000001 19.650000000000002 2.2271734476089482 14.850000000000003 13.550000000000002 193.50000000000003 188.85000000000005 181.35000000000005 0.90220910865800541 289.58074951171881 421.85000000000008
decision_type=2 8 10 2 10 2 8 10 2 2 2 2 2 2
left_child=2 -2 4 5 6 -4 7 -1 9 10 -8 -12 13 -13
right_child=1 -3 3 -5 -6 -7 8 -9 -10 -11 11 12 -14 -15
leaf_value=0.011338233656771423 0.02155755891591624 -0.003614140767869155 -0.012110700968253719 -0.024851500442706148 0.019095039921177007 0.015428707819509606 -0.00047579794453922887 -0.02504196219708639 0.019149255074540707 -0.02281837917680057 0.017412223367765763 -0.004917920823797042 -0.017908322055033166 0.018899150185892024
leaf_weight=2.5362632200121871 4.0958225876092884 4.0476407259702691 2.7507267668843252 4.396915624383837 3.4548811572603872 2.5738283705431968 338.37449183198623 4.7245372356846929 3.4141622902825466 6.4662303240038446 15.810147212352602 9.5095347389578873 9.5646095299161953 12.681671705096958
leaf_count=14 21 23 19 33 21 21 2411 38 25 51 125 57 67 74
internal_value=2.8429e-05 0.0100192 -0.00019057 -0.0116034 0.000110147 0.00153617 -9.94284e-05 -0.0124998 0.000158967 -5.45147e-05 0.000384868 0.00639119 0.000540132 0.00892092
internal_weight=424.401 8.14346 416.258 9.72147 406.537 5.32456 403.082 7.2608 395.821 392.407 385.94 47.566 31.7558 22.1912
internal_count=3000 44 2956 73 2883 40 2862 52 2810 2785 2734 323 198 131
is_linear=0
shrinkage=0.03


Tree=251
num_leaves=15
num_cat=0
split_feature=6 39 12 39 24 28 41 39 33 3 39 3 25 39
split_gain=1.04177 3.4258 5.05938 4.18024 3.78691 3.0918 2.62378 2.38458 2.08824 2.07406 5.95279 2.6267 2.39132 2.61401
threshold=10.500000000000002 1.0867346938775515 -20.542380422692013 0.82025117739403464 482.7000000000001 58.350000000000001 86.245933532714858 1.4532019704433499 20.500000000000004 185.35000000000005 1.2149234693877553 184.35000000000005 0.90055023396994804 0.82025117739403464
decision_type=2 2 2 2 2 8 2 2 2 2 2 2 2 2
left_child=7 2 6 -4 -5 -3 -2 8 -1 11 12 -10 -11 -14
right_child=1 5 3 4 -6 -7 -8 -9 9 10 -12 -13 13 -15
leaf_value=-0.02080475200822075 -0.02384919916575497 0.0093016493326682683 -0.0086389586152440714 0.038434070198205661 0.0010903681388974367 -0.023991724777907002 0.0087708743618460285 0.019758468931732224 0.00060939976817784593 0.0031771855351897726 0.025078244252184041 0.017928791377742011 -0.0012974270073525037 -0.028009911683646218
leaf_weight=3.2147461909335098 6.3948071217164379 2.6696023303084049 4.8159455147106227 5.2790898189414275 4.099513158435002 9.919916263082996 2.5554030612111092 4.6921389680355778 350.37751754350029 5.0106336814351442 3.1895349808037272 7.0654201623983672 4.8273175293579689 10.133223214186726
leaf_count=30 49 17 44 34 33 72 16 25 2452 44 19 50 37 78
internal_value=2.79671e-05 -0.00480159 0.00213178 0.012942 0.0237885 -0.0167669 -0.0145903 0.000483365 0.000196996 0.000428441 -0.00808081 0.00100081 -0.0143199 -0.0200119
internal_weight=424.245 35.7343 23.1448 14.1945 9.3786 12.5895 8.95021 388.511 383.818 380.604 23.1607 357.443 19.9712 14.9605
internal_count=3000 265 176 111 67 89 65 2735 2710 2680 178 2502 159 115
is_linear=0
shrinkage=0.03


Tree=252
num_leaves=15
num_cat=0
split_feature=19 19 6 41 41 6 14 10 18 45 15 3 23 3
split_gain=1.02221 3.46957 3.38563 3.28734 4.0452 3.12564 1.59109 8.80685 3.06689 3.95945 3.54606 4.17901 4.0271 3.27942
threshold=84.827623624998751 86.721405998606571 4.5000000000000009 77.583641052246108 75.982597351074233 2.5000000000000004 21.750000000000004 1321.693888949143 2167.0333333333338 1.7491478323936465 12.883333333333335 175.65000000000001 9.8092145027452169 179.25000000000003
decision_type=2 2 2 2 2 2 2 2 2 2 2 2 2 2
left_child=2 -2 5 4 -4 -1 7 -3 9 10 12 -12 -9 -13
right_child=1 6 3 -5 -6 -7 -8 8 -10 -11 11 13 -14 -15
leaf_value=-0.0081509219287699067 0.020166031030205932 0.039551340889544158 -0.016539225282707605 -0.019735705852067065 0.024243506279252858 0.020694207676713601 -0.00096727574227953512 -0.0061814692530349803 0.01583836502584134 0.019538053855067197 -0.017679405362794234 0.017308835747956629 0.016823286992476344 -0.0089176319818057952
leaf_weight=5.5779360905289632 6.8794474005699149 4.7444943860173217 3.3268172815442112 14.272593803703783 3.4794856384396553 6.2265831530094147 300.25251917121932 13.619417354464533 9.9325220733880979 6.4082911238074294 21.65321234613657 6.4775448143482199 12.035952754318712 9.1117482259869558
leaf_count=35 36 25 22 93 19 35 2233 96 58 36 144 39 70 59
internal_value=2.78889e-05 0.000459813 -0.00497137 -0.0119743 0.0047444 0.00749206 5.55571e-05 0.00368069 0.00106675 -0.00124539 -0.00363553 -0.00944605 0.00483723 0.00236627
internal_weight=423.999 391.115 32.8834 21.0789 6.8063 11.8045 384.236 83.9832 79.2387 69.3062 62.8979 37.2425 25.6554 15.5893
internal_count=3000 2796 204 134 41 70 2760 527 502 444 408 242 166 98
is_linear=0
shrinkage=0.03


Tree=253
num_leaves=15
num_cat=0
split_feature=12 4 22 42 42 14 20 39 41 15 41 24 42 33
split_gain=1.02307 1.69804 1.91113 1.51092 2.43536 3.34708 2.04948 1.63969 4.23469 3.32568 5.83406 7.76159 3.60301 6.43406
threshold=101.42146829810883 58.95000000000001 443.01666666666671 17.522489547729496 16.712339401245121 24.150000000000002 2.3853170189098676 1.2471198156682031 89.714187622070327 13.816666666666668 81.406761169433608 493.66666666666669 15.957225799560549 26.500000000000004
decision_type=2 2 2 2 2 2 2 2 2 2 2 2 2 2
left_child=3 2 -2 4 7 -6 -5 9 -9 12 11 -11 -1 -14
right_child=1 -3 -4 6 5 -7 -8 8 -10 10 -12 -13 13 -15
leaf_value=-0.0010594793683509631 0.01531941882703778 0.019213324146252989 -0.026266577223021881 -0.027703836475090084 0.024449199437510252 -0.0095848198885851808 -0.0021244066794574279 0.0087297924782991313 -0.019809201231326574 -0.011055969188146029 -0.017147120609640389 0.020462966785397163 -0.010516720717325716 0.014552948668143207
leaf_weight=252.43287308514118 0.93593264557421152 4.9182489274535328 1.2004896495491264 3.1153179416432968 7.0442623198032361 3.1890019476413727 9.5552034676074964 37.198514208197594 4.376934014260768 15.73123772442341 27.396912939846516 11.143881179392336 11.711516506969927 33.845101930201054
leaf_count=1594 79 299 25 59 46 20 59 201 27 95 168 63 73 192
internal_value=3.32254e-05 0.0106233 -0.00897263 -0.000171047 0.000160418 0.0139341 -0.00998013 -0.000231854 0.00533059 -0.00090159 -0.00766039 0.00227873 0.000350877 0.00802068
internal_weight=423.795 7.05467 2.13642 416.741 404.07 10.2333 12.6705 393.837 41.5754 352.262 54.272 26.8751 297.989 45.5566
internal_count=3000 403 104 2597 2479 66 118 2413 228 2185 326 158 1859 265
is_linear=0
shrinkage=0.03


Tree=254
num_leaves=15
num_cat=0
split_feature=8 39 28 20 46 20 8 39 12 24 26 33 16 20
split_gain=1.01345 3.6384 1.76115 1.43279 1.67496 1.58766 3.61405 1.86916 1.47579 4.07597 3.65989 2.7795 2.76397 2.32305
threshold=2.5000000000000004 0.91372912801484241 46.000000000000007 -4.2016685205784681 315.77348327636724 -3.5496106785317605 1.0000000180025095e-35 1.0244897959183674 -36.303003337041375 477.86666666666673 39.850000000000009 30.500000000000004 205.81666666666669 -1.3489432703003821
decision_type=2 2 10 2 2 2 2 2 2 2 2 2 2 2
left_child=3 -2 -3 4 -1 6 7 -5 9 10 -7 -12 -11 -10
right_child=1 2 -4 5 -6 8 -8 -9 13 12 11 -13 -14 -15
leaf_value=-0.023056511271690464 0.025719188969289077 0.0090338490528511211 -0.020467165298492004 0.0040596052720822569 0.0033224425019421429 -0.015307136690770036 -0.010585614914647261 0.032842167771033659 0.0048563182061218194 -0.017429562729376041 0.013169183473533762 -0.011373638978461647 0.011522986418766794 -0.00094956308105910989
leaf_weight=4.2048158165998748 4.7688370938412827 2.5894712344743311 2.9261534747201949 3.8346830550581199 3.3292213715612888 6.9142400026321438 4.2545228749513617 4.2480735033750534 80.499623554758728 21.272000750526789 18.796322061680261 4.4289259389042845 2.7186777666211119 258.66241321153939
leaf_count=39 28 18 24 27 31 50 31 24 476 178 119 33 20 1902
internal_value=3.03273e-05 0.00890067 -0.00735624 -0.000211431 -0.0123765 4.44e-05 0.0102242 0.0211373 -0.000300052 -0.00485271 0.00249877 0.0082127 -0.0138188 0.00043868
internal_weight=423.448 10.2845 5.51562 413.164 7.53404 405.629 12.3373 8.08276 393.292 54.1302 30.1395 23.2252 23.9907 339.162
internal_count=3000 70 42 2930 70 2860 82 51 2778 400 202 152 198 2378
is_linear=0
shrinkage=0.03


Tree=255
num_leaves=15
num_cat=0
split_feature=23 4 23 29 39 43 29 20 41 25 3 23 31 29
split_gain=1.00116 2.39309 2.23664 2.75494 2.86078 3.87227 2.47213 2.48981 3.08636 2.56282 2.26934 2.16841 4.71038 4.1108
threshold=7.3683460204005442 60.150000000000013 8.5200911884314934 16.550000000000004 1.108550947260625 113.50000000000001 10.350000000000003 -1.48743047830929 81.362808227539077 0.9068547913297561 173.05000000000004 9.7078591041052498 1.5000000000000002 13.450000000000001
decision_type=2 2 2 10 2 2 10 2 2 2 2 2 8 10
left_child=1 -1 3 4 6 10 7 -2 -9 -10 -6 12 13 -4
right_child=2 -3 11 -5 5 -7 -8 8 9 -11 -12 -13 -14 -15
leaf_value=0.024284207826180043 -0.021099582142573639 -0.0023202150477271031 -0.00070847971060882052 0.012768444390067366 -0.027330715915174067 0.019022863552286093 -0.027788538918597845 -0.013117457801685361 0.023834279191005354 -0.0082923412484301549 0.0027885623845488304 -0.0012516172045475256 0.0068155478080388883 -0.025593395634151254
leaf_weight=4.0711940377950651 7.6359538324177292 7.2219524309039116 31.892484948039055 5.2853323780000201 3.0579640343785268 6.0649620667099953 7.3254780992865554 8.1699021384120005 4.7183461040258399 3.0069858729839325 4.6874898411333561 220.78339516744018 103.03413799777627 6.3690648302435866
leaf_count=18 63 42 195 37 23 34 54 58 27 21 31 1737 617 43
internal_value=2.93317e-05 0.00846596 -0.00022184 -0.00610738 -0.00857159 0.00265682 -0.0135227 -0.00812987 -0.00101925 0.0118122 -0.0108682 0.000604713 0.00349376 -0.00539722
internal_weight=423.325 11.2931 412.031 49.9524 44.6671 13.8104 30.8567 23.5312 15.8952 7.72533 7.74545 362.079 141.296 38.2615
internal_count=3000 60 2940 348 311 88 223 169 106 48 54 2592 855 238
is_linear=0
shrinkage=0.03


Tree=256
num_leaves=15
num_cat=1
split_feature=30 43 30 19 44 19 39 23 30 45 15 7 45 23
split_gain=0.992286 3.43756 2.17405 2.83367 3.09571 2.8481 3.60099 2.13253 1.76701 1.50197 5.8152 4.01807 6.01961 5.59459
threshold=30.750000000000004 117.50000000000001 27.550000000000004 100.99289780656035 2.2014546394348149 116.40295985589775 0.98430141287284145 10.301098882517069 27.250000000000004 1.7224487066268923 13.316666666666668 0 1.6969273090362551 11.36211685470138
decision_type=10 2 10 2 2 2 2 2 10 2 2 1 2 2
left_child=2 -2 8 4 -4 6 -5 -7 9 10 11 -1 13 -13
right_child=1 -3 3 5 -6 7 -8 -9 -10 -11 -12 12 -14 -15
leaf_value=0.0070508246475903241 -0.022678717564464289 0.013274020181475788 0.011429979022464287 0.041564423749003508 -0.026392829833412158 -0.017894414989299459 0.0038389480797529126 0.013731417218611092 -0.01997942649318887 0.0015523986283638676 -0.010256751321985131 -0.013092600310175782 0.0098018088673891418 0.02270423620324433
leaf_weight=51.128066875040531 5.3272318691015226 3.0206514904275537 3.2392053268849876 4.7182182744145376 2.7101757451891899 2.4566468223929396 4.1550458148121834 3.3140995274297893 3.0496758511289945 222.86941770813428 53.566407449543476 40.921406514942646 19.281005822122097 3.4268089681863776
leaf_count=315 40 26 20 23 20 16 23 39 24 1706 340 277 111 20
internal_value=2.52229e-05 -0.00964104 0.000242457 0.00951126 -0.00711833 0.0162905 0.0260769 -0.000386364 -0.000264541 -6.02962e-05 -0.00219215 0.00162834 -0.00334403 -0.00988689
internal_weight=423.184 8.34788 414.836 20.5934 5.94938 14.644 8.87326 5.77075 394.243 391.193 168.324 114.757 63.6292 44.3482
internal_count=3000 66 2934 141 40 101 46 55 2793 2769 1063 723 408 297
cat_boundaries=0 1
cat_threshold=17714
is_linear=0
shrinkage=0.03


Tree=257
num_leaves=15
num_cat=1
split_feature=30 30 3 3 3 14 46 2 30 14 1 24 3 4
split_gain=0.99811 2.56676 1.54063 2.86728 1.72132 3.25601 4.52703 3.80802 5.79684 3.03994 3.39508 3.25693 2.98756 3.82631
threshold=13.15 14.750000000000002 193.50000000000003 188.85000000000005 178.65000000000001 22.450000000000003 318.01301574707037 0 17.250000000000004 21.983333333333338 22.500000000000004 514.25000000000011 174.05000000000004 67.850000000000009
decision_type=8 8 2 2 2 2 2 1 10 2 2 2 2 2
left_child=-1 -2 3 4 12 9 7 8 -7 11 -11 -6 -3 -14
right_child=1 2 -4 -5 5 6 -8 -9 -10 10 -12 -13 13 -15
leaf_value=0.017145221762395663 -0.018535033895956586 0.00091989613393500134 0.017635413194920867 -0.017411601319484164 -0.00085368526056090843 -0.013972492599543324 -0.0069565031914237529 0.025860384443540458 0.018818820985569681 -0.016909735912029888 0.012112308918949736 0.023132741940901178 -3.9768819786767471e-05 -0.013920370727461287
leaf_weight=2.0445931479334822 5.6851197457872322 243.25162360537797 3.5131774782203129 7.3294885540381065 21.283392231911424 7.388601198326799 10.39310002280399 14.970740684773771 10.652266433462499 14.839112393558027 3.9188929274678221 5.6710073426365843 41.642950862646103 30.320651297457516
leaf_count=10 44 1733 26 58 136 48 122 89 59 92 23 31 295 234
internal_value=2.9992e-05 -9.36009e-05 0.000202853 1.17062e-05 0.000369722 0.0040266 0.00981485 0.0151443 0.00536069 -0.00156191 -0.0105403 0.00483987 -0.000673607 -0.00599876
internal_weight=422.905 420.86 415.175 411.662 404.332 89.1171 43.4047 33.0116 18.0409 45.7124 18.758 26.9544 315.215 71.9636
internal_count=3000 2990 2946 2920 2862 600 318 196 107 282 115 167 2262 529
cat_boundaries=0 1
cat_threshold=1
is_linear=0
shrinkage=0.03


Tree=258
num_leaves=15
num_cat=0
split_feature=46 42 16 22 44 42 10 4 44 4 18 22 16 30
split_gain=1.00487 2.95719 2.95508 3.27276 3.03491 2.55092 3.42797 3.00929 2.76169 2.75448 2.22599 3.79807 4.58087 4.05255
threshold=331.21324157714849 15.760251998901369 204.18333333333337 431.61666666666673 2.1781527996063237 16.142793655395511 2314.3385268530983 63.750000000000007 2.3328434228897099 57.250000000000007 2144.9333333333338 367.46666666666675 203.58333333333334 20.150000000000002
decision_type=2 2 2 2 2 2 2 2 2 2 2 2 2 10
left_child=10 2 -2 4 -4 7 -7 -3 -8 -10 -1 -12 13 -13
right_child=1 5 3 -5 -6 6 8 -9 9 -11 11 12 -14 -15
leaf_value=0.00049241680329930617 0.027275265648021539 0.0023798429625300484 0.0078576916418513776 0.016305358185346855 -0.028184042552786674 -0.016143092686014233 0.026389169322554855 -0.026309597946975894 -0.022039943689663308 0.014016530909005591 0.018121492695409289 0.012516663012844468 -0.015953953484061419 -0.011323885122793325
leaf_weight=316.54123118380085 6.6929759830236462 6.1541386470198649 3.56218224018812 7.7255353182554245 3.1705209091305733 3.9513807818293563 5.8227738570421916 5.7157619968056679 2.320773612940684 3.4869112854357809 4.4885833221487692 12.909996932838114 29.242232002317905 10.927277153823523
leaf_count=1997 36 34 21 44 23 24 37 40 71 246 29 103 209 86
internal_value=3.05542e-05 0.00404334 0.0122073 0.00391889 -0.0105647 -0.00245487 0.00541665 -0.0124059 0.0134396 -0.00151281 -0.000500162 -0.00587313 -0.00819977 0.00157198
internal_weight=422.712 48.603 21.1512 14.4582 6.7327 27.4517 15.5818 11.8699 11.6305 5.80768 374.109 57.5681 53.0795 23.8373
internal_count=3000 576 124 88 44 452 378 74 354 317 2424 427 398 189
is_linear=0
shrinkage=0.03


Tree=259
num_leaves=15
num_cat=2
split_feature=34 6 26 2 46 15 39 16 41 19 14 3 7 45
split_gain=1.01138 1.07382 4.76986 4.21689 3.98236 2.7225 2.1935 4.22089 4.07175 4.05188 4.93413 3.12874 2.84742 3.7671
threshold=14.500000000000002 10.500000000000002 44.916666666666671 0 205.468620300293 13.283333333333337 1.2471198156682031 205.51666666666668 89.714187622070327 126.91525716522716 21.81666666666667 185.35000000000005 1 1.8075435161590578
decision_type=2 2 2 1 2 2 2 2 2 2 2 2 1 2
left_child=-1 6 3 5 -4 -3 11 8 9 10 -8 12 13 -2
right_child=1 2 4 -5 -6 -7 7 -9 -10 -11 -12 -13 -14 -15
leaf_value=-0.014346577477562735 0.0022350340317208867 -0.0269799928129641 0.0097444840560943005 0.020981387412037839 -0.021814265915196959 0.0054936308335273741 0.046798497583352416 -0.019577142683131366 -0.017552283206059043 -0.010812980523472921 0.012059887506690717 -0.011179577877826139 -0.0015978676670018893 0.017600385771380341
leaf_weight=3.3590235565789035 107.56848546303809 2.935114324092865 4.0435105040669468 8.1375354125630128 14.544659009436144 5.024232133757323 3.6867441236972835 3.7798006683588019 3.2955552306957534 4.4313720411155364 23.901269651949406 20.631567086093128 201.45992951397784 15.65319683216512
leaf_count=37 644 22 22 47 138 30 16 24 36 44 123 164 1433 220
internal_value=2.96094e-05 0.000178711 -0.00480047 0.00693949 -0.0148022 -0.00815623 0.000639272 0.00728121 0.0106158 0.0139588 0.0181768 -0.000131551 0.000602656 0.00399158
internal_weight=422.452 419.093 34.6851 16.0969 18.5882 7.95935 384.408 39.0947 35.3149 32.0194 27.588 345.313 324.682 123.222
internal_count=3000 2963 259 99 160 52 2704 243 219 183 139 2461 2297 864
cat_boundaries=0 1 2
cat_threshold=1 9876
is_linear=0
shrinkage=0.03


Tree=260
num_leaves=15
num_cat=1
split_feature=16 7 29 39 16 30 26 14 28 16 19 30 15 44
split_gain=0.99544 6.07106 5.96901 5.03077 4.66033 4.23351 3.34591 3.93981 3.1838 3.12449 8.13342 3.15936 3.42979 3.07692
threshold=205.35000000000005 0 17.050000000000004 0.9225041367898511 205.21666666666667 19.950000000000003 41.350000000000009 21.116666666666671 74.550000000000011 204.98333333333338 94.584229921008728 20.750000000000004 13.116666666666669 2.1340209245681767
decision_type=2 1 10 2 2 8 2 2 10 2 2 10 2 2
left_child=4 2 3 -2 9 -3 -5 -8 -7 13 -11 12 -12 -1
right_child=1 5 -4 6 -6 8 7 -9 -10 10 11 -13 -14 -15
leaf_value=-0.017176632876503117 0.029963668914948473 0.011965155434402932 -0.021824320367173841 -0.014857768756832354 -0.01754095812449824 -0.01944910876653998 -0.0099721561999403449 0.022392280273970513 0.006392216562690109 0.037772996291444531 -0.0080154123896592384 -0.015512571204364327 0.020630384978290513 -0.00021076645946358633
leaf_weight=8.9312230721116048 13.756969161331652 6.6235117875039604 3.1676355004310599 4.3061295151710537 13.040631756186484 18.25992059707642 4.1723292507231227 10.169759422540663 4.9877180680632582 5.9804678484797504 5.9462251737713832 6.5908064916729918 7.5947100073099136 308.65432715881616
leaf_count=59 80 39 23 29 85 131 31 54 34 30 38 44 44 2279
internal_value=2.656e-05 0.00339865 0.0101114 0.0168199 -0.000599825 -0.00599682 0.00609215 0.0129407 -0.0138699 9.19816e-05 0.00986845 0.000183723 0.00836503 -0.000740303
internal_weight=422.182 65.444 35.5728 32.4052 356.738 29.8712 18.6482 14.3421 23.2476 343.698 26.1122 20.1317 13.5409 317.586
internal_count=3000 421 217 194 2579 204 114 85 165 2494 156 126 82 2338
cat_boundaries=0 1
cat_threshold=17587
is_linear=0
shrinkage=0.03


Tree=261
num_leaves=15
num_cat=0
split_feature=43 42 45 45 30 44 22 43 38 26 16 20 22 29
split_gain=1.07716 2.26542 2.26816 2.96155 2.86483 2.42847 2.36089 2.00811 8.01879 5.93363 5.24117 4.81933 4.59634 9.42028
threshold=96.500000000000014 14.670602321624758 1.6426314711570742 1.6573674678802492 26.350000000000005 2.0726854801177983 438.68333333333339 108.50000000000001 4.5000000000000009 50.31666666666667 205.15000000000001 -1.0805339265851577 469.21666666666675 13.950000000000001
decision_type=2 2 2 2 8 2 2 2 2 2 2 2 2 10
left_child=-1 -2 4 6 5 -3 -4 8 10 -10 12 -12 13 -5
right_child=1 2 3 7 -6 -7 -8 -9 9 -11 11 -13 -14 -15
leaf_value=0.015833093676080819 -0.018100842798299578 0.018770040470974369 -0.022171933128177671 -0.006534123662018808 0.019851589175018312 -0.0083585477281152842 0.0012451732799365425 0.0013413618805681979 -0.024150128816701304 0.013072891133719594 0.0052011957844444482 -0.031390512433352877 0.022614491553088506 0.027579609412478116
leaf_weight=2.8443500846624366 5.212613482028245 3.1397904902696636 8.8350398615002614 30.972282886505127 10.567057713866232 9.5163938291370851 6.2265040650963774 288.87967883213423 20.851035498082641 4.0109499245882025 5.4130557179450989 6.2462872713804227 10.852731756865976 8.4375231340527517
leaf_count=18 43 18 62 194 61 62 41 2141 146 25 32 46 64 47
internal_value=2.53428e-05 -0.000119354 0.000150153 -0.0004011 0.00905852 -0.000746749 -0.0130164 0.000137902 -0.00383773 -0.0178717 0.00199147 -0.0153333 0.00623098 0.00127128
internal_weight=422.005 419.161 413.948 390.725 23.2232 12.6562 15.0615 375.664 86.7839 24.862 61.9219 11.6593 50.2625 39.4098
internal_count=3000 2982 2939 2798 141 80 103 2695 554 171 383 78 305 241
is_linear=0
shrinkage=0.03


Tree=262
num_leaves=15
num_cat=1
split_feature=30 30 33 12 26 46 7 3 30 14 46 9 45 37
split_gain=0.991563 2.43475 1.48664 1.58352 4.04685 4.06349 4.9603 3.72778 6.1192 4.08629 3.4669 3.36986 4.58711 3.34124
threshold=13.15 14.750000000000002 35.500000000000007 -2.6880978865407568 44.416666666666671 223.36878967285159 0 163.25000000000003 20.650000000000002 22.483333333333338 278.07301330566412 6162.8500000000013 1.7634618878364565 11.500000000000002
decision_type=8 8 2 2 2 2 1 2 8 2 2 2 2 2
left_child=-1 -2 3 -3 -5 11 7 9 10 -7 -9 12 -6 -8
right_child=1 2 -4 4 5 6 13 8 -10 -11 -12 -13 -14 -15
leaf_value=0.017080500927502906 -0.018155410631666046 -0.00090456259444349955 -0.016603108796940394 -0.0033914227179194911 -0.0086627979375443181 -0.014387879799214602 0.020057469342298628 0.038353754952890055 -0.022009385542450074 0.037413888877671844 -0.0053284845982866924 0.032944141922132103 0.025951900823250291 0.0015669914265430476
leaf_weight=2.0457074642181388 5.6152343477588138 278.22628708463162 3.6917659305036059 52.166735936421901 6.6604842096567172 1.7075986713171034 18.446048746351153 1.7702125813812042 16.203432806767523 2.1261018295772374 3.4908384033478796 7.8112526703625909 5.4139420646242797 16.392905719345436
leaf_count=10 44 1787 30 361 39 11 204 12 166 36 48 43 36 173
internal_value=2.47965e-05 -9.87325e-05 0.00018926 0.000380299 0.0030711 0.00727387 0.00325461 -0.0060145 -0.0131905 0.0161373 0.0131477 0.0186909 0.00765561 0.00910346
internal_weight=421.769 419.723 414.108 410.416 132.19 80.0228 60.1371 25.2982 21.4645 3.8337 5.26105 19.8857 12.0744 34.839
internal_count=3000 2990 2946 2916 1129 768 650 273 226 47 60 118 75 377
cat_boundaries=0 1
cat_threshold=38927
is_linear=0
shrinkage=0.03


Tree=263
num_leaves=15
num_cat=0
split_feature=25 28 14 29 26 29 42 20 33 11 37 15 4 42
split_gain=1.0089 1.60039 1.57151 1.488 2.45273 1.71562 1.32582 4.60701 3.72825 3.36859 3.1024 3.03674 5.3841 3.02188
threshold=0.91726499210002455 71.050000000000011 20.716666666666672 20.250000000000004 48.250000000000007 19.650000000000002 15.040167331695558 -1.1156840934371919 26.500000000000004 234314.50000000003 12.500000000000002 13.050000000000002 71.15000000000002 15.434672832489015
decision_type=2 8 2 10 2 10 2 2 2 2 2 2 2 2
left_child=2 -2 -1 5 -5 6 7 8 -4 -10 -9 12 -8 -13
right_child=1 -3 3 4 -6 -7 11 10 9 -11 -12 13 -14 -15
leaf_value=-0.01667934248971847 0.021157946527486492 -0.0034777919995086408 -0.0078240046465911234 -0.021524965543794513 0.0077015675779084853 0.018802731664785417 -0.0016037637825271696 0.0016410442771460083 0.037965974967832314 0.0076966480880370763 -0.027656382411592531 0.0072094623191275081 -0.025711256084668704 -0.00069280377261882317
leaf_weight=4.1354688070714465 4.0792730748653385 3.9987788647413263 4.0744986981153515 6.0029804389923793 3.4402491308283061 3.4653251552954307 32.625960148870945 12.44679421186447 6.1317389309406263 7.3841442763805389 3.3569367453455916 50.933377981185913 10.269985593855379 269.1035493274685
leaf_count=42 21 23 27 43 29 21 201 80 31 42 26 317 76 2021
internal_value=2.98112e-05 0.00992308 -0.000187003 1.99097e-05 -0.0111596 0.000311158 0.000102559 0.00573238 0.0159002 0.0230984 -0.00585765 -0.000429779 -0.00782973 0.000583369
internal_weight=421.449 8.07805 413.371 409.236 9.44323 399.792 396.327 33.3941 17.5904 13.5159 15.8037 362.933 42.8959 320.037
internal_count=3000 44 2956 2914 72 2842 2821 206 100 73 106 2615 277 2338
is_linear=0
shrinkage=0.03


Tree=264
num_leaves=15
num_cat=0
split_feature=16 16 39 38 46 14 23 16 19 43 15 44 26 22
split_gain=0.992602 4.38521 3.26366 5.63199 4.8021 5.05477 4.10519 2.96565 7.51717 3.18301 3.32546 2.96652 2.86591 3.50951
threshold=205.35000000000005 205.21666666666667 0.9225041367898511 1.5000000000000002 279.89645385742193 21.150000000000002 9.5623783771920614 204.98333333333338 94.584229921008728 109.50000000000001 13.216666666666667 2.1340209245681767 38.45000000000001 371.15000000000003
decision_type=2 2 2 2 2 2 2 2 2 2 2 2 2 2
left_child=1 7 4 -4 5 -2 -6 11 -9 -10 -11 -1 13 -13
right_child=2 -3 3 -5 6 -7 -8 8 9 10 -12 12 -14 -15
leaf_value=-0.016945279970623141 -0.017448357616095742 -0.01714317888194147 0.025287310851961099 -0.0071816013459552134 0.0051332234315103467 0.013079988990313535 0.043758912624657809 0.036202404639847419 -0.013647041794952875 -0.0051228949979002141 0.02439108837288928 -0.00026944994133023273 -0.0010235132720556274 0.023738304801238092
leaf_weight=8.8536327704787237 6.8503929302096429 12.85611856728792 4.6360011845827094 32.00096607208252 4.791981212794779 11.925318598747252 4.8900289684534073 6.0657103955745724 7.9080885648727444 6.4392561689019185 5.730742871761322 12.592389630386608 287.10293311229907 8.6723571680486184
leaf_count=59 53 85 28 213 31 72 24 30 53 42 31 82 2149 48
internal_value=2.82262e-05 -0.000596713 0.0034054 -0.00251031 0.0108481 0.00162252 0.0269119 7.07953e-05 0.00958916 0.000213044 0.00957173 -0.00074133 -0.000222823 0.010148
internal_weight=421.316 356.221 65.0947 36.637 28.4577 18.7757 9.68201 343.365 26.1438 20.0781 12.17 317.221 308.368 21.2647
internal_count=3000 2579 421 241 180 125 55 2494 156 126 73 2338 2279 130
is_linear=0
shrinkage=0.03


Tree=265
num_leaves=15
num_cat=0
split_feature=8 39 31 20 46 20 8 39 43 43 39 46 30 22
split_gain=0.983204 3.4131 1.65684 1.35913 1.63699 1.47572 3.4235 1.7602 1.44647 1.89452 6.6268 3.28866 2.88765 3.65125
threshold=2.5000000000000004 0.91372912801484241 3.5000000000000004 -4.2016685205784681 315.77348327636724 -3.5496106785317605 1.0000000180025095e-35 1.0244897959183674 96.500000000000014 105.50000000000001 1.1560736560736562 277.34468078613287 25.250000000000004 395.18333333333339
decision_type=2 2 8 2 2 2 2 2 2 2 2 2 8 2
left_child=3 -2 -3 4 -1 6 7 -5 -7 10 12 -12 13 -10
right_child=1 2 -4 5 -6 8 -8 -9 9 -11 11 -13 -14 -15
leaf_value=-0.0228061645633942 0.025027086372687139 -0.020030457982898858 0.0086848222546398891 0.0038205990823385184 0.0033760024039802866 0.018565159975507776 -0.010498134727240734 0.031680959048935302 0.0061446244544010598 0.00034965575612980936 0.00034831552038641693 0.0332608636105221 -0.0032772384954070782 -0.025377714521499669
leaf_weight=4.1218398949131361 4.7720691123977286 2.8473375914618373 2.6053340616635978 3.8251697355881316 3.311504109762609 2.6283744275569907 4.2162175476551047 4.2963942550122738 3.7015102282166508 338.05100065749139 6.2196451276540738 3.9033873453736305 20.928083896636963 15.642710838466881
leaf_count=39 28 22 20 27 31 16 31 24 24 2434 35 21 138 110
internal_value=3.34325e-05 0.00879359 -0.00709043 -0.000205404 -0.012125 4.36656e-05 0.00985691 0.0204164 -0.000290277 -0.000465203 -0.00583171 0.0148885 -0.0112746 -0.0193404
internal_weight=421.071 10.2247 5.45267 410.846 7.43334 403.412 12.3378 8.12156 391.075 388.446 50.3953 10.123 40.2723 19.3442
internal_count=3000 70 42 2930 70 2860 82 51 2778 2762 328 56 272 134
is_linear=0
shrinkage=0.03


Tree=266
num_leaves=15
num_cat=2
split_feature=32 42 20 45 7 6 11 33 18 3 7 28 36 36
split_gain=0.981121 1.0754 5.90158 3.04687 5.31635 4.61527 5.81901 5.26746 4.11511 3.82417 3.48 3.28008 4.70309 5.7639
threshold=14.500000000000002 15.057237625122072 -1.1156840934371919 1.6955268383026125 0 3.5000000000000004 227643.00000000003 30.500000000000004 2115.4333333333338 165.45000000000002 1 60.650000000000013 3.5000000000000004 5.5000000000000009
decision_type=2 2 2 2 1 2 2 2 2 2 1 10 2 2
left_child=-1 2 -2 4 9 6 -6 -7 -9 -3 -5 12 -12 -14
right_child=1 3 -4 10 5 7 -8 8 -10 -11 11 -13 13 -15
leaf_value=-0.014176325766705722 0.015347967259297749 0.033897128187185481 -0.0071521075761986396 -0.0035315451169945873 0.020197047039811282 -0.022011724659890045 -0.01241806653315141 -0.012701473786802815 0.024990573317399071 0.0025204020747270485 -0.0068401321373629288 0.0073969687805566457 0.010995890361032509 -0.0086267701473003305
leaf_weight=3.3271750872954717 21.196874815970659 3.8579174652695682 19.054596625268459 94.56596574629657 7.6697471961379078 30.968690268695354 10.407680243253706 5.0577842369675619 3.6070157811045647 13.132405400276182 51.147254449082538 93.766659078886732 44.931822086218745 18.207702900283039
leaf_count=37 126 21 131 711 43 213 69 33 23 79 385 684 319 126
internal_value=3.54979e-05 0.000182334 0.00478151 -0.000319634 -0.00570355 -0.00919875 0.00175296 -0.016378 0.00395137 0.00715564 0.00102379 0.00312094 -0.000150349 0.00529098
internal_weight=420.899 417.572 40.2515 377.321 74.7012 57.7109 18.0774 39.6335 8.6648 16.9903 302.619 208.053 114.287 63.1395
internal_count=3000 2963 257 2706 481 381 112 269 56 100 2225 1514 830 445
cat_boundaries=0 1 2
cat_threshold=1314 17507
is_linear=0
shrinkage=0.03


Tree=267
num_leaves=15
num_cat=0
split_feature=30 43 30 19 19 39 38 30 22 29 23 22 23 30
split_gain=0.973775 3.30522 1.97652 2.69801 2.61691 3.35053 2.29772 1.66727 1.64667 1.56019 1.60158 4.98164 3.66851 5.25665
threshold=30.750000000000004 117.50000000000001 27.550000000000004 100.99289780656035 116.40295985589775 0.98430141287284145 3.5000000000000004 27.250000000000004 432.98333333333341 7.9500000000000011 9.7078591041052498 514.11666666666667 9.1211828734272 21.650000000000002
decision_type=10 2 10 2 2 2 2 10 2 8 2 2 2 8
left_child=2 -2 7 8 5 -5 -6 9 -4 -1 12 -12 -11 -14
right_child=1 -3 3 4 6 -7 -8 -9 -10 10 11 -13 13 -15
leaf_value=0.015500848080135712 -0.022505176344211366 0.012893061030264144 -0.020246193354860734 0.039994219802635199 -0.016296796498457795 0.003624471665296055 0.016481560020515186 -0.019518934497636913 0.0075103411315673363 -0.001683804647452849 -0.0028867540357068503 0.026995149185158152 -0.0046366774559113335 0.012364577601494091
leaf_weight=4.7297056829556814 5.2386726662516576 3.0080999636556953 2.9242604449391392 4.7268517762422544 2.950858663301914 4.1497539132833481 2.7534859091974795 2.9948973571881643 3.0017262808978558 111.78268123045564 195.04610337177292 4.1584027092903844 23.536815606057644 49.662754397839308
leaf_count=29 40 26 21 23 31 23 24 24 19 722 1556 26 146 290
internal_value=3.3118e-05 -0.00959532 0.000248394 0.00910339 0.0157361 0.0250801 -0.000376329 -0.000236938 -0.00713213 -3.87762e-05 -0.00026983 -0.00213125 0.00173538 0.00690913
internal_weight=420.665 8.24677 412.418 20.5069 14.581 8.87661 5.70434 391.911 5.92599 388.916 384.187 199.205 184.982 73.1996
internal_count=3000 66 2934 141 101 46 55 2793 40 2769 2740 1582 1158 436
is_linear=0
shrinkage=0.03


Tree=268
num_leaves=15
num_cat=0
split_feature=12 25 10 23 26 23 4 19 36 11 3 12 30 15
split_gain=0.992649 1.72058 1.65607 1.57116 1.97151 1.57396 2.74316 4.29767 5.49531 3.9971 3.64386 4.93658 3.51537 2.91523
threshold=119.48565072302547 0.90389909987158867 2787.9400314721183 12.515966792364912 47.716666666666676 10.824726866317693 71.550000000000011 116.40295985589775 2.5000000000000004 266434.00000000006 174.85000000000005 -20.836818687430597 23.050000000000004 13.550000000000002
decision_type=2 2 2 2 2 2 2 2 2 2 2 2 10 2
left_child=2 -2 3 5 -5 -1 7 8 -7 -8 -10 -12 13 -9
right_child=1 -3 -4 4 -6 6 9 12 10 -11 11 -13 -14 -15
leaf_value=0.00061827706627403344 0.020972605957173991 -0.012267377782010511 -0.018035671378137854 0.020089933523457181 -0.0050476731464814996 0.024891170704936932 -0.023003753260270193 -0.032702338921627237 -0.010393227256438263 0.0054441103192518691 -0.013529458113644564 0.026098495686302618 0.011563230407181336 -0.0049883455174977226
leaf_weight=330.94818934053183 3.7744032489135853 1.2215621036011723 3.6022443855181328 6.5282180681824666 3.9444242771714926 8.5386722162365896 12.50598329305649 6.3154618218541163 15.921259678900244 6.1388680003583422 3.7573417574167252 6.4845529273152334 3.578256879001855 7.212798286229372
leaf_count=2051 353 26 57 43 28 50 85 41 98 39 25 33 22 49
internal_value=3.52155e-05 0.0121547 -0.000139351 6.04736e-05 0.0110074 -0.000251777 -0.00429024 -0.000657624 0.00539282 -0.0138369 -0.0016528 0.0116503 -0.0125514 -0.0192866
internal_weight=420.472 4.99597 415.476 411.874 10.4726 401.401 70.4532 51.8083 34.7018 18.6449 26.1632 10.2419 17.1065 13.5283
internal_count=3000 379 2621 2564 71 2493 442 318 206 124 156 58 112 90
is_linear=0
shrinkage=0.03


Tree=269
num_leaves=15
num_cat=0
split_feature=46 25 45 45 33 25 30 26 41 41 18 25 18 30
split_gain=0.975288 2.85374 6.70964 3.60041 3.34354 3.44768 2.82248 4.46542 3.67647 3.37379 2.04295 3.93382 3.24869 3.42724
threshold=331.21324157714849 0.9043232070122299 1.6894734501838686 1.7658076882362368 25.500000000000004 0.89343631875030194 23.650000000000002 49.45000000000001 82.982395172119155 87.238288879394545 2144.9333333333338 0.90647886035424496 2180.4500000000003 21.150000000000002
decision_type=2 2 2 2 2 2 10 2 2 2 2 2 2 8
left_child=10 2 -2 -4 -5 -6 7 8 -3 -10 -1 12 13 -12
right_child=1 6 3 4 5 -7 -8 -9 9 -11 11 -13 -14 -15
leaf_value=0.000460480847034911 0.035303177106934404 -0.017151596442064307 -0.021571979185416725 0.026228332406769552 0.022821734494411515 -0.017089865254707584 0.026062690158444365 0.033463183334079459 0.025301605454386828 -0.01065673362471917 0.011950356388735303 -0.014797209607364479 0.021570026233459678 -0.0097007453071108266
leaf_weight=315.05102945817634 2.5046433582901981 7.291331562213605 10.01014042645693 2.7479940985795102 1.6781547255814055 6.5785085679963231 6.7862629140727213 2.7506170868873587 4.5557542373426259 3.3112107254564762 8.5969102298840898 23.516396008431911 4.768081664107739 20.125074067618698
leaf_count=1997 13 54 64 76 155 106 41 13 30 24 62 166 37 162
internal_value=3.30287e-05 0.00400242 -0.00342085 -0.00943013 0.00249137 -0.00738879 0.0109303 0.00412102 -0.00294483 0.0106718 -0.000490711 -0.00566487 0.000990871 -0.00303622
internal_weight=420.272 48.2146 23.5194 21.0148 11.0047 8.25666 24.6952 17.9089 15.1583 7.86696 372.057 57.0065 33.4901 28.722
internal_count=3000 576 414 401 337 261 162 121 108 54 2424 427 261 224
is_linear=0
shrinkage=0.03


Tree=270
num_leaves=15
num_cat=1
split_feature=16 7 16 16 28 16 41 19 9 18 33 24 16 19
split_gain=0.951861 5.47715 4.54604 4.16018 4.02029 3.28805 3.24091 3.07788 3.21059 5.16492 2.98954 3.14646 2.85885 6.91591
threshold=205.35000000000005 0 205.55000000000004 205.21666666666667 59.750000000000007 205.95000000000002 83.930133819580092 96.663148959393297 7724.5833333333348 2111.4500000000003 32.500000000000007 535.25000000000011 204.98333333333338 94.584229921008728
decision_type=2 1 2 2 8 2 2 2 2 2 2 2 2 2
left_child=3 2 -2 12 5 -3 -5 -4 -9 -10 11 -6 -1 -14
right_child=1 4 7 6 10 -7 -8 8 9 -11 -12 -13 13 -15
leaf_value=-0.00072405094649750739 0.028116201549383758 -0.0080258433449873021 -0.013973009083451022 -0.026623280110084455 -0.020934962690399784 0.027523670371238939 0.0040611201038256786 0.031745767651770507 -0.01691790295841257 0.017879338645626051 0.012936518358616039 0.01142637822716396 0.034760362733741015 0.00034166897037716506
leaf_weight=316.27806884725578 10.786761239171026 3.8353994488716152 5.0646478161215809 8.4376897290348989 18.543398834764965 3.8710239604115486 4.2583324313163748 3.8544218465685871 5.7610437572002393 7.9218208119273186 2.7881386056542388 2.4891876801848403 6.1427311748266247 19.948227792978287
leaf_count=2338 58 24 37 60 142 21 25 20 40 47 17 15 30 126
internal_value=3.96712e-05 0.00335113 0.0100453 -0.000573468 -0.00529088 0.0109414 -0.0167864 0.00485128 0.0107481 0.00307389 -0.0129032 -0.0167602 7.48926e-05 0.00942902
internal_weight=419.981 64.9158 33.3887 355.065 31.5271 7.70642 12.696 22.6019 17.5373 13.6829 23.8207 21.0326 342.369 26.091
internal_count=3000 421 202 2579 219 45 85 144 107 87 174 157 2494 156
cat_boundaries=0 1
cat_threshold=17586
is_linear=0
shrinkage=0.03


Tree=271
num_leaves=15
num_cat=0
split_feature=39 39 41 45 16 26 19 39 41 4 42 23 23 22
split_gain=0.958809 1.54714 3.71493 4.12121 3.70126 2.74868 2.12088 1.7695 1.72181 1.68035 1.49344 1.4547 4.20254 3.91535
threshold=0.49935358758888176 0.67316729323308289 77.583641052246108 1.7868555784225466 204.51666666666668 43.516666666666673 121.21674559081629 0.68847926267281101 96.128074645996108 63.45000000000001 15.488782405853273 9.7405421265728442 10.200123946916378 510.76666666666671
decision_type=2 2 2 2 2 2 2 2 2 2 2 2 2 2
left_child=10 2 -2 4 9 -6 -5 -3 11 -4 -1 13 -13 -9
right_child=1 7 3 6 5 -7 -8 8 -10 -11 -12 12 -14 -15
leaf_value=0.0072900247711444729 0.024869949050848314 -0.017982204051848985 -0.033007967713008117 0.031515413532412509 0.02069572061399744 -0.01211042736717647 -0.0018458407452717142 0.0028284615751244537 -0.019538679080803964 -0.0045688694388560979 -0.015895738941053797 -0.0087135736951308562 0.0011410395554918974 -0.024453673896798693
leaf_weight=2.9781916141509992 6.6662398651242283 3.9877178396563968 3.9569101110100764 3.6128860265016547 4.2019009962677956 3.2386228069663048 2.5625359716359526 179.06271697953343 3.0146426453720769 3.5982769280672073 6.7781193368136883 52.972465805709362 139.24306977540255 3.8684921264648429
leaf_count=19 41 34 27 20 25 23 51 1113 90 23 59 331 1119 25
internal_value=4.36566e-05 0.000274963 0.00697564 0.000473599 -0.00802096 0.00667323 0.019344 -0.000230075 4.05362e-06 -0.0215806 -0.00879835 0.000212624 -0.00160582 0.00212171
internal_weight=419.743 409.986 27.8374 21.1711 14.9957 7.44052 6.17542 382.149 378.161 7.55519 9.75631 375.147 192.216 182.931
internal_count=3000 2922 210 169 98 48 71 2712 2678 50 78 2588 1450 1138
is_linear=0
shrinkage=0.03


Tree=272
num_leaves=15
num_cat=0
split_feature=46 42 41 24 46 20 20 3 4 30 36 43 9 19
split_gain=0.948504 2.74602 2.91877 3.61205 3.60589 2.91282 2.38144 2.53174 2.46306 2.28849 2.2571 2.27419 1.83439 5.01753
threshold=331.21324157714849 15.760251998901369 82.599262237548842 467.58333333333337 343.14633178710943 -1.48743047830929 1.8463848720800644 176.95000000000002 64.15000000000002 25.250000000000004 4.5000000000000009 111.50000000000001 9365.6000000000004 121.64889411022885
decision_type=2 2 2 2 2 2 2 2 2 10 2 2 2 2
left_child=12 2 4 -4 -2 -6 8 -8 10 -10 11 -3 -1 -14
right_child=1 6 3 -5 5 -7 7 -9 9 -11 -12 -13 13 -15
leaf_value=0.00031070696261982907 0.019842741266507386 0.011269859217851804 0.0014147935184162029 0.036506007906866429 0.0070495911950021802 -0.028724803890195993 0.026353415672568152 -0.0079272347942899619 -0.027950437544857321 0.0029013783259835063 0.01911613844855313 -0.017616967132676464 -0.015468366483107955 0.0042339705819718076
leaf_weight=326.67085873102769 4.2152574881911296 3.1622712388634735 4.489504396915434 5.711527019739151 3.2570006623864174 3.3716869577765465 3.5975915102753779 2.7205043924041092 5.8583677187561971 2.9067704267799854 3.4904002957046023 5.2729476084932685 23.298457700759172 21.664933431893587
leaf_count=2113 24 16 27 28 21 24 224 85 50 18 20 39 173 138
internal_value=3.84091e-05 0.0039598 0.0118257 0.0225673 0.000668634 -0.0125272 -0.00237259 0.0125263 -0.00728985 -0.0184697 0.00172038 -0.00674092 -0.000477909 -0.00608952
internal_weight=419.688 48.0538 21.045 10.201 10.8439 6.62869 27.0089 6.3181 20.6908 8.76514 11.9256 8.43522 371.634 44.9634
internal_count=3000 576 124 55 69 45 452 309 143 68 75 55 2424 311
is_linear=0
shrinkage=0.03


Tree=273
num_leaves=15
num_cat=1
split_feature=18 6 41 39 14 20 10 41 16 7 16 22 39 44
split_gain=0.957896 6.08062 3.10008 2.46124 3.08353 3.34971 2.34279 1.65321 1.57636 4.62217 4.22753 4.80562 3.19172 4.85924
threshold=1990.3000000000004 4.5000000000000009 78.442672729492202 1.0867346938775515 22.083333333333339 -0.84460511679648609 1128.24191738183 84.602996826171889 205.35000000000005 0 205.55000000000004 408.63333333333338 1.040716040716041 2.1249092817306523
decision_type=2 2 2 2 2 2 2 2 2 1 2 2 2 2
left_child=1 2 -1 4 -3 -6 -2 -4 -8 -10 11 -11 13 -12
right_child=6 3 7 -5 5 -7 8 -9 9 10 12 -13 -14 -15
leaf_value=-0.012725889274200734 0.025274088070787074 -0.024757715964414905 0.032269910339206662 -0.030697432279149024 -0.015476482926191699 0.021021697970186205 -0.00060702241149574972 0.0045758718668807603 -0.0069755813560224934 -0.008194585008113188 0.025853191747253496 0.033162369239332551 -0.0074240034779810907 -0.0041766272203854239
leaf_weight=2.6561787724494952 2.3850455731153479 4.1072328835725802 4.0310651510953903 5.6354340091347686 3.147276937961581 4.0684446878731224 330.06317615951411 3.7820642963051796 16.419235073029995 2.8164721354842177 9.3393280543386989 10.277468942105768 11.982726555317639 8.680353030562399
leaf_count=18 13 30 21 36 21 22 2435 21 122 18 54 54 77 58
internal_value=3.91604e-05 -0.00527887 0.0120065 -0.0160244 -0.00682315 0.00515622 0.000423777 0.0209045 0.00020732 0.00465893 0.00874741 0.0243163 0.00420901 0.0119283
internal_weight=419.392 27.4277 10.4693 16.9584 11.323 7.21572 391.964 7.81313 389.579 59.5156 43.0963 13.0939 30.0024 18.0197
internal_count=3000 169 60 109 73 43 2831 42 2818 383 261 72 189 112
cat_boundaries=0 1
cat_threshold=14408
is_linear=0
shrinkage=0.03


Tree=274
num_leaves=15
num_cat=0
split_feature=30 43 30 31 28 43 29 39 24 16 41 6 28 29
split_gain=0.94809 3.17331 1.96125 1.18778 4.08262 3.83461 5.1973 3.45582 3.26248 3.15261 3.26481 4.27861 3.05229 2.52543
threshold=30.750000000000004 117.50000000000001 29.650000000000002 2.5000000000000004 76.250000000000014 112.50000000000001 19.850000000000005 1.108550947260625 501.60000000000008 204.68333333333337 85.118553161621108 8.5000000000000018 61.650000000000013 12.950000000000001
decision_type=10 2 10 10 8 2 8 2 2 2 2 2 10 10
left_child=2 -2 3 13 5 6 12 9 -8 10 -7 -12 -5 -1
right_child=1 -3 -4 4 -6 7 8 -9 -10 -11 11 -13 -14 -15
leaf_value=0.00044984035136800627 -0.022261589635125912 0.012553411507560524 0.017224546544315471 0.0082554808269159185 -0.01864123762105617 0.010636652716312938 -0.013542432259443456 -0.017214063874045626 0.01962924482365903 0.020969819860498822 -0.025152961974056445 0.017713765346372635 0.033033243095558905 -0.006394494660659669
leaf_weight=281.93607468158007 5.1652337387204152 2.9933416377753019 5.0340718247462055 8.9012238606810623 5.7360343276523045 8.1262799089308917 7.4909903556108457 7.9762504701502612 2.9113291874527931 6.3703565075993529 6.7435569642111641 2.0668455541599542 10.21501589566469 57.578165282029659
leaf_count=2041 40 26 29 51 40 56 49 60 16 36 68 21 55 412
internal_value=3.47522e-05 -0.00951216 0.000246847 -5.43388e-06 0.00362892 0.00599752 0.0135654 -0.00134242 -0.00335127 0.00457399 -0.00241823 -0.0143162 0.0224797 -0.00072626
internal_weight=419.245 8.15858 411.086 406.052 66.5379 60.8018 29.5186 31.2833 10.4023 23.307 16.9367 8.8104 19.1162 339.514
internal_count=3000 66 2934 2905 452 412 171 241 65 181 145 89 106 2453
is_linear=0
shrinkage=0.03


Tree=275
num_leaves=15
num_cat=0
split_feature=32 12 38 30 4 4 4 44 38 29 16 23 30 12
split_gain=0.936387 1.01019 2.57587 4.47945 4.24465 3.18769 2.68303 4.36478 3.65935 4.43039 2.45615 3.32305 3.25539 2.45266
threshold=14.500000000000002 -36.303003337041375 4.5000000000000009 24.450000000000003 74.250000000000014 71.950000000000017 60.350000000000001 2.2625000476837163 2.5000000000000004 11.15 203.55000000000004 9.1547989975592063 23.650000000000002 -51.701890989989089
decision_type=2 2 2 10 2 2 2 2 2 10 2 2 10 2
left_child=-1 2 4 -4 5 6 7 8 -2 -10 -8 -12 -13 -6
right_child=1 -3 3 -5 13 -7 10 -9 9 -11 11 12 -14 -15
leaf_value=-0.013949967341755808 -0.0035357223503625548 0.0008692773320597715 -0.020676141041650622 0.014896991030696489 0.00074929854422546853 0.025829127202470242 0.0099327537914119003 -0.017447375767364739 0.035256818903770241 -0.0042749492337174283 0.0072578579753000364 -0.027217298466346879 0.0074857188070584267 -0.029818823662301319
leaf_weight=3.2648529435973606 6.1160074323415818 341.69865135964938 13.158990137279035 3.3254817873239508 3.8033414436504245 4.2180760265327981 5.7793007139116552 3.8261322788894168 8.0048994421958906 3.2825410068035117 5.4488862827420261 9.4718271866440755 2.6890596747398368 5.034346502274273
leaf_count=37 38 2405 125 20 31 27 43 36 42 21 40 77 17 41
internal_value=3.5906e-05 0.000178909 -0.00297131 -0.0130583 8.51463e-05 0.00363856 0.00102054 0.00853875 0.0148894 0.0243482 -0.00587383 -0.0113163 -0.0195579 -0.0179247
internal_weight=419.122 415.858 74.1589 16.4845 57.6744 48.8367 44.6187 21.2296 17.4034 11.2874 23.3891 17.6098 12.1609 8.83769
internal_count=3000 2963 558 145 413 341 314 137 101 63 177 134 94 72
is_linear=0
shrinkage=0.03


Tree=276
num_leaves=15
num_cat=1
split_feature=8 39 31 11 7 11 19 46 41 16 12 14 4 41
split_gain=0.943739 3.12487 1.57611 1.23543 4.1446 4.47954 4.01343 3.50397 5.67151 7.28642 3.56993 3.3287 3.6604 3.18264
threshold=2.5000000000000004 0.91372912801484241 3.5000000000000004 255469.00000000003 0 270584.00000000006 113.56445331206835 262.80073547363287 87.785755157470717 203.28333333333339 14.829922135706139 21.516666666666669 46.650000000000013 82.771633148193374
decision_type=2 2 8 2 1 2 2 2 2 2 2 2 2 2
left_child=3 -2 -3 7 -5 -6 -7 13 10 -10 -9 -8 -13 -1
right_child=1 2 -4 4 5 6 11 8 9 -11 -12 12 -14 -15
leaf_value=0.00295495987130569 0.024080706983918006 -0.019525456324664969 0.0085930870780225495 -0.0056922493480906205 0.013830383641766695 -0.017866254444694776 0.019959324614264268 -0.019711938238780952 -0.024069891755104635 0.036517877884088584 0.010652227294723446 0.031933122385313685 -0.00041613528266083412 -0.0044960972318408426
leaf_weight=125.31349196797237 4.7885390317533147 2.7818269268609583 2.5972316812258214 40.388417901005596 34.168508255854249 8.0012651607394201 8.4818413332104665 24.84932765271515 2.0028947717510155 3.7492514476180077 3.3832202665507785 2.2954707250464699 69.88437655963935 86.218591991811991
leaf_count=775 28 22 20 340 218 58 50 175 36 19 38 16 653 552
internal_value=3.31533e-05 0.00863763 -0.00672992 -0.000201447 0.00181493 0.00441274 0.00116179 -0.00154386 -0.0103387 0.0149809 -0.0158334 0.00324495 0.00103495 -8.889e-05
internal_weight=418.904 10.1676 5.37906 408.737 163.22 122.831 88.663 245.517 33.9847 5.75215 28.2325 80.6617 72.1798 211.532
internal_count=3000 70 42 2930 1335 995 777 1595 268 55 213 719 669 1327
cat_boundaries=0 1
cat_threshold=19081
is_linear=0
shrinkage=0.03


Tree=277
num_leaves=15
num_cat=0
split_feature=12 42 42 14 12 1 30 36 44 14 23 44 41 42
split_gain=0.950757 1.46999 2.26055 3.06309 1.95267 1.40281 2.05307 1.33095 1.21524 4.38481 2.36622 2.31245 2.42434 2.06643
threshold=101.42146829810883 17.522489547729496 16.712339401245121 24.150000000000002 50.120467185761825 21.500000000000004 16.950000000000003 3.5000000000000004 2.311306476593018 23.716666666666672 9.7078591041052498 2.3264604806900029 80.94278717041017 16.092265129089359
decision_type=2 2 2 2 2 2 10 2 2 2 2 2 2 2
left_child=1 2 8 -4 -3 -2 -7 -6 13 11 -11 -10 -13 -1
right_child=5 4 3 -5 7 6 -8 -9 9 10 -12 12 -14 -15
leaf_value=-0.00064207603617117727 0.021942700310782916 -0.024511645852461326 0.023675914859338565 -0.0091598708340691962 -0.011331291311892117 -0.020914596073456467 0.015732065335129275 0.010218767372572072 -0.028148418463573816 0.025791454236166366 -0.0046599778448316413 0.010145887604819059 -0.015902534320297278 0.0060429236179054538
leaf_weight=317.2883740440011 3.2990102148614815 4.116530328989028 6.9162580929696542 3.127471350133419 4.2671561203896982 1.7272011470049622 1.7974030857440082 4.060009753331542 6.0471400022506776 3.7522387430071822 3.9445719346404076 4.523765452206133 6.9493880271911621 46.877369701862335
leaf_count=1992 225 65 46 20 26 60 118 27 39 20 22 26 44 270
internal_value=3.16197e-05 -0.000164778 0.000163224 0.0135477 -0.00992221 0.0103919 -0.00287967 -0.000855203 -0.000215835 -0.00645427 0.0114439 -0.0145104 -0.00564187 0.000232645
internal_weight=418.694 411.87 399.427 10.0437 12.4437 6.82361 3.5246 8.32717 389.383 25.2171 7.69681 17.5203 11.4732 364.166
internal_count=3000 2597 2479 66 118 403 178 53 2413 151 42 109 70 2262
is_linear=0
shrinkage=0.03


Tree=278
num_leaves=15
num_cat=1
split_feature=19 19 6 39 6 6 12 30 7 4 14 24 14 4
split_gain=0.927498 3.17828 3.0909 3.22809 2.88613 2.85467 2.50423 3.14378 1.54851 2.90841 4.82031 4.20772 4.76171 3.08731
threshold=84.827623624998751 86.721405998606571 4.5000000000000009 1.0867346938775515 2.5000000000000004 6.5000000000000009 -13.169521690767738 18.350000000000005 0 59.250000000000007 21.216666666666672 450.51666666666671 22.683333333333337 65.450000000000017
decision_type=2 2 2 2 2 2 2 10 1 2 2 2 2 2
left_child=2 -2 4 5 -1 -4 -7 -8 9 10 -3 -12 -13 -11
right_child=1 8 3 -5 -6 6 7 -9 -10 13 11 12 -14 -15
leaf_value=-0.0080283349539286512 0.019297273162099678 0.033287950545911965 -0.022632464292889808 -0.027157525796669097 0.0197996064594201 -0.014730553062367407 -0.0060191622074544284 0.029835743443493361 0.0016016217829427743 -0.012551034334223807 0.013579504816323959 -0.016403190407403234 0.0059744406608415821 -0.0015398068869509369
leaf_weight=5.4807503595948202 6.8835615664720526 3.4720361903309813 3.5616830289363888 6.7060041427612296 6.2218954041600227 2.9613647088408452 3.4549728184938431 3.9495762512087822 225.84988860879093 33.458561282372102 14.509136280976234 16.160362347960472 16.292524301446974 69.430508298566565
leaf_count=35 36 17 25 45 35 21 21 22 1610 264 92 105 131 541
internal_value=3.04819e-05 0.000443953 -0.00477112 -0.0115567 0.0071608 -0.00272891 0.00549942 0.0143802 5.18284e-05 -0.00218862 0.0035249 0.000676261 -0.00532604 -0.0052069
internal_weight=418.393 386.057 32.3362 20.6336 11.7026 13.9276 10.3659 7.40455 379.173 153.323 50.4341 46.962 32.4529 102.889
internal_count=3000 2796 204 134 70 89 64 43 2760 1150 345 328 236 805
cat_boundaries=0 1
cat_threshold=35867
is_linear=0
shrinkage=0.03


Tree=279
num_leaves=15
num_cat=0
split_feature=12 25 10 23 26 23 29 31 14 18 18 15 14 19
split_gain=0.917985 1.61029 1.57753 1.49606 1.90282 1.50154 3.15682 4.44009 2.59818 3.45271 4.89016 4.98659 5.43249 3.11188
threshold=119.48565072302547 0.90389909987158867 2787.9400314721183 12.515966792364912 47.716666666666676 10.824726866317693 11.950000000000001 2.5000000000000004 24.083333333333339 2026.9333333333336 2045.3833333333334 13.616666666666669 21.716666666666672 112.24052894313853
decision_type=2 2 2 2 2 2 10 10 2 2 2 2 2 2
left_child=2 -2 3 5 -5 -1 8 -8 9 -7 -11 12 -12 -13
right_child=1 -3 -4 4 -6 6 7 -9 -10 10 11 13 -14 -15
leaf_value=0.00060357050190998839 0.02062442820132742 -0.011736404579535117 -0.017768791387960232 0.019682387063905744 -0.005038600833049048 -0.016641575306461681 -0.024740153562520309 0.0059843507189492311 -0.021687217949696969 0.033185761125151592 0.015383855026912002 -0.0013244545570999611 -0.01521248721066221 0.026611262457803205
leaf_weight=329.50214386731386 3.6139702869113526 1.2189582495484499 3.5162902404554179 6.5140064507722837 3.9284888915717602 6.9005070701241484 11.806746892631056 5.8282566405832759 3.7171792685985556 3.8919348344206801 6.3301383629441288 5.9619250148534757 17.769597448408604 7.6836892813444138
leaf_count=2051 353 26 57 43 28 45 78 34 29 20 36 37 117 46
internal_value=3.12341e-05 0.0118496 -0.000135212 5.89628e-05 0.0107547 -0.00024685 -0.00420819 -0.0148097 -0.000419493 0.00161417 0.00495902 0.00126716 -0.0068832 0.0151488
internal_weight=418.184 4.83293 413.351 409.835 10.4425 399.392 69.89 17.635 52.255 48.5378 41.6373 37.7454 24.0997 13.6456
internal_count=3000 379 2621 2564 71 2493 442 112 330 301 256 236 153 83
is_linear=0
shrinkage=0.03


Tree=280
num_leaves=15
num_cat=0
split_feature=30 43 30 25 28 14 14 36 19 45 13 19 45 28
split_gain=0.924892 3.00274 1.87679 1.16676 1.42096 1.34956 1.35922 1.41599 4.51897 6.22661 6.41102 5.27769 4.16929 3.79188
threshold=30.750000000000004 117.50000000000001 29.650000000000002 0.91726499210002455 57.350000000000001 20.716666666666672 20.81666666666667 3.5000000000000004 91.872115504287521 1.7015253901481631 4.5421666666666676 99.668512543301205 1.6620287299156191 50.650000000000013
decision_type=10 2 10 2 10 2 2 2 2 2 2 2 2 10
left_child=2 -2 3 5 -5 -1 -7 8 9 12 -11 -10 -8 -9
right_child=1 -3 -4 4 -6 6 7 13 11 10 -12 -13 -14 -15
leaf_value=-0.015928514352664361 -0.021945801816117581 0.012052329564356841 0.016842643321069217 -0.0034771836779761696 0.020888004690983328 0.017810174153785514 0.01137645222055975 0.0063266851926532574 -0.01648772249651383 0.0032525021127353627 0.036406558794732695 -0.0017445758447881432 -0.022464469457505545 -0.0018049329028853032
leaf_weight=3.8754675835371009 5.0905800163745862 2.9812913921196014 5.0375183415599158 3.2690840587019911 4.1662836596369743 2.7993896529078475 4.6796552762389165 84.439085253048688 25.903868675231934 12.814359039068224 8.1582871973514539 118.06016087718308 7.1405382826924324 129.54710028879344
leaf_count=40 40 26 29 20 21 17 29 593 173 74 42 922 48 926
internal_value=3.0565e-05 -0.00944445 0.000239685 -7.89288e-06 0.0110332 -0.000241637 -4.71771e-05 -0.000220249 -0.00220075 0.00769673 0.0172193 -0.00449279 -0.0092244 0.00141831
internal_weight=417.963 8.07187 409.891 404.853 7.43537 397.418 393.542 390.743 176.757 32.7928 20.9726 143.964 11.8202 213.986
internal_count=3000 66 2934 2905 41 2864 2824 2807 1288 193 116 1095 77 1519
is_linear=0
shrinkage=0.03


Tree=281
num_leaves=15
num_cat=0
split_feature=34 23 28 44 38 20 30 45 29 19 39 41 20 44
split_gain=0.918299 0.953408 2.66658 2.29375 2.15884 5.0328 3.14417 4.66271 3.71025 2.87877 2.60649 4.03837 2.57698 2.06845
threshold=14.500000000000002 8.5200911884314934 54.350000000000001 2.2014546394348149 3.5000000000000004 0.079866518353680901 32.400000000000006 1.7138016223907473 19.150000000000002 108.95794295218143 0.869747899159664 81.115936279296889 -1.5081201334816847 2.2745094299316411
decision_type=2 2 8 2 2 2 8 2 8 2 2 2 2 2
left_child=-1 2 3 -2 6 10 8 -8 12 -7 11 -6 -4 -10
right_child=1 -3 4 -5 5 9 7 -9 13 -11 -12 -13 -14 -15
leaf_value=-0.013870577083580872 -0.0047290753144865758 0.00076673953494666369 0.023697663913440921 0.026502296488822588 -0.022496301556088085 -0.0093146655651097539 0.03056882964841208 -0.010089507223214432 -0.025605652754518888 0.023964750805390848 -0.027383555224105894 0.018352929425440905 -0.0078151807611955976 0.0037150414529425746
leaf_weight=3.2328548438381395 3.3786680549383155 354.68357545253821 3.6583896577358246 3.7019978389143944 3.6733284443616929 3.752180963754653 5.0921491310000402 3.6878774389624596 7.2577655017375928 3.8303997591137886 12.10687121003866 3.1067656762897968 3.9431725963950219 2.6228765696287155
leaf_count=37 21 2560 21 19 27 25 30 26 56 21 96 19 26 16
internal_value=3.20917e-05 0.000173648 -0.00329812 0.0128587 -0.00566654 -0.0115466 0.000466078 0.0142056 -0.00682955 0.00833017 -0.0195442 -0.00382533 0.00834281 -0.0181962
internal_weight=417.729 414.496 59.8124 7.08067 52.7318 26.4695 26.2622 8.78003 17.4822 7.58258 18.887 6.78009 7.60156 9.88064
internal_count=3000 2963 403 40 363 188 175 56 119 46 142 46 47 72
is_linear=0
shrinkage=0.03


Tree=282
num_leaves=15
num_cat=0
split_feature=39 39 41 45 16 3 26 11 39 43 41 4 43 22
split_gain=0.90893 1.39654 3.38201 3.88532 3.51957 3.34523 2.52549 1.9237 1.71542 1.67196 1.61979 1.61632 1.47172 4.32457
threshold=0.49935358758888176 0.67316729323308289 77.583641052246108 1.7868555784225466 204.51666666666668 169.65000000000001 43.516666666666673 237180.50000000003 0.68847926267281101 125.50000000000001 96.128074645996108 63.45000000000001 108.50000000000001 469.21666666666675
decision_type=2 2 2 2 2 2 2 2 2 2 2 2 2 2
left_child=-1 2 5 4 11 -2 -6 -5 -3 -9 12 -4 13 -10
right_child=1 8 3 7 6 -7 -8 9 10 -11 -12 -13 -14 -15
leaf_value=-0.0086165217114156731 0.039449765768251606 -0.017789203485947612 -0.032612484651490456 0.030190858012622827 0.019762678473187464 -0.00075217461733946523 -0.011761328668090496 -0.020329557338886341 -0.0059878475768082584 0.016229032262092571 -0.01905222026322597 -0.004555569890882522 0.0013199626247273261 0.010047499397265378
leaf_weight=9.6613903287798149 3.6994012184441116 3.9396166296210131 3.8659078925848025 3.6364840085152528 4.2234490886330605 3.0252855834551156 3.1875630468130112 1.1722210198640826 78.690235707908869 1.3449027221649883 2.9716608726885161 3.5856277123093605 276.78904445422813 17.737467624247074
leaf_count=78 20 34 27 29 25 21 23 8 518 34 90 23 1958 112
internal_value=3.1046e-05 0.000256458 0.00663292 0.000375778 -0.00791811 0.0236078 0.00641754 0.0187143 -0.000225063 -0.00173573 5.55136e-06 -0.0212481 0.000207802 -0.00296536
internal_weight=417.53 407.869 27.7408 21.0162 14.8625 6.72469 7.41101 6.15361 380.128 2.51712 376.188 7.45154 373.217 96.4277
internal_count=3000 2922 210 169 98 41 48 71 2712 42 2678 50 2588 630
is_linear=0
shrinkage=0.03


Tree=283
num_leaves=15
num_cat=1
split_feature=36 26 36 44 31 41 33 26 42 14 12 43 7 15
split_gain=0.891668 4.30743 2.55006 5.1505 3.35686 3.25512 1.5981 1.35362 3.59003 5.42231 3.62097 2.76481 2.43183 3.90469
threshold=6.5000000000000009 41.550000000000004 7.5000000000000009 2.1994198560714726 4.5000000000000009 84.054370880126967 35.500000000000007 38.150000000000006 15.671485900878908 22.650000000000002 -0.48097886540622398 111.50000000000001 0 13.250000000000002
decision_type=2 2 2 2 8 2 2 2 2 2 2 2 1 2
left_child=6 -2 4 -4 5 -3 7 8 10 -10 11 -1 13 -9
right_child=1 2 3 -5 -6 -7 -8 12 9 -11 -12 -13 -14 -15
leaf_value=0.00079120741222425597 -0.024594394179188832 0.016625825859895266 0.038589079896613289 -0.0064052269808996358 -0.025105669563587455 -0.017869528535924589 -0.017237559212074396 0.010960720892253134 0.037946969231287354 4.3333991567735953e-05 0.017312437267166456 -0.029942455022834363 -0.0016557409162266091 -0.00020459753968229453
leaf_weight=5.5900518521666509 6.5105640590190914 5.9319353660102934 3.194527179002761 4.5183689610566944 4.2892341660335669 2.8591907836962491 3.5698068197816601 41.854079343378544 5.4435873776674253 7.188490811502561 4.1358642876148251 3.8996497914195061 236.10968108987436 82.273259022040293
leaf_count=36 48 37 17 34 34 35 28 245 26 51 22 26 1765 596
internal_value=2.94925e-05 -0.00511252 0.00183607 0.0145206 -0.00614349 0.00472747 0.000401577 0.000608563 0.00705455 0.0179627 -0.00359501 -0.0134888 0.000120487 0.00334998
internal_weight=417.368 27.3038 20.7933 7.7129 13.0804 8.79113 390.064 386.495 26.2576 12.6321 13.6256 9.4897 360.237 124.127
internal_count=3000 205 157 51 106 72 2795 2767 161 77 84 62 2606 841
cat_boundaries=0 1
cat_threshold=50340
is_linear=0
shrinkage=0.03


Tree=284
num_leaves=15
num_cat=0
split_feature=12 4 22 42 43 23 20 29 4 30 3 20 30 41
split_gain=0.897059 1.55817 1.69497 1.3968 2.24835 2.26995 1.90822 2.63589 2.36605 2.27182 2.10337 1.87857 1.82153 2.00357
threshold=101.42146829810883 58.95000000000001 443.01666666666671 17.522489547729496 125.50000000000001 9.7779072155256603 1.4093437152390995 10.750000000000002 61.350000000000001 30.750000000000004 169.15000000000001 2.3853170189098676 29.650000000000002 82.427749633789077
decision_type=2 2 2 2 2 2 2 10 2 10 2 2 10 2
left_child=3 2 -2 4 6 -6 9 8 -8 12 -10 -5 13 -1
right_child=1 -3 -4 11 5 -7 7 -9 10 -11 -12 -13 -14 -15
leaf_value=0.0021475428935396105 0.014735420844390909 0.018676316030935277 -0.024833383609428349 -0.027067097179119058 -0.0032622995014348617 0.018165513821101712 0.011710051654057646 -0.026447949351164159 0.0063297242092533205 -0.016340866168329395 -0.021886534302124262 -0.0021596825669748776 0.017784140484514637 -0.0024350732256601666
leaf_weight=204.21223979815841 0.87560525466687922 4.6314848745241761 1.1939532288815824 2.9590560826472929 6.6571247056126621 10.971701130270956 5.6130586639046696 4.7890867888927451 3.2309619784355146 6.3604028299450865 5.308156780898571 9.3890874665230495 4.4030251726508132 146.65054677054286
leaf_count=1278 79 299 25 59 36 72 32 28 18 47 32 59 23 913
internal_value=2.68905e-05 0.0101713 -0.0087457 -0.000163003 0.0001566 0.010333 -0.000340642 -0.00937519 -0.00223358 0.000157118 -0.0116659 -0.00970901 0.000497523 0.000230664
internal_weight=417.245 6.70104 2.06956 410.544 398.196 17.6288 380.567 18.9413 14.1522 361.626 8.53912 12.3481 355.266 350.863
internal_count=3000 403 104 2597 2479 108 2371 110 82 2261 50 118 2214 2191
is_linear=0
shrinkage=0.03


Tree=285
num_leaves=15
num_cat=0
split_feature=46 25 45 45 33 25 30 25 18 41 20 18 25 18
split_gain=0.897142 2.67848 6.09108 3.43758 3.15327 3.18492 2.57275 3.92005 2.60819 2.78226 1.97215 1.89078 3.74541 3.05664
threshold=331.21324157714849 0.9043232070122299 1.6894734501838686 1.7658076882362368 25.500000000000004 0.89343631875030194 23.650000000000002 0.90622185267191235 2191.4333333333338 83.823150634765639 -1.9552836484983713 2144.9333333333338 0.90647886035424496 2180.4500000000003
decision_type=2 2 2 2 2 2 10 2 2 2 2 2 2 2
left_child=11 2 -2 10 -5 -6 7 -3 -9 -10 -4 -1 13 -13
right_child=1 6 3 4 5 -7 -8 8 9 -11 -12 12 -14 -15
leaf_value=0.00043593487905424874 0.033137582461047935 0.025044518647878117 -0.0030571318059484718 0.025740782154410637 0.022282628108048777 -0.016666897082487284 0.024998592929602916 0.014482163308867016 -0.025636791008980447 0.0048346614593547362 -0.03074915610239173 -0.0029227887085522416 -0.014502862267283732 0.021002644697671585
leaf_weight=313.17272547213361 2.5515364482998875 4.6188923041336301 3.8202309906482697 2.6837712130509299 1.5964767127297816 6.3795678219757974 6.784581087762489 3.6344533264636985 5.1776733761653286 4.3061190871521831 5.9940305352211016 28.438954181270674 23.070512868463993 4.7459076510276637
leaf_count=1997 13 30 26 76 155 106 41 19 41 31 38 224 166 37
internal_value=2.34491e-05 0.00385805 -0.0034306 -0.00931875 0.00254592 -0.00725689 0.0105683 0.00400899 -0.00464686 -0.0126598 -0.0212494 -0.000479167 -0.00549216 0.00101318
internal_weight=416.975 47.5473 23.0256 20.4741 10.6598 7.97604 24.5217 17.7371 13.1182 9.48379 9.81426 369.428 56.2554 33.1849
internal_count=3000 576 414 401 337 261 162 121 91 72 64 2424 427 261
is_linear=0
shrinkage=0.03


Tree=286
num_leaves=15
num_cat=0
split_feature=19 30 19 45 25 19 30 22 30 25 43 10 22 29
split_gain=0.898065 4.1318 4.7014 6.04008 6.0179 4.0859 3.43961 4.76716 4.10478 3.82181 6.62194 3.3612 3.29892 3.29021
threshold=100.58535573088177 17.950000000000003 97.152965320537064 1.7469430565834048 0.90248423983140214 101.13729421741138 17.850000000000005 443.01666666666671 25.250000000000004 0.90880056973339907 118.50000000000001 1845.1558550141851 424.83333333333337 15.15
decision_type=2 8 2 2 2 2 8 2 10 2 2 2 2 8
left_child=1 -1 -3 12 -5 -2 7 -7 9 -8 -11 13 -4 -10
right_child=5 2 3 4 -6 6 8 -9 11 10 -12 -13 -14 -15
leaf_value=-0.016647357810520468 0.022682581202795489 0.0029598241896315585 -0.005081046853179407 -0.021433268358509876 0.02299628906753895 0.018549016544775723 -0.00015840696312330535 -0.0061424709283588791 -0.023087297515131947 -0.015556749628822458 0.0097142324420632035 0.014475547291731592 -0.031033978786234141 0.0050506401675124001
leaf_weight=14.277270354330538 6.6249034553766242 99.072393458336592 7.9738373383879724 3.338671110570429 6.6638697236776352 18.927275888854641 147.1187903098762 10.259959148243068 4.0867314338684109 38.55384649336338 11.462019214406608 24.787424132693559 10.318009205162523 13.233820013701914
leaf_count=87 36 605 49 24 37 136 1240 66 25 258 77 206 74 80
internal_value=2.80212e-05 -0.00190488 -0.000135502 -0.0107048 0.00756631 0.0010267 0.000410022 0.00995346 -0.000790847 -0.00261304 -0.00968856 0.00760273 -0.0205703 -0.00248622
internal_weight=416.699 141.644 127.367 28.2944 10.0025 275.055 268.43 29.1872 239.243 197.135 50.0159 42.108 18.2918 17.3206
internal_count=3000 876 789 184 61 2124 2088 202 1886 1575 335 311 123 105
is_linear=0
shrinkage=0.03


Tree=287
num_leaves=15
num_cat=1
split_feature=34 25 3 7 14 14 15 39 3 39 44 30 41 15
split_gain=0.893146 0.948339 4.44784 3.65999 4.44811 3.83425 3.7807 3.46869 2.96575 3.48302 3.14446 2.91212 2.90967 2.88793
threshold=14.500000000000002 0.90164504972008697 179.75000000000003 0 21.383333333333336 21.31666666666667 14.850000000000003 1.1483516483516485 183.35000000000005 1.1560736560736562 2.3036767244338994 16.050000000000004 77.893646240234389 13.65
decision_type=2 2 2 1 2 2 2 2 2 2 2 10 2 2
left_child=-1 2 3 4 -2 -5 -7 12 -3 10 -10 -9 -4 -14
right_child=1 8 7 5 -6 6 -8 11 9 -11 -12 -13 13 -15
leaf_value=-0.013748965241073286 -0.025946886337328355 0.0020067605389586123 -0.0072386466004938929 0.016545446112276388 0.01204040324020055 -0.014407420349695159 0.015134488231008048 -0.029060533814854683 -0.017193527962206582 0.010970658362522815 0.0093981500080946648 0.0087741470517054398 0.028752957022912629 0.0034004251957915226
leaf_weight=3.1945825242437413 2.289561219513419 276.38892507203855 4.250567736104137 3.6183740794658652 18.009185198927298 51.293593731708825 3.4133481767494223 2.7658374183811238 20.905524864792831 6.4102899134159079 4.2212567753158501 2.8730929680168629 9.8085304647684115 6.9394900724291793
leaf_count=37 16 1721 30 24 186 361 217 22 154 35 30 27 54 86
internal_value=2.47825e-05 0.000164213 -0.00228089 -0.0058611 0.00458563 -0.00880211 -0.0123256 0.00811627 0.00100473 -0.00756882 -0.0125374 -0.0113654 0.0136267 0.0190317
internal_weight=416.382 413.188 105.262 78.6241 20.2987 58.3253 54.7069 26.6375 307.926 31.5371 25.1268 5.63893 20.9986 16.748
internal_count=3000 2963 1023 804 202 602 578 219 1940 219 184 49 170 140
cat_boundaries=0 1
cat_threshold=50756
is_linear=0
shrinkage=0.03


Tree=288
num_leaves=15
num_cat=1
split_feature=19 4 4 32 19 25 20 7 44 15 39 44 14 25
split_gain=0.881835 3.03368 4.25447 4.11959 2.92169 2.32638 1.73407 1.45657 2.90785 6.0122 7.56093 4.33711 3.64912 3.4585
threshold=84.827623624998751 57.750000000000007 62.150000000000013 17.500000000000004 86.721405998606571 0.90903722481266269 -0.77808676307011482 0 2.2299191951751713 13.383333333333335 1.0367218987908646 2.2073260545730595 22.850000000000005 0.90927924423999673
decision_type=2 2 2 2 2 2 2 1 2 2 2 2 2 2
left_child=1 5 -3 -4 -2 -1 -5 -6 11 10 -10 13 -13 -9
right_child=4 2 3 6 7 -7 -8 8 9 -11 -12 12 -14 -15
leaf_value=-0.029426325171176673 0.018457551536669468 0.020063987042000866 0.013390889237045227 -0.026629301151016454 -0.002132640036693246 0.0027262918123428129 -0.0041072345679700065 0.0050347115242261112 0.039701841363216098 0.0025952774918908458 -0.0088488994032276599 -0.017859993472580427 0.0088395764803513386 -0.0069053037331900649
leaf_weight=5.3524126932024938 6.9224404320120803 6.4136168360710171 5.4109943807125118 5.850785933434965 152.21640713559464 2.7410668507218361 6.3724650442600215 71.019338134676218 8.0229090079665166 86.320640357211232 3.7837853506207457 20.115188464522365 5.2273725494742385 30.361071515828371
leaf_count=35 36 35 29 46 1150 17 42 436 42 759 22 128 27 196
internal_value=2.34624e-05 -0.00467227 0.000873669 -0.00680807 0.000427628 -0.0194347 -0.0160862 4.86776e-05 0.00155389 0.00547292 0.0246664 -0.00137822 -0.0122262 0.00142643
internal_weight=416.13 32.1413 24.0479 17.6342 383.989 8.09348 12.2233 377.067 224.85 98.1273 11.8067 126.723 25.3426 101.38
internal_count=3000 204 152 117 2796 52 88 2760 1610 823 64 787 155 632
cat_boundaries=0 1
cat_threshold=35867
is_linear=0
shrinkage=0.03


Tree=289
num_leaves=15
num_cat=0
split_feature=25 28 29 26 29 30 30 28 29 3 3 3 26 16
split_gain=0.896662 1.42415 1.37563 2.38225 1.67845 1.19538 2.62535 1.60721 3.64166 1.62931 3.72026 2.31728 3.52486 3.53916
threshold=0.91726499210002455 71.050000000000011 20.250000000000004 48.250000000000007 19.650000000000002 14.850000000000003 13.550000000000002 48.650000000000013 13.750000000000002 193.50000000000003 188.85000000000005 181.35000000000005 45.916666666666671 203.1166666666667
decision_type=2 8 10 2 10 8 10 8 10 2 2 2 2 2
left_child=2 -2 4 -4 5 6 -1 8 -7 10 11 -9 -13 -14
right_child=1 -3 3 -5 -6 7 -8 9 -10 -11 -12 12 13 -15
leaf_value=0.010281915115289319 0.019952708296076826 -0.0034188973130810972 -0.021302884557030218 0.0076876794018469986 0.018434887013000684 0.023195915863159819 -0.023830519783000426 -0.00091549372620647383 -0.011473102771221204 0.017935240662917556 -0.021949050517443891 -0.0019143395273890477 -0.0072329101458884701 0.020237982509447857
leaf_weight=2.530026637017726 4.0683013126254073 3.9030484333634377 5.9038264229893667 3.3873407244682312 3.4413631367497137 6.6665851881261897 4.395888180937618 321.98816499835812 3.4740268592722714 3.4044959731400004 6.0862422543577841 23.834658172447234 4.8672867692075696 17.981862209737301
leaf_count=14 21 23 44 29 21 42 38 2348 21 25 51 160 60 103
internal_value=2.17021e-05 0.00940364 -0.000184161 -0.0110136 9.51483e-05 -0.000110663 -0.0116443 0.000124436 0.0113551 -0.000205872 -0.000417968 -4.10788e-06 0.00616929 0.0143283
internal_weight=415.933 7.97135 407.962 9.29117 398.671 395.229 6.92591 388.303 10.1406 378.163 374.758 368.672 46.6838 22.8491
internal_count=3000 44 2956 73 2883 2862 52 2810 63 2747 2722 2671 323 163
is_linear=0
shrinkage=0.03


Tree=290
num_leaves=15
num_cat=0
split_feature=39 41 3 15 1 8 30 22 42 12 12 37 9 31
split_gain=0.897151 3.61832 2.74422 4.46901 4.37774 3.89213 2.94004 2.83094 2.2337 2.05297 4.07071 5.09338 3.66479 2.65316
threshold=1.2471198156682031 89.714187622070327 173.05000000000004 13.383333333333335 21.500000000000004 1.0000000180025095e-35 31.350000000000005 420.68333333333339 15.297739982604982 -29.714905450500797 -26.545828698554235 12.500000000000002 7847.3166666666675 2.5000000000000004
decision_type=2 2 2 2 2 2 8 2 2 2 2 2 2 10
left_child=9 2 4 8 7 -5 -6 -2 -4 -1 11 12 -11 -12
right_child=1 -3 3 5 6 -7 -8 -9 -10 10 13 -13 -14 -15
leaf_value=-0.0043854194636061021 -0.0069948598900016236 -0.018947408388469474 0.012208849239819601 0.038077555340738395 -0.032661459238947699 -0.00026271295862484765 0.0008227871695556092 0.021894822225981644 -0.01541628265923253 0.017690195008240001 -0.0014784188562844359 0.031487106062448901 -0.015707584523890605 0.0065419581524573198
leaf_weight=89.64571615960449 4.3567285155877489 4.4743128083646289 4.4097692146897334 7.2650034385733289 3.7890055435709629 3.3292257422581315 4.558690373552964 6.8709904777351767 4.1431293487548828 4.5338755548000353 222.02256311988458 7.49653036892414 5.3504789546132088 43.533463318599388
leaf_count=666 27 45 26 38 26 24 28 40 24 26 1651 40 34 305
internal_value=2.256e-05 0.00406434 0.00713335 0.014907 -0.000825156 0.0270457 -0.0162438 0.0110294 -0.00138606 -0.000455665 0.000800499 0.0144539 -0.00017046 -0.000144002
internal_weight=415.779 43.1969 38.7225 19.1471 19.5754 10.5942 8.3477 11.2277 8.5529 372.583 282.937 17.3809 9.88435 265.556
internal_count=3000 278 233 112 121 62 54 67 50 2722 2056 100 60 1956
is_linear=0
shrinkage=0.03


Tree=291
num_leaves=15
num_cat=1
split_feature=19 19 30 19 36 45 22 7 30 30 29 12 22 11
split_gain=0.888863 5.54772 3.87709 4.22006 4.18044 5.426 3.39778 3.28989 3.50268 3.65054 4.21039 3.90343 5.39364 4.61652
threshold=100.73900629689793 101.13729421741138 17.950000000000003 97.152965320537064 4.5000000000000009 1.7469430565834048 390.21666666666675 0 27.950000000000003 19.050000000000004 17.350000000000005 -29.714905450500797 474.56666666666678 265811.00000000006
decision_type=2 2 8 2 2 2 2 1 10 8 10 2 2 2
left_child=2 -2 -1 -4 6 -6 -5 -3 9 10 11 -9 13 -13
right_child=1 7 3 4 5 -7 -8 8 -10 -11 -12 12 -14 -15
leaf_value=-0.016261599643217821 0.030797407891694877 -0.0035771979384802465 0.0028078853885767454 0.0075145239263182777 -0.011620725058701804 0.028295055092907827 -0.023414495498071862 -0.0040418549374028022 0.01853388044114378 -0.00030838210779495021 -0.018777973400554475 0.045592539831412329 -0.010008021617388374 0.011371602912271243
leaf_weight=14.106472633779047 4.5210002139210692 103.33885084278882 99.029440563172102 3.4316007867455545 6.6272595152258855 4.1626728475093842 15.972126279026268 6.4481770396232667 11.335139426635576 125.45100442017429 2.8054057331755748 7.228536175098272 3.2992327809333792 7.8075083969160914
leaf_count=87 24 818 605 19 44 24 109 42 78 1007 22 40 19 62
internal_value=2.38524e-05 0.00102977 -0.00188065 -0.000197948 -0.00983048 0.00487228 -0.0178444 0.000414331 0.00296707 0.00189387 0.0115684 0.0155985 0.0223575 0.0296404
internal_weight=415.564 272.235 143.33 129.223 30.1937 10.7899 19.4037 267.714 164.375 153.04 27.5889 24.7835 18.3353 15.036
internal_count=3000 2112 888 801 196 68 128 2088 1270 1192 185 163 121 102
cat_boundaries=0 1
cat_threshold=23043
is_linear=0
shrinkage=0.03


Tree=292
num_leaves=15
num_cat=2
split_feature=30 43 30 25 39 41 22 7 24 45 45 7 26 4
split_gain=0.903843 2.64339 2.05863 1.13151 1.31154 6.07388 5.29696 5.27069 4.17502 4.45043 3.90072 3.77162 4.39745 5.89633
threshold=30.550000000000004 117.50000000000001 29.650000000000002 0.91726499210002455 0.79861111111111116 77.583641052246108 468.21666666666675 0 474.46666666666675 1.7391026020050051 1.7517170906066897 1 53.283333333333339 65.350000000000009
decision_type=10 2 10 2 2 2 2 1 2 2 2 1 2 2
left_child=2 -2 3 4 5 6 -1 8 9 -7 -10 12 -6 -14
right_child=1 -3 -4 -5 11 7 -8 -9 10 -11 -12 -13 13 -15
leaf_value=0.0080749418314037483 -0.019780589032338706 0.011577624413878005 0.018857391700461572 0.010902735571520005 -0.0054985273888293008 0.036735662612224579 0.044543891256122133 -0.0076055385385936361 -0.012802440432471324 0.0013051269148908775 0.016559507251980052 0.0026713850991234916 -0.0090822678527560964 0.025736147004146365
leaf_weight=15.253193938173355 5.7440286055207235 2.9586795121431351 4.2759505100548258 7.3822908475995055 164.63655504444614 6.7892723381519335 3.9630278907716265 37.783371664816514 9.0337518155574781 5.5336321883369237 5.856252312893047 130.10617595701478 7.1607075447682318 8.8545599086210114
leaf_count=102 44 28 23 41 1172 37 21 295 65 58 58 880 89 87
internal_value=2.41336e-05 -0.00902519 0.000239474 -4.64685e-06 -0.000235533 0.00306344 0.0174274 -0.001383 0.00732085 0.0221176 -0.000938977 -0.00113648 -0.00381555 0.0105494
internal_weight=415.331 8.70271 406.629 402.353 394.971 84.2125 19.2162 64.9963 27.2129 12.3229 14.89 310.758 180.652 16.0153
internal_count=3000 72 2928 2905 2864 636 123 513 218 95 123 2228 1348 176
cat_boundaries=0 1 2
cat_threshold=14537 13529
is_linear=0
shrinkage=0.03


Tree=293
num_leaves=15
num_cat=1
split_feature=18 6 41 10 15 41 16 42 12 7 19 16 44 15
split_gain=0.89361 5.66798 2.85429 2.19917 2.18508 1.48732 1.36884 7.071 5.01207 4.72782 4.36903 3.90312 3.93419 3.8397
threshold=1990.3000000000004 4.5000000000000009 78.442672729492202 1145.9438818329065 13.550000000000002 84.602996826171889 204.71666666666667 15.614157676696779 -32.454838709677681 0 92.953526347996572 204.6166666666667 2.1340209245681767 13.41666666666667
decision_type=2 2 2 2 2 2 2 2 2 1 2 2 2 2
left_child=1 2 -1 -2 -3 -4 11 9 -9 -8 -11 12 -5 -14
right_child=3 4 5 6 -6 -7 7 8 -10 10 -12 -13 13 -15
leaf_value=-0.012425050983766532 0.021167911850861892 -0.022581832624652486 0.030688197309603871 -0.028484059453889595 0.00045207250431473155 0.0043848482020096818 0.0053471221634794367 -0.0045098152908350933 0.030624093342315702 0.010627157623541232 -0.011258252500164292 -0.017430176691377967 0.0072599905951518905 -0.0017609334028152966
leaf_weight=2.60637065023184 3.5358408391475669 11.339780829846861 4.0706076100468636 3.3677025213837615 5.2427079640328875 3.7546373344957829 57.686469111591578 4.8416567295789745 11.46107569336891 9.2879105247557145 42.376961689442396 11.524751245975493 53.572118252515793 190.4368621148169
leaf_count=18 20 77 21 24 32 21 366 32 61 58 288 75 325 1582
internal_value=2.8159e-05 -0.0051469 0.011516 0.000400685 -0.0156879 0.0199945 0.000155331 0.00271228 0.0205323 -0.000106411 -0.00604833 -0.00109131 -0.000263005 0.000241156
internal_weight=415.105 27.0141 10.4316 388.091 16.5825 7.82524 384.556 125.654 16.3027 109.351 51.6649 258.901 247.377 244.009
internal_count=3000 169 60 2831 109 42 2811 805 93 712 346 2006 1931 1907
cat_boundaries=0 1
cat_threshold=16571
is_linear=0
shrinkage=0.03


Tree=294
num_leaves=15
num_cat=0
split_feature=19 19 1 16 44 30 19 45 19 24 6 3 32 31
split_gain=0.871262 5.23384 3.81255 5.08333 5.9094 4.31775 4.5455 4.58092 4.2448 4.19485 3.66979 4.18089 4.08738 3.41173
threshold=100.73900629689793 101.13729421741138 23.500000000000004 203.78333333333339 2.1364310979843144 18.050000000000004 96.942043349860242 1.7499540448188784 96.487760521924784 514.25000000000011 4.5000000000000009 177.55000000000004 20.500000000000004 1.5000000000000002
decision_type=2 2 2 2 2 8 2 2 2 2 2 2 2 10
left_child=2 -2 5 -4 -5 -1 8 -8 9 10 12 -12 -7 -11
right_child=1 -3 3 4 -6 6 7 -9 -10 13 11 -13 -14 -15
leaf_value=-0.019995377581580868 0.029827460352489531 0.00042676720694725408 -0.013775670177916796 -0.01131485074127995 0.030681873005200148 0.012101377055371978 -0.020439707009248919 0.0043287015749112357 0.025776256601567078 0.0022323445713021508 -0.015006833366322173 0.0064718226519992154 -0.020244154315576728 0.02835464538836284
leaf_weight=12.200614795088766 4.5636259838938704 267.31716009508818 4.8875962048769024 3.5544197149574748 9.9916217699646932 17.164947271347049 18.506944205611948 9.7917921468615514 5.1129239797592154 12.543381176888944 29.170567966997623 10.524397265166042 3.4115317910909644 6.1887260302901259
leaf_count=77 24 2088 32 25 53 100 128 59 29 74 193 60 22 36
internal_value=3.14428e-05 0.00102777 -0.00185617 0.0105284 0.0196418 -0.00375737 -0.00183427 -0.0120142 0.00169142 -0.000169998 -0.00404214 -0.00929306 0.00604886 0.0118623
internal_weight=414.93 271.881 143.049 18.4336 13.546 124.616 112.415 28.2987 84.1165 79.0036 60.2714 39.695 20.5765 18.7321
internal_count=3000 2112 888 110 78 778 701 187 514 485 375 253 122 110
is_linear=0
shrinkage=0.03


Tree=295
num_leaves=15
num_cat=0
split_feature=6 26 23 39 23 39 4 39 16 41 19 14 45 36
split_gain=0.856528 4.05034 4.23974 3.19326 2.54477 2.2214 2.04052 1.99306 3.52058 3.03155 3.22889 3.27504 2.63065 4.10343
threshold=10.500000000000002 42.916666666666671 8.7349871207689826 1.1040157998683346 11.268127155942778 0.869747899159664 58.750000000000007 1.2471198156682031 205.51666666666668 89.714187622070327 126.91525716522716 21.81666666666667 1.7117783427238467 3.5000000000000004
decision_type=2 2 2 2 2 2 2 2 2 2 2 2 2 2
left_child=7 3 -3 5 -4 -2 -6 -1 9 10 11 -9 -13 -14
right_child=1 2 4 -5 6 -7 -8 8 -10 -11 -12 12 13 -15
leaf_value=-0.00029769444724108741 0.0023844091086041054 0.010656200400911678 -0.024425744328735923 -0.010253700860739271 0.025307999185827153 0.034308268770902664 -0.010517767148822453 0.038939238992404812 -0.01842076196034911 -0.014255758820240232 -0.0096482905228249538 -0.0028838291863828901 0.00024738389139842822 0.03009214729122079
leaf_weight=340.76227785274386 3.6613281196914595 5.3162951022386578 13.335262652486565 3.9877889880444854 1.0957035347819317 3.6667824941687286 3.5165558261796832 3.9698604792356518 3.5695157647132865 3.4337808745913199 4.3936626214999697 7.8674982190132168 7.0937457680702236 9.0355381965637189
leaf_count=2483 23 34 93 28 16 21 50 19 24 38 45 44 39 43
internal_value=3.26068e-05 -0.00441902 -0.0114289 0.00975003 -0.0181879 0.0205597 0.000986052 0.000448099 0.0067517 0.00969441 0.0125869 0.0162927 0.0111383 0.017747
internal_weight=414.706 34.5797 23.2638 11.3159 17.9475 7.32811 4.61226 380.126 39.3636 35.7941 32.3603 27.9666 23.9968 16.1293
internal_count=3000 265 193 72 159 44 66 2735 252 228 190 145 126 82
is_linear=0
shrinkage=0.03


Tree=296
num_leaves=15
num_cat=0
split_feature=30 12 30 45 15 10 38 45 41 18 19 10 19 29
split_gain=0.86069 2.56553 1.92277 1.078 4.87289 4.14116 3.27149 3.32795 7.5447 4.65174 5.20023 8.47748 5.02875 5.65195
threshold=30.550000000000004 -0.48097886540622398 29.650000000000002 1.7146998047828677 13.316666666666668 2230.6521340686136 4.5000000000000009 1.7626438736915591 84.726795196533217 2191.4333333333338 122.60360101505505 2017.6816679559383 97.668630884725786 15.850000000000003
decision_type=10 2 10 2 2 2 2 2 2 2 2 2 2 10
left_child=2 -2 3 4 -1 -6 7 8 9 10 11 12 -5 -14
right_child=1 -3 -4 6 5 -7 -8 -9 -10 -11 -12 -13 13 -15
leaf_value=0.0013863857839672142 -0.019881138857260838 0.010875352485445541 0.018206094317101133 0.0014019955484717303 -0.012998727043513987 0.019335785610550001 -0.0040844902585084816 -0.00068023420618040873 -0.0050377406624285007 -0.011565780801352744 0.042819992000994074 -0.028074175665458688 0.027533217699390662 -0.010074451670453061
leaf_weight=111.52880005538464 5.5149159729480743 3.0981039605103415 4.2941250037401906 14.3306852504611 40.330719791352749 3.0218155831098548 72.43687834055163 87.350988367805257 28.257089287042618 5.2790654450654975 5.1114648431539527 3.3385711163282386 27.027312807738785 3.607249602675437
leaf_count=719 43 29 23 83 268 17 585 799 172 34 25 25 154 24
internal_value=3.50012e-05 -0.00883756 0.000244522 7.73497e-06 -0.00194682 -0.0103598 0.00123754 0.00345996 0.00757963 0.0136366 0.0162942 0.0126757 0.0162462 0.0229264
internal_weight=414.528 8.61302 405.915 401.621 154.881 43.3525 246.739 174.302 86.9514 58.6943 53.4153 48.3038 44.9652 30.6346
internal_count=3000 72 2928 2905 1004 285 1901 1316 517 345 311 286 261 178
is_linear=0
shrinkage=0.03


Tree=297
num_leaves=15
num_cat=0
split_feature=46 25 45 45 33 25 41 26 30 39 18 25 9 19
split_gain=0.865757 2.5391 5.67406 3.26558 2.96969 3.02302 2.45242 3.90619 3.80444 2.37923 1.7989 3.46204 3.01364 4.11103
threshold=331.21324157714849 0.9043232070122299 1.6894734501838686 1.7658076882362368 25.500000000000004 0.89343631875030194 83.444683074951186 49.983333333333341 21.250000000000004 0.93458850931677029 2144.9333333333338 0.90647886035424496 8561.6666666666697 106.4153161959939
decision_type=2 2 2 2 2 2 2 2 10 2 2 2 2 2
left_child=10 2 -2 -4 -5 -6 7 8 -3 -8 12 -12 -1 -14
right_child=1 6 3 4 5 -7 9 -9 -10 -11 11 -13 13 -15
leaf_value=-0.00096456251277108175 0.03180110513755962 -0.021347509876349383 -0.020848544443983319 0.025021946754219555 0.021872565210443649 -0.016277257367593802 0.0020395229964047462 0.02799138288689337 0.012836382032344947 0.029768332349646383 0.00087927799726821845 -0.014112975471557931 -0.017276577690700453 0.0091894385228905324
leaf_weight=254.68052194966003 2.5754856616258648 6.1401078030467051 9.6304532065987605 2.6709338868968171 1.5669460857752708 6.3188921324908733 4.5313349468633515 2.6518796086311331 4.105997908860445 6.9362546664196998 33.068927896441892 22.733225618489087 4.9455142430961123 51.80069279205054
leaf_count=1655 13 48 64 76 155 106 35 13 28 38 261 166 33 309
internal_value=3.53766e-05 0.00381924 -0.00332693 -0.009098 0.00249794 -0.00708833 0.0103633 0.00110377 -0.00772543 0.0198539 -0.000459279 -0.00536935 0.000434888 0.00662365
internal_weight=414.357 47.1283 22.7627 20.1872 10.5568 7.88584 24.3656 12.898 10.2461 11.4676 367.229 55.8022 311.427 56.7462
internal_count=3000 576 414 401 337 261 162 89 76 73 2424 427 1997 342
is_linear=0
shrinkage=0.03


Tree=298
num_leaves=15
num_cat=0
split_feature=32 42 20 12 4 45 6 3 26 33 18 31 14 46
split_gain=0.867641 0.955651 5.4241 3.07264 3.71219 2.78212 4.20291 5.02744 6.94873 4.88545 3.45918 3.20748 3.07527 2.79899
threshold=14.500000000000002 15.057237625122072 -1.1156840934371919 -2.9489432703005223 66.850000000000009 1.6955268383026125 3.5000000000000004 170.25000000000003 47.116666666666674 30.500000000000004 2115.4333333333338 2.5000000000000004 21.450000000000003 241.20858001708987
decision_type=2 2 2 2 2 2 2 2 2 2 2 10 2 2
left_child=-1 2 -2 -4 -5 6 7 8 -3 11 13 12 -8 -11
right_child=1 5 3 4 -6 -7 9 -9 -10 10 -12 -13 -14 -15
leaf_value=-0.01359291821812476 0.01467367657459754 0.033903966796382135 -0.017841800498371915 -0.012269280058402601 0.023041347462811928 0.00099139308080627478 -0.00015091633366510969 -0.0086483525455920141 -0.012137874618213534 0.0074351650058899366 0.023077438433580528 0.0011920125138208232 -0.02428576482919349 -0.026754712324490153
leaf_weight=3.1601255373097947 21.028512235730886 7.4669368788599986 9.8121519759297389 4.5151234194636327 4.2969241105020046 297.94118917966262 5.860110521316531 11.45299833267927 3.8867652341723442 4.4147207140922529 4.9452519714832306 8.181518726050852 24.405788093805313 2.6904222667217255
leaf_count=37 126 39 75 29 27 2225 39 76 26 25 31 50 175 20
internal_value=3.90718e-05 0.000176658 0.00454367 -0.00705897 0.00554234 -0.000300735 -0.00549517 0.00504269 0.0184356 -0.01026 0.00603233 -0.0153898 -0.019767 -0.00721478
internal_weight=414.059 410.898 39.6527 18.6242 8.81205 371.246 73.3045 22.8067 11.3537 50.4978 12.0504 38.4474 30.2659 7.10514
internal_count=3000 2963 257 131 56 2706 481 141 65 340 76 264 214 45
is_linear=0
shrinkage=0.03


Tree=299
num_leaves=15
num_cat=0
split_feature=12 4 29 30 3 20 3 1 44 37 45 23 8 12
split_gain=0.854846 4.03282 4.12092 3.46548 3.08662 6.13583 6.15927 4.55789 4.02664 3.60039 4.74045 3.74654 3.33329 3.51259
threshold=-2.6880978865407568 80.950000000000017 16.950000000000003 15.250000000000002 177.05000000000004 -1.2739710789766969 173.95000000000002 22.500000000000004 2.3096956014633183 9.5000000000000018 1.6819406747817995 9.8805509470875705 1.5000000000000002 -37.596774193548619
decision_type=2 2 8 8 2 2 2 2 2 2 2 2 2 2
left_child=4 3 -3 -2 5 6 8 -6 12 -9 -11 -12 13 -1
right_child=1 2 -4 -5 7 -7 -8 9 -10 10 11 -13 -14 -15
leaf_value=0.00044338345670233675 -0.026379722369261338 -0.0083600427159062508 0.032620966379858493 0.0014538557350786867 -0.00039383193415351656 -0.0095433791959944874 -0.013823137640793853 -0.0086206023529635124 -0.016359886175395473 -0.0041551106638484849 0.012562929860962234 0.045345661376330823 -0.0091347708222951057 0.013168992968307178
leaf_weight=32.289724614471197 3.1635933779180041 2.7003579172305736 6.1267269940581182 121.12245703581721 63.74833176843822 76.654048012569547 19.148086573928595 4.1693955585360554 6.846862726379185 4.9536922127008465 7.6842959970235807 5.986274047754705 10.588539604097603 48.64681388810277
leaf_count=227 28 21 49 1065 414 496 143 27 67 33 43 32 72 283
internal_value=3.63762e-05 0.0020077 0.0205092 0.000540475 -0.000902219 -0.00299869 0.00131468 0.00378214 0.00437071 0.014987 0.020442 0.0290307 0.00608159 0.00815947
internal_weight=413.829 133.113 8.82708 124.286 280.716 194.174 117.52 86.542 98.3719 22.7937 18.6243 13.6706 91.5251 80.9365
internal_count=3000 1163 70 1093 1837 1288 792 549 649 135 108 75 582 510
is_linear=0
shrinkage=0.03


Tree=300
num_leaves=15
num_cat=1
split_feature=36 26 30 44 23 2 23 20 4 26 28 10 28 4
split_gain=0.853783 3.9891 2.55193 3.98444 3.04782 1.91064 1.47727 3.37248 3.24316 2.84812 4.83659 4.25973 3.0215 4.33295
threshold=6.5000000000000009 41.550000000000004 23.450000000000003 2.2369564771652226 10.301098882517069 0 9.7078591041052498 -3.3533926585095166 82.950000000000017 38.783333333333339 67.350000000000009 1922.2609086213554 65.550000000000011 60.850000000000001
decision_type=2 2 8 2 2 1 2 2 2 2 10 2 8 2
left_child=6 -2 4 5 -3 -4 9 -8 -9 10 11 -1 13 -11
right_child=1 2 3 -5 -6 -7 7 8 -10 12 -12 -13 -14 -15
leaf_value=0.03000172450146223 -0.024029104736173999 -0.0011691246648805006 0.020703729133417798 -0.026164620985426067 0.033296379611886084 -0.0064158398640392165 0.013134867313666445 -0.0032633139562888562 0.015249130814553301 0.0013339662107732817 -0.015609227333874834 -0.0066657718384038516 0.0041160500434131754 -0.015497511286260288
leaf_weight=10.450251661241056 6.3384948885068324 5.2562476769089717 3.349937476217745 4.6182374430354685 3.0298579146619886 4.3006444126367569 12.470789214130489 180.44439008948393 7.9548891487065694 41.703724186867476 3.3133316002786151 3.3736502006649962 107.4849694147706 19.445411775261164
leaf_count=56 48 33 20 49 27 28 99 1456 60 251 25 21 687 140
internal_value=3.53399e-05 -0.00503414 0.00166635 -0.00685421 0.0136618 0.00647955 0.000400032 -0.00138019 -0.00240527 0.00232202 0.0136209 0.0212072 0.00110026 -0.00418168
internal_weight=413.535 26.8934 20.5549 12.2688 8.28611 7.65058 386.641 200.87 188.399 185.771 17.1372 13.8239 168.634 61.1491
internal_count=3000 205 157 97 60 48 2795 1615 1516 1180 102 77 1078 391
cat_boundaries=0 1
cat_threshold=1
is_linear=0
shrinkage=0.03


Tree=301
num_leaves=15
num_cat=0
split_feature=12 10 25 23 29 25 23 3 1 23 24 15 42 23
split_gain=0.841949 1.53129 1.50043 1.34552 1.85844 3.20273 1.4195 4.06077 1.74191 1.67271 3.80559 2.42236 2.65782 2.3319
threshold=119.48565072302547 2787.9400314721183 0.90389909987158867 12.515966792364912 20.050000000000004 0.90752542503807432 11.742691513639256 178.05000000000004 19.500000000000004 11.510839147651897 466.68333333333339 14.483333333333336 17.403923034667972 10.963366371690922
decision_type=2 2 2 2 8 2 2 2 2 2 2 2 2 2
left_child=1 3 -2 6 -5 -6 9 8 -8 11 -11 12 13 -1
right_child=2 -3 -4 4 5 -7 7 -9 -10 10 -12 -13 -14 -15
leaf_value=0.00043651451827478581 0.02024264303548402 -0.01768100533850548 -0.011207326762366956 0.026724655651568535 -0.015571614664488833 0.019528740546800892 -0.001172639170563935 0.013889090037984017 -0.028028503823661469 0.024739260128115583 -0.0076751188011865423 0.017194302988481003 -0.023780090590837782 -0.0082099542638661982
leaf_weight=331.01006845012307 3.4515771488659075 3.4225865164771667 1.2155586488079277 2.9961633943021271 3.9464188441634187 3.4428510591387749 3.2662709802389127 3.8900944218039504 6.0839295536279678 6.4381178021430951 5.1421678215265274 6.0349739808589211 3.3903606161475173 29.666298672556877
leaf_count=2077 353 57 26 17 33 21 21 22 43 38 35 50 20 187
internal_value=3.51681e-05 -0.000123759 0.0115193 6.76535e-05 0.0102355 0.00116095 -0.000224912 -0.00952479 -0.0196667 0.000121741 0.0108799 -0.000243285 -0.000578647 -0.000295407
internal_weight=413.397 408.73 4.66714 405.308 10.3854 7.38927 394.922 13.2403 9.3502 381.682 11.5803 370.102 364.067 360.676
internal_count=3000 2621 379 2564 71 54 2493 86 64 2407 73 2334 2284 2264
is_linear=0
shrinkage=0.03


Tree=302
num_leaves=15
num_cat=3
split_feature=30 41 30 25 37 39 41 7 22 30 15 7 19 2
split_gain=0.874596 2.56672 1.78781 1.04294 1.31876 1.27784 5.70472 4.9568 4.78666 3.54096 3.97569 3.40621 3.93634 5.5855
threshold=30.550000000000004 86.688293457031264 29.650000000000002 0.91726499210002455 11.500000000000002 0.79861111111111116 77.583641052246108 0 468.21666666666675 21.350000000000005 13.250000000000002 1 91.872115504287521 2
decision_type=10 2 10 2 2 2 2 1 2 8 2 1 2 1
left_child=2 -2 3 5 -5 6 8 -8 9 -1 -11 12 13 -7
right_child=1 -3 -4 4 -6 11 7 -9 -10 10 -12 -13 -14 -15
leaf_value=-0.013842284618064991 -0.018340607528663944 0.013994121416358947 0.017550725529756381 0.020895504404402007 -0.0025399424266416243 -0.0030481193122410678 0.0070165126520172075 -0.0074598338481167911 0.042547386298026527 0.035171965692827586 0.00064494970437586874 -0.0034439838966881073 0.00060407910336715824 0.028980504404196847
leaf_weight=4.0343749148305514 6.1945144508499634 2.3351165163330734 4.3027409501373759 3.7620072215795508 3.601974718272686 8.30134067684412 27.815900076413527 36.754036378348246 4.023671466857194 4.5217535272240639 6.659775085747242 192.7378492669668 97.797161397524178 10.379366725683212
leaf_count=30 51 21 23 20 21 51 222 291 21 26 46 1440 683 54
internal_value=3.4681e-05 -0.0089489 0.000245618 1.63891e-05 0.0104993 -0.000206173 0.00305771 -0.00127932 0.0169573 0.00798376 0.0163486 -0.00109782 0.00283272 0.0153159
internal_weight=413.222 8.52963 404.692 400.389 7.36398 393.025 83.8095 64.5699 19.2396 15.2159 11.1815 309.216 116.478 18.6807
internal_count=3000 72 2928 2905 41 2864 636 513 123 102 72 2228 788 105
cat_boundaries=0 1 2 3
cat_threshold=12745 51750 1
is_linear=0
shrinkage=0.03


Tree=303
num_leaves=15
num_cat=1
split_feature=39 1 18 39 7 45 45 14 3 39 39 14 28 25
split_gain=0.846151 1.36398 1.65642 1.21412 3.1826 3.39908 2.69343 1.89163 2.49224 1.57587 1.55939 2.1494 1.47976 1.37392
threshold=0.49935358758888176 20.500000000000004 2082.0666666666671 0.67316729323308289 0 1.6659271121025088 1.811734735965729 22.81666666666667 171.35000000000005 0.58777429467084652 0.70276497695852547 21.916666666666668 66.450000000000017 0.90896216595129642
decision_type=2 2 2 2 1 2 2 2 2 2 2 2 10 2
left_child=1 -1 -3 4 7 -6 12 9 -9 -2 11 -5 -7 -12
right_child=3 2 -4 10 5 6 -8 8 -10 -11 13 -13 -14 -15
leaf_value=-0.019060405132779606 0.040398753340487752 0.01552057827588421 -0.013383628181035938 0.0061465763307118225 0.02054030277686901 -0.029311037570702365 0.010059213927033248 0.021024528548598785 -0.016509280014355778 0.013170348381582141 0.001138854572063024 -0.026464798158844196 -0.0027955329458593421 -0.0030439645917956395
leaf_weight=4.3214898880105448 3.6771300062537176 2.793499618768692 2.3869135687127709 2.4902345389127722 2.1812300160527256 5.9784296788275224 2.4974045478738836 2.1599404229782513 2.2237608165014535 5.8495959416031837 276.09922756114975 3.5951778003945947 2.9132063239812851 93.873435345478356
leaf_count=38 19 17 23 16 12 44 36 19 23 38 2052 38 19 606
internal_value=3.90333e-05 -0.00836816 0.00219211 0.000257189 0.00622935 -0.00467882 -0.0145535 0.0117371 0.0024545 0.0265193 -0.000194594 -0.0141357 -0.0217845 7.22003e-05
internal_weight=413.041 9.5019 5.18041 403.539 27.4807 13.5703 11.389 13.9104 4.3837 9.52673 376.058 6.08541 8.89164 369.973
internal_count=3000 78 40 2922 210 111 99 99 42 57 2712 54 63 2658
cat_boundaries=0 1
cat_threshold=12688
is_linear=0
shrinkage=0.03


Tree=304
num_leaves=15
num_cat=0
split_feature=33 20 41 1 45 43 33 20 29 15 41 23 16 3
split_gain=0.842715 1.04063 1.63654 1.33874 1.20892 2.16774 2.1838 1.82642 2.48427 2.28997 1.87972 2.25847 1.76457 4.34046
threshold=35.500000000000007 7.2654060066740271 90.360641479492202 21.500000000000004 1.9146810770034792 125.50000000000001 25.500000000000004 1.4093437152390995 10.750000000000002 13.716666666666667 91.243244171142592 9.6115651100249249 202.28333333333339 175.45000000000002
decision_type=2 2 2 2 2 2 2 2 10 2 2 2 2 2
left_child=1 4 -3 -4 5 7 -7 10 9 -9 12 -12 13 -1
right_child=-2 2 3 -5 -6 6 -8 8 -10 -11 11 -13 -14 -15
leaf_value=-0.0029857241999669921 -0.012376039029903961 0.02411682260849218 0.014970874462174358 -0.01864397358896477 -0.0095952282472065512 -0.0064437069659103088 0.015333922058748124 -0.010632245602901087 -0.025941678803142233 0.013019100926497103 0.0024057289629071722 -0.021934614899810866 0.00021591256203674133 0.029348831406440064
leaf_weight=8.5017119795083982 3.8632657285779706 2.9991246990393838 0.91064808494411442 1.5152163950260726 10.494017268996684 4.99936808459461 14.626303328201173 9.1893128380179423 4.6595402099192134 4.7910142354667178 6.0816925279796106 6.374615877866745 328.4589104577899 5.4445891305804244
leaf_count=50 31 197 103 86 111 31 96 56 28 26 35 48 2074 28
internal_value=3.87986e-05 0.000185948 0.0121645 -0.00533867 -4.71939e-06 0.000274983 0.00974292 -0.000247199 -0.00915278 -0.00219898 0.000244992 -0.010755 0.000675313 0.0107566
internal_weight=412.909 409.046 5.42499 2.42586 403.621 393.127 19.6257 373.501 18.6399 13.9803 354.862 12.4563 342.405 13.9463
internal_count=3000 2969 386 189 2583 2472 127 2345 110 82 2235 83 2152 78
is_linear=0
shrinkage=0.03


Tree=305
num_leaves=15
num_cat=0
split_feature=30 41 30 19 19 39 4 38 30 29 39 6 16 41
split_gain=0.839276 2.60948 1.48375 2.26085 2.41677 2.92468 2.0733 2.06945 1.6016 1.46081 1.30666 4.54967 4.15064 2.65702
threshold=30.750000000000004 86.688293457031264 27.550000000000004 100.99289780656035 116.40295985589775 0.98430141287284145 77.450000000000017 3.5000000000000004 27.250000000000004 7.9500000000000011 1.2471198156682031 9.5000000000000018 205.48333333333338 82.52807998657228
decision_type=10 2 10 2 2 2 2 2 10 8 2 2 2 2
left_child=2 -2 8 6 5 -5 -4 -6 9 -1 -11 12 13 -12
right_child=1 -3 3 4 7 -7 -8 -9 -10 10 11 -13 -14 -15
leaf_value=0.015089758239656366 -0.019668111185789993 0.013625886999937326 -0.020800767982833972 0.036892351221866286 -0.016642651247953423 0.0029533788570039196 0.010567824336461341 0.014671983104232731 -0.019366900951945425 -0.00083277579128927272 0.020161318388210305 -0.017087036497291312 -0.018137923179468118 0.0020240649994128133
leaf_weight=4.6910222077276549 5.3691024663858107 2.3304560920223594 3.150419287383559 4.7239745855331403 2.8680267510935655 4.1173571199178696 2.6435024477541447 2.7388625133316964 2.8806794276460996 337.53314395458438 17.579469319432977 6.1527164613362393 3.5185179263353339 12.343331573065369
leaf_count=29 47 19 23 23 31 23 17 24 24 2481 94 42 24 99
internal_value=3.69093e-05 -0.00918297 0.000234406 0.007953 0.0140318 0.0229933 -0.00703982 -0.00144057 -0.000191299 3.58669e-06 -0.000223478 0.00486325 0.00928065 0.012987
internal_weight=412.641 7.69956 404.941 20.2421 14.4482 8.84133 5.79392 5.60689 384.699 381.818 377.127 39.594 33.4413 29.9228
internal_count=3000 66 2934 141 101 46 40 55 2793 2769 2740 259 217 193
is_linear=0
shrinkage=0.03


Tree=306
num_leaves=15
num_cat=0
split_feature=43 42 45 45 28 22 43 38 26 16 3 20 45 42
split_gain=0.836686 2.08305 2.04835 2.87383 2.64947 1.97626 1.82903 6.98948 5.28413 4.81846 4.42462 4.15962 3.06184 8.71091
threshold=96.500000000000014 14.670602321624758 1.6426314711570742 1.6573674678802492 64.450000000000017 438.68333333333339 108.50000000000001 4.5000000000000009 50.31666666666667 205.15000000000001 162.35000000000005 -1.0805339265851577 1.7146998047828677 15.741800785064699
decision_type=2 2 2 2 8 2 2 2 2 2 2 2 2 2
left_child=-1 -2 4 5 -3 -4 7 9 -9 10 -5 -11 -12 -14
right_child=1 2 3 6 -6 -7 -8 8 -10 11 12 -13 13 -15
leaf_value=0.013913107905634884 -0.017701189596406434 -0.0067952873456420381 -0.021608349507284005 -0.014439020812017653 0.014923886379969714 0.00028390145519285696 0.0013272762984400334 -0.02330963490752215 0.012056545086861666 0.0038787640569052746 -0.0006372108450630338 -0.030675826285202625 0.034907600469706979 0.00056750918515159111
leaf_weight=2.8735909909009925 4.9603901021182528 6.4628300443291691 8.4356151297688466 7.309092938899993 16.254027258604765 6.0747419297695151 282.63507876591757 19.770056374371055 3.9961562678217879 5.4012722373008728 16.386890396475792 5.8670843020081502 10.937742963433267 15.080014064908026
leaf_count=18 43 40 62 45 101 41 2141 146 25 32 107 46 61 92
internal_value=3.58308e-05 -9.51836e-05 0.000163769 -0.000366573 0.00871891 -0.0130158 0.000167002 -0.00367286 -0.0171163 0.001758 0.00581281 -0.0151466 0.00955576 0.0157616
internal_weight=412.445 409.571 404.611 381.894 22.7169 14.5104 367.383 84.7483 23.7662 60.9821 49.7137 11.2684 42.4046 26.0178
internal_count=3000 2982 2939 2798 141 103 2695 554 171 383 305 78 260 153
is_linear=0
shrinkage=0.03


Tree=307
num_leaves=15
num_cat=1
split_feature=41 41 28 41 13 1 41 3 7 8 3 16 15 14
split_gain=0.838125 1.37138 1.80204 1.17184 3.28808 3.06339 1.41201 3.23547 1.562 3.63085 5.66932 5.29751 5.02705 3.79695
threshold=96.128074645996108 94.350978851318374 59.95000000000001 91.696506500244155 6.2343333333333346 21.500000000000004 90.66666412353517 169.25000000000003 0 1.0000000180025095e-35 165.85000000000005 204.71666666666667 13.183333333333335 23.050000000000004
decision_type=2 2 10 2 2 2 2 2 1 2 2 2 2 2
left_child=1 3 -3 6 -5 -6 8 -8 9 10 13 -12 -13 -1
right_child=-2 2 -4 4 5 -7 7 -9 -10 -11 11 12 -14 -15
leaf_value=0.024327355717623119 -0.012925915107582352 0.029324614053561265 -0.0034968040965393018 -0.019833234051249173 0.026586013270722623 -0.0096131184358833541 -0.010136333963830856 0.027304817318834652 0.0011490050521760931 -0.0095417405707747052 -0.012832662325045352 -0.0027110428387220691 0.034114015932811194 -0.010227712816947468
leaf_weight=11.83949103951454 3.4445848772302261 2.286080860067158 2.428102555219084 8.1487573015037906 2.8042294140905133 3.8795279453042895 2.7946315067820242 4.1309702969156206 286.11426411382854 44.772626436315477 23.181426213821396 9.2293499447405321 4.1115881353616706 3.06948910630308
leaf_count=72 99 32 23 63 44 47 22 33 1944 332 169 66 23 31
internal_value=3.15591e-05 0.000172019 0.014766 -3.4275e-05 -0.00803521 0.00705798 0.000290417 0.0128238 3.05153e-05 -0.00307534 0.00204194 -0.00436186 0.0102256 0.0170174
internal_weight=412.235 408.791 4.71418 404.076 14.8325 6.68376 389.244 6.9256 382.318 96.204 51.4313 36.5224 13.3409 14.909
internal_count=3000 2901 55 2846 154 91 2692 55 2637 693 361 258 89 103
cat_boundaries=0 1
cat_threshold=18507
is_linear=0
shrinkage=0.03


Tree=308
num_leaves=15
num_cat=1
split_feature=12 30 12 7 33 44 28 18 14 41 30 41 20 46
split_gain=0.84153 3.58497 3.20044 2.81656 2.59884 2.36992 4.21884 5.46394 4.1377 3.5574 3.30154 3.10573 3.15325 3.04316
threshold=-2.6880978865407568 15.250000000000002 -0.72591768631829356 0 27.500000000000004 2.1916913986206059 67.850000000000009 2051.5000000000005 21.216666666666672 83.516040802001967 24.150000000000002 85.477012634277358 0.55183537263623406 251.1956481933594
decision_type=2 8 2 1 2 2 8 2 2 2 10 2 2 2
left_child=-1 -2 4 -4 -3 8 11 -8 -5 10 -10 12 -7 -9
right_child=1 2 3 5 -6 6 7 13 9 -11 -12 -13 -14 -15
leaf_value=-0.00089775570251038285 -0.025753430304703191 0.032562532804656569 -0.0048293418031601166 0.021476920061147216 0.0015710036387306461 0.0021512968668372149 0.022447605797928743 -0.019519294930169583 -0.024355876225908048 0.0072661028054417515 0.0096774996157005192 0.00074185663773067181 0.031775084523770536 0.0014671303439420082
leaf_weight=279.64040629193187 3.072345827240496 4.6593378931283933 35.705010514706373 4.137953199446204 4.4613609332591295 4.5044250637292924 7.4956136457622042 7.9048971948213902 10.706564646214249 7.6662082225084296 2.6932091265916815 7.1662645339965811 12.031192136695607 20.205167106818408
leaf_count=1837 28 27 317 26 27 26 44 50 76 43 17 120 89 273
internal_value=3.48272e-05 0.00199635 0.00284806 0.00147131 0.0190562 0.00422882 0.00795865 0.00131126 -0.00290283 -0.00844798 -0.0173185 0.0174872 0.0242882 -0.00490231
internal_weight=412.05 132.41 129.337 120.217 9.1207 84.5115 59.3076 35.6057 25.2039 21.066 13.3998 23.7019 16.5356 28.1101
internal_count=3000 1163 1135 1081 54 764 602 367 162 136 93 235 115 323
cat_boundaries=0 1
cat_threshold=35877
is_linear=0
shrinkage=0.03


Tree=309
num_leaves=15
num_cat=0
split_feature=32 25 3 22 36 1 33 37 4 12 3 22 6 23
split_gain=0.838558 0.927089 4.03226 3.3631 4.48457 3.42437 3.22496 5.03188 4.01429 3.06999 2.82977 3.19506 2.95597 2.805
threshold=14.500000000000002 0.90164504972008697 179.75000000000003 421.85000000000008 4.5000000000000009 19.500000000000004 25.500000000000004 9.5000000000000018 58.550000000000004 40.980088987763992 183.35000000000005 490.46666666666675 6.5000000000000009 10.11465875938987
decision_type=2 2 2 2 2 2 2 2 2 2 2 2 2 2
left_child=-1 2 6 5 -5 -4 7 -2 -9 -8 -3 12 -12 -14
right_child=1 10 3 4 -6 -7 9 8 -10 -11 11 -13 13 -15
leaf_value=-0.013432989981349282 -0.011512612802854467 0.0019839434096498298 -0.0050464353702162562 0.0096059558814317065 -0.022658935161896293 0.028974490042110199 -0.011091492994725493 -0.0024310436480802144 0.037050296042644815 0.009146325532323132 -0.0014136223193037475 0.014602000206675174 -0.03230429265326034 -0.0040153266276440822
leaf_weight=3.1199495473410925 7.0734231241513035 273.74083531042561 3.4064170471392599 10.120929481694473 4.9587063072249284 8.0023900298401696 55.203781324438751 3.7555018514394742 4.6016605864278972 6.9038293948397031 13.892019244376575 4.1811908427625886 7.2340782247483713 5.6328376866877079
leaf_count=37 70 1721 29 83 41 66 396 29 51 258 100 25 56 38
internal_value=3.40517e-05 0.000169391 -0.00226271 0.00765457 -0.0017532 0.0192285 -0.00570495 0.006271 0.0209446 -0.00873259 0.00100446 -0.00745223 -0.0113002 -0.0211027
internal_weight=411.828 408.708 104.027 26.4884 15.0796 11.4088 77.5382 15.4306 8.35716 62.1076 304.681 30.9401 26.7589 12.8669
internal_count=3000 2963 1023 219 124 95 804 150 80 654 1940 219 194 94
is_linear=0
shrinkage=0.03


Tree=310
num_leaves=15
num_cat=0
split_feature=8 12 23 20 18 20 8 25 12 22 26 33 16 43
split_gain=0.835213 1.70217 2.2413 1.22529 1.84327 1.27089 3.0304 1.40944 1.23972 3.23016 3.11947 2.49434 2.27504 2.19118
threshold=2.5000000000000004 -25.424137931034725 9.7779072155256603 -4.2016685205784681 2170.5166666666669 -3.5496106785317605 1.0000000180025095e-35 0.90738438898914586 -36.303003337041375 433.58333333333343 39.850000000000009 30.500000000000004 205.81666666666669 106.50000000000001
decision_type=2 2 2 2 2 2 2 2 2 2 2 2 2 2
left_child=3 -2 -3 4 -1 6 7 -5 9 10 -7 13 -11 -12
right_child=1 2 -4 5 -6 8 -8 -9 -10 12 11 -13 -14 -15
leaf_value=-0.022708736296276136 -0.0074361429981951045 0.028464164484245141 -0.0044409990167549656 0.027877929446619865 0.0054406743677118249 -0.014854006435977972 -0.010277796744704167 0.0024223340951020729 0.00041606645855184855 -0.016322422198574309 -0.0062423734204050865 -0.011476659051825237 0.010080773410103936 0.017092159656401616
leaf_weight=4.1531893201172343 3.4736953750252724 3.8972728624939901 2.6223499763291329 4.8565564975142461 2.9867256041616201 6.5880730114877251 4.0786665119230738 3.2497992143034935 329.96966339321807 19.790627895854417 4.1405746415257516 4.3356024883687487 2.7312794700264922 14.641672323457895
leaf_count=42 23 19 28 28 28 50 31 23 2378 173 30 34 20 93
internal_value=3.23748e-05 0.00819069 0.0163984 -0.000190518 -0.0117117 4.71547e-05 0.00920481 0.0190596 -0.000268064 -0.00451694 0.00199676 0.00721564 -0.012828 0.0118925
internal_weight=411.516 9.99332 6.51962 401.522 7.13991 394.383 12.185 8.10636 382.197 52.2278 29.7059 23.1178 22.5219 18.7822
internal_count=3000 70 47 2930 70 2860 82 51 2778 400 207 157 193 123
is_linear=0
shrinkage=0.03


Tree=311
num_leaves=15
num_cat=0
split_feature=18 6 41 15 18 4 36 3 11 46 44 3 45 45
split_gain=0.825809 5.25281 2.55834 2.12379 2.06563 4.32251 3.70167 2.97528 2.89761 4.46504 2.49131 2.0558 3.4566 3.47843
threshold=1990.3000000000004 4.5000000000000009 78.442672729492202 13.550000000000002 2007.2333333333336 70.450000000000017 4.5000000000000009 173.15000000000001 185691.00000000003 205.468620300293 2.1984026432037358 160.75000000000003 1.7691909670829775 1.7868555784225466
decision_type=2 2 2 2 2 2 2 2 2 2 2 2 2 2
left_child=1 2 -1 -3 5 6 7 -2 -6 10 -10 12 -11 -14
right_child=4 3 -4 -5 8 -7 -8 -9 9 11 -12 -13 13 -15
leaf_value=-0.011908334634808431 -0.0078910386882413922 -0.022165264956610212 0.018995136804333158 0.00068130795127226151 -0.011728488125318209 0.031214085406322267 -0.022093260347600559 0.026355177948246562 0.0021446011499738084 0.011732777703971412 0.03164208457035491 -0.000900236027806068 -0.032213209539862973 0.0037515199629102602
leaf_weight=2.5410255640745181 3.5282661430537718 11.071954421699049 7.8425890188664198 5.172769743949174 17.280076908413321 4.9562980607151976 3.594916507601738 4.0194386169314384 4.6130143105983716 27.635124016553164 5.3206763863563538 304.47875286289491 2.6593388393521291 6.6312140026129782
leaf_count=18 24 77 42 32 118 26 23 24 28 167 27 2297 17 80
internal_value=3.08981e-05 -0.00497945 0.0110508 -0.0152726 0.000389702 0.0105831 -0.000408578 0.0112961 -8.29084e-05 0.000521525 0.019393 -8.26036e-05 0.00650533 -0.00867304
internal_weight=411.345 26.6283 10.3836 16.2447 384.717 16.0989 11.1426 7.5477 368.618 351.338 9.93369 341.404 36.9257 9.29055
internal_count=3000 169 60 109 2831 97 71 48 2734 2616 55 2561 264 97
is_linear=0
shrinkage=0.03


Tree=312
num_leaves=15
num_cat=1
split_feature=30 41 30 7 32 23 45 23 3 3 3 39 14 26
split_gain=0.832629 2.36028 1.68821 1.03384 4.73168 3.38988 6.54054 4.55976 3.17133 4.72151 4.71622 4.62697 3.08158 2.79075
threshold=30.550000000000004 86.688293457031264 29.650000000000002 0 18.500000000000004 8.8843460206545863 1.7130619287490847 8.2876448687950255 162.05000000000004 170.35000000000005 180.55000000000004 1.0244897959183674 21.583333333333339 41.95000000000001
decision_type=10 2 10 1 2 2 2 2 2 2 2 2 2 2
left_child=2 -2 3 4 8 7 12 -6 -1 11 -11 -10 -7 -8
right_child=1 -3 -4 -5 5 6 13 -9 9 10 -12 -13 -14 -15
leaf_value=-0.031217912857680045 -0.017925438143467667 0.013168111516973922 0.017057080422485237 -0.00075843253476714676 0.011858859472352646 0.011243803439458537 0.0017599094384054314 -0.021451427883726972 0.025745176319411901 -0.022344228714911693 0.010507092546096487 -0.010179650016588871 -0.018143252387016501 0.027924706730872197
leaf_weight=2.8683972924482104 6.0705860003363323 2.342114822473377 4.2995902430266133 320.54981751274318 7.081568740308283 5.0948255956172925 4.7057163966819671 5.8581894114613533 7.0806388058699685 11.384550230810421 5.0491457344032815 4.6552671629469842 5.895600438117981 18.258111586561427
leaf_count=20 51 21 23 2377 40 29 26 41 47 92 33 32 38 130
internal_value=3.08202e-05 -0.00878961 0.00023636 1.26223e-05 0.00288423 0.0091861 0.0140538 -0.00367867 -0.00572629 -0.00214934 -0.0122271 0.0118145 -0.00471873 0.0228602
internal_weight=411.194 8.4127 402.781 398.482 77.932 46.894 33.9543 12.9398 31.038 28.1696 16.4337 11.7359 10.9904 22.9638
internal_count=3000 72 2928 2905 528 304 223 81 224 204 125 79 67 156
cat_boundaries=0 1
cat_threshold=900
is_linear=0
shrinkage=0.03


Tree=313
num_leaves=15
num_cat=0
split_feature=18 42 42 20 10 24 45 4 46 46 24 18 20 9
split_gain=0.813128 3.60839 3.32977 2.98737 2.98543 2.90521 2.66352 2.30571 2.24886 2.1761 4.40879 2.96622 2.83434 1.96218
threshold=2181.3666666666672 15.748600006103517 16.142793655395511 -0.2145717463849133 2314.3385268530983 467.58333333333337 1.7318739891052248 60.95000000000001 343.14633178710943 313.74627685546881 476.55000000000007 2167.0333333333338 -1.5607341490545505 9365.6000000000004
decision_type=2 2 2 2 2 2 2 2 2 2 2 2 2 2
left_child=9 3 7 5 -4 6 -2 -3 -7 11 12 13 -11 -1
right_child=1 2 4 -5 -6 8 -8 -9 -10 10 -12 -13 -14 -15
leaf_value=0.00032399666866818436 0.016657930410730604 -0.00022157576091172917 -0.012159623237967078 -0.0066210290559469299 0.013427314233594953 0.044563404881304142 -0.015332621611912293 -0.025878967115583091 0.012984627664877041 0.016962689009119129 -0.023453171730686208 0.025015002213230501 -0.010009932152609048 -0.010466470061882487
leaf_weight=320.0569841270335 4.6031881496310296 5.508010961115362 5.2313143163919475 5.2136001735925666 11.353387343464417 3.7041432932019216 3.0584604516625404 6.4252046942710876 5.7397102192044258 5.5801392993889749 9.7326924852095527 3.2566676805727175 6.5501016615889984 14.919412683695553
leaf_count=2087 26 32 32 35 356 19 21 48 34 36 94 24 48 108
internal_value=2.87093e-05 0.00354224 -0.00350622 0.0123125 0.00512391 0.0181302 0.00359177 -0.0149691 0.0284517 -0.000475754 -0.00943338 0.000129356 0.00274487 -0.000186319
internal_weight=410.933 50.837 28.5179 22.3191 16.5847 17.1055 7.66165 11.9332 9.44385 360.096 21.8629 338.233 12.1302 334.976
internal_count=3000 603 468 135 388 100 47 80 53 2397 178 2219 84 2195
is_linear=0
shrinkage=0.03


Tree=314
num_leaves=15
num_cat=1
split_feature=39 42 39 7 45 14 20 12 39 41 39 14 43 20
split_gain=0.808283 1.30595 1.11682 2.95396 3.19608 2.51968 2.05224 2.59442 1.56371 1.49527 1.49599 2.11039 1.40267 3.34096
threshold=0.49935358758888176 15.488782405853273 0.67316729323308289 0 1.6659271121025088 22.750000000000004 -0.35750834260294506 10.802113459399104 0.58777429467084652 96.128074645996108 0.70276497695852547 21.916666666666668 116.50000000000001 2.0961067853169575
decision_type=2 2 2 1 2 2 2 2 2 2 2 2 2 2
left_child=1 -1 3 6 -5 -6 -2 -8 -7 10 11 -4 13 -12
right_child=2 -3 9 4 5 8 7 -9 -10 -11 12 -13 -14 -15
leaf_value=0.0067801774574646053 0.027745967182067299 -0.01510549635625035 0.0062263675774747928 0.019774066929046465 -0.025736886501311569 -0.015131398451457584 -0.014166078810521071 0.02052483937509797 0.013498397390525271 -0.0186906851553728 -0.00043966873729583484 -0.026224195976257532 0.0031956111087786294 -0.025417920294748288
leaf_weight=2.9563475698232633 8.1157218702137452 6.4398397593759 2.4841253310441962 2.1881093382835415 6.1599510014057142 1.9779459377750752 2.816336289048194 2.9976563206873834 3.0704409317113459 2.891708727227523 257.33225995674729 3.4860642577987164 103.89383714902215 3.9123490899801245
leaf_count=19 50 59 16 12 46 15 18 31 38 92 1631 35 914 24
internal_value=2.9329e-05 -0.00822972 0.000242671 0.00598614 -0.00456415 -0.0142846 0.0112682 0.00410754 0.00163415 -0.000191816 2.17037e-06 -0.0137658 0.000264265 -0.000909236
internal_weight=410.723 9.39619 401.327 27.3262 13.3964 11.2083 13.9297 5.81399 5.04839 374 371.109 5.97019 365.138 261.245
internal_count=3000 78 2922 210 111 99 99 49 53 2712 2620 51 2569 1655
cat_boundaries=0 1
cat_threshold=12688
is_linear=0
shrinkage=0.03


Tree=315
num_leaves=15
num_cat=0
split_feature=12 12 4 19 26 14 14 44 6 28 22 26 30 44
split_gain=0.80626 3.61178 2.9701 3.0641 5.407 3.54776 3.99858 3.0727 3.09244 3.01825 2.96699 2.96497 3.97926 3.27688
threshold=-28.639043381535163 -26.545828698554235 80.350000000000009 122.08951948045582 41.350000000000009 23.383333333333336 22.450000000000003 2.1649559736251835 5.5000000000000009 59.750000000000007 458.71666666666675 47.45000000000001 21.250000000000004 2.2330446243286137
decision_type=2 2 2 2 2 2 2 2 2 10 2 2 8 2
left_child=2 -2 3 5 -5 6 7 8 9 -1 -10 13 -13 -8
right_child=1 -3 -4 4 -6 -7 11 -9 10 -11 -12 12 -14 -15
leaf_value=0.022538095860275196 0.015740609541895836 0.00010025426286227659 -0.022016503628040706 -0.017809762467611477 0.015109793015278681 -0.02631794520014032 -0.00088097347892475907 -0.013705447158392616 -0.019176836493362371 -0.0058208407261559512 0.011411186909698034 0.018969564770105685 -0.020626064933805231 0.026452409912160718
leaf_weight=7.1319676414132136 12.926718249917029 290.19964951020665 5.4046884141862384 4.8427930693142143 19.546061551664025 4.8660239465534678 6.5303836315870312 25.985214255750179 7.9283805564045888 5.2021885961294174 3.4037290811538696 2.696114905178546 5.14393649995327 8.7440089732408506
leaf_count=40 72 2148 49 38 145 40 43 192 58 35 24 17 44 55
internal_value=2.4978e-05 0.000816795 -0.00219625 -0.000942726 0.00812908 -0.00385986 -0.00202162 -0.00678428 0.00106262 0.0110376 -0.00980905 0.00806599 -0.00640398 0.0154303
internal_weight=410.552 303.126 107.425 102.021 24.3889 77.6319 72.7659 49.6515 23.6663 12.3342 11.3321 23.1144 7.84005 15.2744
internal_count=3000 2220 780 731 183 548 508 349 157 75 82 159 61 98
is_linear=0
shrinkage=0.03


Tree=316
num_leaves=15
num_cat=1
split_feature=32 25 3 41 39 7 44 20 15 4 16 14 45 3
split_gain=0.802495 0.897184 3.79895 4.01951 4.92634 3.3103 4.00368 3.56973 3.41326 3.29764 3.90583 3.21703 2.79823 2.63932
threshold=14.500000000000002 0.90164504972008697 176.95000000000002 77.893646240234389 1.1483516483516485 0 2.1475286483764653 -2.2477196885428774 14.850000000000003 56.850000000000001 205.25000000000003 23.583333333333339 1.6911491155624392 183.35000000000005
decision_type=2 2 2 2 2 1 2 2 2 2 2 2 2 2
left_child=-1 2 5 -4 11 7 -7 -2 -8 -9 -11 12 -5 -3
right_child=1 13 3 4 -6 6 8 9 -10 10 -12 -13 -14 -15
leaf_value=-0.013216873266059647 -0.020663319506759953 0.0019202054038942326 -0.013400522500601617 -0.0028611062473776522 -0.012630227568879682 0.01272000842110233 -0.016892205641164355 -0.010799522129924286 0.014449113175034963 0.023966230275049936 -0.012563851249241842 -0.0068101426589421959 0.026960765594796758 -0.0072296775090910891
leaf_weight=3.0798344796057782 3.1215615151450065 273.21292549627833 6.9778825987596056 3.2072232887148955 5.669656502082943 4.6577009595930567 39.226807020138949 4.4186635394580689 2.6425303556025019 11.729449834208934 2.6461345776915541 3.7816075519658616 15.341553177684544 30.661637010518461
leaf_count=37 26 1721 50 21 57 29 291 46 179 136 18 87 83 219
internal_value=2.23961e-05 0.000154633 -0.00224578 0.0056933 0.0107497 -0.00632662 -0.00964628 0.00351148 -0.0146232 0.0101418 0.0168623 0.0169727 0.0219218 0.000976276
internal_weight=410.375 407.295 103.421 34.9779 28 68.4428 46.527 21.9158 41.8693 18.7942 14.3756 22.3304 18.5488 303.875
internal_count=3000 2963 1023 298 248 725 499 226 470 200 154 191 104 1940
cat_boundaries=0 1
cat_threshold=50884
is_linear=0
shrinkage=0.03


Tree=317
num_leaves=15
num_cat=0
split_feature=12 4 29 43 41 44 29 23 15 43 24 19 42 3
split_gain=0.80771 3.65587 3.7719 3.07801 3.86834 4.84065 4.34064 4.77018 3.74307 3.56686 3.5347 3.52595 2.87089 2.84886
threshold=-2.6880978865407568 80.950000000000017 16.950000000000003 111.50000000000001 86.753833770751967 2.315789103507996 15.250000000000002 7.7363524303920856 14.850000000000003 136.50000000000003 441.15000000000003 91.327895326652495 18.594023704528812 177.05000000000004
decision_type=2 2 8 2 2 2 10 2 2 2 2 2 2 2
left_child=13 3 -3 11 5 6 7 -5 -7 10 -6 -2 -11 -1
right_child=1 2 -4 4 9 8 -8 -9 -10 12 -12 -13 -14 -15
leaf_value=-0.0029219678441492242 0.012846491776094709 -0.0082140275832391935 0.031188700929620887 -0.015913866056323393 0.0074627291845486571 -0.013010346495130453 -0.0087877398260119786 0.020917074799580028 0.020861013512941617 0.023535785089925487 -0.021429293524666698 -0.010012715637527675 -0.0068371516355280612 0.0036151361293946219
leaf_weight=192.41673542652279 6.4507837221026412 2.6523956761229757 6.0984963085502395 2.7756144180893889 4.7565930336713853 12.424031579867004 6.0195215307176104 31.921225041151047 2.8049333356320849 4.601126763969658 12.26541282981634 34.014631312340498 4.9099342352710664 86.020051318686455
leaf_count=1288 37 21 49 16 27 83 38 179 109 34 72 219 279 549
internal_value=1.85557e-05 0.0019458 0.0196282 0.000538994 0.00385345 0.00828108 0.0135881 0.0176075 -0.00587077 -0.00544395 -0.0133897 -0.00614669 0.00869749 -0.00089669
internal_weight=410.131 131.695 8.75089 122.944 82.4784 55.9453 40.7164 34.6968 15.229 26.5331 17.022 40.4654 9.51106 278.437
internal_count=3000 1163 70 1093 837 425 233 195 192 412 99 256 313 1837
is_linear=0
shrinkage=0.03


Tree=318
num_leaves=15
num_cat=0
split_feature=4 24 3 45 46 22 36 46 44 44 4 14 46 3
split_gain=0.809108 3.42181 4.17748 4.12298 3.51755 4.14622 3.51438 2.7336 2.62447 2.52962 2.34333 2.88462 3.14223 2.70336
threshold=54.050000000000004 444.26666666666671 159.45000000000002 1.7130619287490847 217.02651977539065 456.7000000000001 3.5000000000000004 293.07824707031256 2.1196757555007939 2.2131394147872929 57.250000000000007 21.150000000000002 278.79032897949224 167.25000000000003
decision_type=2 2 2 2 2 2 2 2 2 2 2 2 2 2
left_child=1 7 -3 8 -5 6 -6 9 -4 -1 13 12 -12 -2
right_child=10 2 3 4 5 -7 -8 -9 -10 -11 11 -13 -14 -15
leaf_value=0.03349389032312413 0.0042137591287989239 0.022987283153208121 0.00094821905645257084 -0.016565327570661287 -0.00018488495326916262 -0.010556308333348183 0.027945933587946888 -0.0038331867900758257 -0.02493358596988882 0.0029287997785555301 -0.020488316085311702 0.00099512070710917389 0.0043757627604805839 -0.013536529856632982
leaf_weight=6.3819183707237226 10.791436949977649 4.8329275553114703 5.1909980699419966 5.6347479037940529 6.7502501709386733 6.6222658110782495 8.7528767155017686 4.4755868900101623 9.5435685664415342 3.9468817804008722 10.915326151996853 295.89490081439726 6.9373813830316058 23.083282046951354
leaf_count=29 78 29 32 36 53 44 66 36 64 25 92 2195 49 172
internal_value=2.02053e-05 0.00314522 -0.000872892 -0.00405263 0.00280773 0.0082445 0.0164284 0.015233 -0.0163346 0.0231037 -0.000545761 0.000273404 -0.0111068 -0.00792315
internal_weight=409.754 62.132 47.3276 42.4947 27.7601 22.1254 15.5031 14.8044 14.7346 10.3288 347.622 313.748 17.8527 33.8747
internal_count=3000 414 324 295 199 163 119 90 96 54 2586 2336 141 250
is_linear=0
shrinkage=0.03


Tree=319
num_leaves=15
num_cat=0
split_feature=8 39 31 20 18 20 8 39 12 24 26 22 4 14
split_gain=0.798137 2.70272 1.39363 1.19138 1.70949 1.19175 2.90509 1.67847 1.13073 3.3372 3.1153 2.37765 2.43984 2.13857
threshold=2.5000000000000004 0.91372912801484241 3.5000000000000004 -4.2016685205784681 2170.5166666666669 -3.5496106785317605 1.0000000180025095e-35 1.0244897959183674 -36.303003337041375 477.86666666666673 39.850000000000009 442.75000000000006 66.350000000000009 23.116666666666671
decision_type=2 2 8 2 2 2 2 2 2 2 2 2 2 2
left_child=3 -2 -3 4 -1 6 7 -5 9 10 -7 -11 -13 -12
right_child=1 2 -4 5 -6 8 -8 -9 -10 11 13 12 -14 -15
leaf_value=-0.022383309165725045 0.022309527600635135 -0.018866995264358945 0.0079135881495327638 0.0025184609100673216 0.0048763533727289579 -0.01458595113093443 -0.010232958448679524 0.029383140339496752 0.00038191521249613525 -0.029325740644299859 0.011222466243415869 0.0032633470810717793 -0.01821444676584939 -0.013284747086224825
leaf_weight=4.0518466085195533 4.7610929259099048 2.6504525931086391 2.5534493906889111 3.7777383513748628 2.9992519058287144 6.493244323879483 4.0487222634255877 4.3410111740231514 328.64093427569605 4.9546949621289995 19.726978708058599 9.7664593094959873 7.8402377143502227 2.9216434601694337
leaf_count=42 28 22 20 27 28 50 31 24 2378 44 125 81 73 27
internal_value=1.97348e-05 0.00800499 -0.00656886 -0.000198903 -0.0116227 3.53287e-05 0.00890869 0.0185298 -0.000271153 -0.00435073 0.00236262 -0.0127544 -0.00676559 0.00763299
internal_weight=409.528 9.96499 5.2039 399.563 7.0511 392.512 12.1675 8.11875 380.344 51.7033 29.1419 22.5614 17.6067 22.6486
internal_count=3000 70 42 2930 70 2860 82 51 2778 400 202 198 154 152
is_linear=0
shrinkage=0.03


Tree=320
num_leaves=15
num_cat=0
split_feature=43 30 43 30 39 41 9 22 3 38 33 41 43 41
split_gain=0.808496 1.12361 3.07135 1.40337 1.98249 2.9834 1.75453 1.60871 1.45437 1.51444 2.9226 4.12541 3.58102 3.45754
threshold=96.500000000000014 30.750000000000004 117.50000000000001 27.550000000000004 1.0244897959183674 84.195762634277358 8689.883333333335 444.33333333333337 152.05000000000004 2.5000000000000004 28.500000000000004 87.074516296386733 111.50000000000001 77.583641052246108
decision_type=2 10 2 10 2 2 2 2 2 2 2 2 2 2
left_child=-1 3 -3 8 5 7 -6 -5 -2 10 11 -10 13 -12
right_child=1 2 -4 4 6 -7 -8 -9 9 -11 12 -13 -14 -15
leaf_value=0.013660888092901981 0.020239916874152202 -0.024847240201668043 0.010957003534969419 0.01257237314697914 -0.014681413132629821 0.035146190352861338 0.011684654999582727 -0.011162573309683869 0.01070317028575285 -0.001633624104643654 0.00089752674237466874 -0.0084559245979476151 0.0034949672784288575 -0.02607871422693113
leaf_weight=2.8711249306797972 2.0760343791916958 4.3671175129711619 2.8500861818902194 6.2061989530921 4.5700966864824286 3.330063870176672 2.9030343119520694 3.0707482071593404 48.221941541181877 274.62235937942751 7.6333995088934925 11.929593900451435 26.179049843689427 8.5393493101000768
leaf_count=18 13 38 26 35 31 32 22 21 309 2043 46 113 197 56
internal_value=1.54554e-05 -0.00011421 -0.0110953 0.000111502 0.00764572 0.0145031 -0.00426894 0.0043942 -0.000306524 -0.000472857 0.00262275 0.00682729 -0.00336861 -0.0140353
internal_weight=409.37 406.499 7.2172 399.282 20.0801 12.607 7.47313 9.27695 379.202 377.126 102.503 60.1515 42.3518 16.1727
internal_count=3000 2982 64 2918 141 88 53 56 2777 2764 721 422 299 102
is_linear=0
shrinkage=0.03


Tree=321
num_leaves=15
num_cat=0
split_feature=42 20 19 39 1 43 41 29 45 38 44 23 20 14
split_gain=0.793225 4.99056 2.99552 2.50318 2.83364 2.35907 4.33023 3.82337 3.67539 3.08647 3.34196 4.35042 3.34513 2.92128
threshold=15.057237625122072 -1.1156840934371919 108.82484400646588 1.1040157998683346 19.500000000000004 106.50000000000001 77.180385589599624 15.750000000000002 1.7117783427238467 4.5000000000000009 2.2730569839477544 8.9601287953645361 -0.2145717463849133 22.616666666666671
decision_type=2 2 2 2 2 2 2 8 2 2 2 2 2 2
left_child=1 3 -3 4 -1 8 7 -7 -2 10 11 -10 -13 -11
right_child=5 2 -4 -5 -6 6 -8 -9 9 13 -12 12 -14 -15
leaf_value=0.035684377706049909 -0.015729601226268302 -0.013547172461402484 0.012999421668527088 -0.0016764595083912943 0.0083974090318483831 -0.0084629190475394196 -0.00049183010089644383 0.017971291080657606 -0.013226400382877247 -0.026470370940065911 -0.014242731543304325 0.029318824933414252 -0.0010651352125070957 0.0028805294400997034
leaf_weight=5.4429486170411137 20.781654581427574 14.346131276339294 4.2193868309259406 6.5253367312252513 9.1472461409866792 5.7447775611653951 289.18389065074734 20.338540330063552 3.9525387287139955 5.2706480622291547 4.6602106392383567 9.3206464871764201 4.6678559035062746 5.6017907038331032
leaf_count=28 153 109 27 43 57 37 2197 136 28 40 29 53 25 38
internal_value=1.70248e-05 0.0039935 -0.00715788 0.0136785 0.0202129 -0.000419613 0.000580773 0.0120517 -0.00613797 0.000100405 0.00637386 0.0121983 0.0197853 -0.0123791
internal_weight=409.204 39.681 18.5655 21.1155 14.5902 369.523 315.267 26.0833 54.2553 33.4737 22.6013 17.941 13.9885 10.8724
internal_count=3000 264 136 128 85 2736 2370 173 366 213 135 106 78 78
is_linear=0
shrinkage=0.03


Tree=322
num_leaves=15
num_cat=1
split_feature=26 26 19 12 41 45 16 7 25 42 10 19 10 22
split_gain=0.785038 1.64887 3.30006 4.64807 2.86551 1.64753 1.51107 4.15587 3.28771 3.26753 3.23518 4.52 3.84889 3.39449
threshold=35.050000000000004 38.150000000000006 97.509687085148599 -27.882981090100255 81.50620269775392 1.7346912622451784 204.98333333333338 0 0.90198935303707828 15.56923294067383 1667.5249038990585 106.90770795882356 1582.7560684442126 417.88333333333338
decision_type=2 2 2 2 2 2 2 1 2 2 2 2 2 2
left_child=-1 2 -2 -4 -5 -6 -3 8 -8 -10 12 -12 -9 -13
right_child=1 6 3 4 5 -7 7 10 9 -11 11 13 -14 -15
leaf_value=-0.010394108778587154 -0.010301276934164121 -0.0013664049140117939 -0.0090673371467223755 0.038888064342881841 0.022563673132191851 -0.004149254596500002 -0.024626040857316137 0.0085503780554324581 -0.0058114320215093664 0.022210888954069554 -0.019472938184358236 -0.011567489313494732 0.033887496012843292 0.013431214806455751
leaf_weight=5.4167996495962134 5.8709584735333946 288.27070131478831 4.8528079465031668 5.1971255578100646 2.9554195255041122 3.8362321252934635 6.061484456062316 22.841337453573946 23.300688832998279 3.4314131513237944 6.3537973053753403 5.6898550018668201 6.5624298378825179 18.335805956274271
leaf_count=36 36 2216 34 29 15 28 46 143 165 19 43 40 35 115
internal_value=1.6878e-05 0.000181967 0.00785775 0.0144105 0.0238803 0.00887899 -0.000295172 0.00301945 -0.00494804 -0.0015432 0.00705312 0.00124663 0.0151338 0.00728526
internal_weight=408.977 403.56 22.7125 16.8416 11.9888 6.79165 380.848 92.5768 32.7936 26.7321 59.7832 30.3795 29.4038 24.0257
internal_count=3000 2964 142 106 72 43 2822 606 230 184 376 198 178 155
cat_boundaries=0 1
cat_threshold=14668
is_linear=0
shrinkage=0.03


Tree=323
num_leaves=15
num_cat=1
split_feature=12 4 29 30 3 20 3 42 20 7 1 23 23 23
split_gain=0.775801 3.48077 3.50305 3.02094 2.71743 5.55751 5.60135 4.32153 4.42949 5.44939 4.21687 3.90624 9.55383 6.32877
threshold=-2.6880978865407568 80.950000000000017 16.950000000000003 15.250000000000002 177.05000000000004 -1.2739710789766969 173.95000000000002 15.057237625122072 -1.5432703003337711 0 22.500000000000004 9.2124353738434177 9.7280551253094441 10.200123946916378
decision_type=2 2 8 8 2 2 2 2 2 1 2 2 2 2
left_child=4 3 -3 -2 5 6 7 -1 9 -9 -6 -11 -13 -14
right_child=1 2 -4 -5 10 -7 -8 8 -10 11 -12 12 13 -15
leaf_value=0.020767565116771691 -0.025154468838050826 -0.007843151392936688 0.030299810100226574 0.0013826528097373822 -0.00051694319997586937 -0.0091469910746913973 -0.013344395847322752 -0.0087894041412817075 0.015112433495793451 -0.0089084004130707221 0.014299134883945406 0.039324627867891648 -0.020530288427956015 0.013624786331253686
leaf_weight=11.357916563749312 2.9890538165345779 2.6203846205025885 6.0912526610773066 119.47713128221221 63.175011254381388 75.434600865468383 18.731168324127793 33.635501587297767 16.82434456050396 8.9453704915940744 22.769059142097831 7.655845113098624 6.6756437905132797 12.427833739202468
leaf_count=63 28 21 49 1065 414 496 143 245 95 69 135 41 46 90
internal_value=1.90606e-05 0.00191185 0.0192005 0.000536467 -0.00087891 -0.00286263 0.0012584 0.00417014 0.00176917 -0.0016372 0.00352758 0.00593428 0.013176 0.00126188
internal_weight=408.81 131.178 8.71164 122.466 277.632 191.688 116.254 97.5225 86.1645 69.3402 85.9441 35.7047 26.7593 19.1035
internal_count=3000 1163 70 1093 1837 1288 792 649 586 491 549 246 177 136
cat_boundaries=0 1
cat_threshold=57529
is_linear=0
shrinkage=0.03


Tree=324
num_leaves=15
num_cat=1
split_feature=4 28 29 43 37 44 40 20 7 29 36 41 1 3
split_gain=0.788106 3.21319 3.70836 3.2488 5.52389 5.11469 3.69109 4.31017 3.6172 4.89817 4.25509 3.72593 3.27399 3.13297
threshold=61.45000000000001 61.250000000000007 16.750000000000004 108.50000000000001 9.5000000000000018 2.2449127435684209 11.500000000000002 -0.17686318131262885 0 14.850000000000003 3.5000000000000004 86.688293457031264 20.500000000000004 180.65000000000001
decision_type=2 10 10 2 2 2 2 2 1 8 2 2 2 2
left_child=1 2 3 4 -1 8 7 -6 11 -10 -11 -5 -7 -14
right_child=-2 -3 -4 5 6 12 -8 -9 9 10 -12 -13 13 -15
leaf_value=-0.023870927137411232 -0.001030846129745823 0.025240471045078906 -0.013376244102105628 -0.013270277882373626 0.0029599360341510594 -0.013797814355357766 0.017239909735956419 -0.027290143386534224 -0.0058295829285935161 0.0093343948198296063 0.029810184031777452 0.014926422313902666 0.0086569356357556072 -0.017136730992569193
leaf_weight=9.3132223635911924 250.48607516684569 4.0406247901264569 13.851950373034922 12.315492689609529 14.925294302403929 15.1312301189173 8.4371895268559438 4.8335569426417377 7.290647715330123 18.821622829884291 19.546539686620235 5.22544141113758 19.892553336219866 4.3450968591496339
leaf_count=65 1910 22 105 75 93 147 49 32 45 110 104 29 177 37
internal_value=1.43455e-05 0.00166771 0.000890013 0.00238558 -0.00507802 0.00513769 0.00173433 -0.00539822 0.0103647 0.0132228 0.020258 -0.00293532 -0.00330224 0.0035371
internal_weight=408.457 157.97 153.93 140.078 37.5093 102.569 28.196 19.7589 63.1997 45.6588 38.3682 17.5409 39.3689 24.2377
internal_count=3000 1090 1068 963 239 724 174 125 363 259 214 104 361 214
cat_boundaries=0 1
cat_threshold=614
is_linear=0
shrinkage=0.03


Tree=325
num_leaves=15
num_cat=0
split_feature=36 26 28 33 36 28 33 23 4 32 22 28 46 39
split_gain=0.785028 3.73225 2.21381 2.40262 2.26649 1.85745 1.46301 1.23297 2.76967 3.03189 2.9665 3.31677 2.75009 3.64041
threshold=6.5000000000000009 41.550000000000004 66.750000000000014 29.500000000000004 7.5000000000000009 75.050000000000011 35.500000000000007 9.7078591041052498 83.550000000000011 20.500000000000004 469.21666666666675 57.95000000000001 243.12081146240237 0.97680890538033405
decision_type=2 2 8 2 2 8 2 2 2 2 2 10 2 2
left_child=6 -2 3 -3 5 -4 7 -1 9 -9 11 -11 -13 -14
right_child=1 2 4 -5 -6 -7 -8 8 -10 10 -12 12 13 -15
leaf_value=0.0023377977974485781 -0.023587374106372613 -0.0055142767956751935 0.0037191229627479929 0.026183964640320884 0.0087398866647956253 -0.024731207250620585 -0.016697481592332426 -0.0033213904863368632 0.015740392783552475 -0.0097342319647003364 0.026671843718705523 -0.0076632489647285411 -0.00059187145807152505 0.039831644548356838
leaf_weight=181.86845772713423 6.1194855496287373 3.1435505438130376 2.7936630395706725 4.2634509038180113 5.0800577739719301 4.9982664408162236 3.471659541130065 163.85745791951194 7.4439916219562283 9.9477618602104538 4.7749207140877834 3.3344825399108213 3.4163201083429158 3.756393272895366
leaf_count=1166 48 26 22 27 35 47 28 1336 58 79 40 23 34 31
internal_value=1.27727e-05 -0.00489286 0.00159186 0.0136754 -0.00584604 -0.015268 0.000363789 0.000563917 -0.00108114 -0.0018227 0.00766624 0.00219328 0.0133503 0.0228616
internal_weight=408.27 26.3985 20.279 7.407 12.872 7.79193 381.871 378.4 196.531 189.087 25.2299 20.455 10.5072 7.17271
internal_count=3000 205 157 53 104 69 2795 2767 1601 1543 207 167 88 65
is_linear=0
shrinkage=0.03


Tree=326
num_leaves=15
num_cat=1
split_feature=18 6 41 39 14 10 6 41 16 7 23 16 22 16
split_gain=0.780037 4.90625 2.33173 2.30263 2.91462 1.97948 1.69369 1.45385 1.28903 3.8581 3.7523 3.5263 3.82186 2.94333
threshold=1990.3000000000004 4.5000000000000009 78.442672729492202 1.0867346938775515 22.083333333333339 1128.24191738183 7.5000000000000009 84.602996826171889 205.35000000000005 0 9.8570238620919088 205.55000000000004 408.63333333333338 205.21666666666667
decision_type=2 2 2 2 2 2 2 2 2 1 2 2 2 2
left_child=1 2 -1 4 -3 -2 -6 -4 13 10 -10 12 -11 -7
right_child=5 3 7 -5 6 8 -8 -9 9 11 -12 -13 -14 -15
leaf_value=-0.011527114917913641 0.023135322130043181 -0.02383109448082665 0.028664329322246829 -0.029534186846168719 -0.0079791434662874524 -3.3311559775486991e-05 0.018467780614082146 0.0031166412513453233 -0.023217474137495642 -0.0075618311309326464 0.004776059154175942 0.0037546722755970922 0.029926197430403863 -0.015398904118428952
leaf_weight=2.4855781793594378 2.4051749631762496 3.8514411970972997 4.0825894176959991 5.2533666640520087 3.4510871469974518 310.62904936028644 3.442661639302969 3.7610239945352077 8.2860344238579255 2.6762438938021651 7.5086601600050917 29.336062308400869 10.328139167279003 10.640349514782427
leaf_count=18 13 30 21 36 21 2360 22 21 71 18 51 189 54 75
internal_value=1.43635e-05 -0.00488237 0.0106229 -0.0149291 -0.00588198 0.000363891 0.00589457 0.0181518 0.000159097 0.00423015 -0.00652967 0.00796977 0.0222223 -0.000588419
internal_weight=408.137 26.3277 10.3292 15.9986 10.7452 381.81 6.89375 7.84361 379.405 58.1351 15.7947 42.3404 13.0044 321.269
internal_count=3000 169 60 109 73 2831 43 42 2818 383 122 261 72 2435
cat_boundaries=0 1
cat_threshold=14408
is_linear=0
shrinkage=0.03


Tree=327
num_leaves=15
num_cat=0
split_feature=12 4 30 3 20 3 44 1 44 16 25 1 37 23
split_gain=0.77863 3.22894 2.88415 2.60932 5.54393 4.38757 3.61395 3.33846 4.61902 3.19396 2.99885 2.9919 3.55065 3.30614
threshold=-2.6880978865407568 80.950000000000017 15.250000000000002 177.35000000000005 -1.2739710789766969 173.95000000000002 2.3096956014633183 22.500000000000004 2.1364310979843144 202.58333333333334 0.89916942042434256 23.500000000000004 14.500000000000002 9.6408195860546488
decision_type=2 2 8 2 2 2 2 2 2 2 2 2 2 2
left_child=3 2 -2 4 5 6 -1 -5 -9 -6 -11 12 -12 -13
right_child=1 -3 -4 7 9 -7 -8 8 -10 10 11 13 -14 -15
leaf_value=0.0055623907096702362 -0.02467786362612668 0.018576307517010018 0.0014068706466490806 -7.8667635889967483e-05 0.010982508975517081 -0.011112185111414387 -0.015970432178481719 -0.013285839382092133 0.019904246930118701 -0.028060197403736237 -0.013079425507945086 0.024183781894364754 0.014649826371601869 -0.0098840116860207921
leaf_weight=90.903216384351254 2.9404161667916915 8.6955266526201722 119.29011349705979 61.531539148651063 5.8132101185619822 20.14837571233511 6.6336794700473538 3.9904765039682415 17.503830173052847 7.2424496151506892 51.106449000537395 4.1111373081803304 3.6986443176865569 4.3245658650994301
leaf_count=582 28 70 1065 402 39 153 67 29 99 57 335 24 21 29
internal_value=1.29537e-05 0.00191091 0.000584202 -0.000887751 -0.00278941 0.00129994 0.00395069 0.00353561 0.0134257 -0.00903234 -0.0108136 -0.00843248 -0.0109791 0.00752234
internal_weight=407.934 130.926 122.231 277.008 193.982 117.685 97.5369 83.0258 21.4943 76.2965 70.4832 63.2408 54.8051 8.4357
internal_count=3000 1163 1093 1837 1307 802 649 530 128 505 466 409 356 53
is_linear=0
shrinkage=0.03


Tree=328
num_leaves=15
num_cat=1
split_feature=12 8 7 23 23 22 19 28 1 6 39 22 12 43
split_gain=0.783479 2.57789 4.30634 3.16232 4.47678 3.35537 3.02767 3.19886 2.97045 4.39795 2.58568 3.11648 3.73103 4.33009
threshold=-35.81490545050071 1.0000000180025095e-35 0 10.217744307658251 10.938280341754625 432.98333333333341 119.01446303593671 69.15000000000002 19.500000000000004 6.5000000000000009 1.2149234693877553 413.45000000000005 -49.025472747497439 112.50000000000001
decision_type=2 2 1 2 2 2 2 8 2 2 2 2 2 2
left_child=1 2 6 5 -5 8 -1 -8 -3 -10 11 -4 13 -13
right_child=-2 3 10 4 -6 -7 7 -9 9 -11 -12 12 -14 -15
leaf_value=-0.020090198426633999 0.00063311777298139655 -0.024079106038020756 0.02070493095429158 0.022615833112669782 -0.012513541291164717 -0.028679107942256171 0.02432683103781063 -0.013917690524937649 0.021245386069968564 -0.01596664060455949 0.032615301853657117 0.035322685517666867 -0.016209854825730455 -0.010800579833551824
leaf_weight=11.062089141458275 333.32742479245644 3.911302242428067 7.856837395578629 5.0712114498019201 6.118358267005533 8.7023482248187047 2.8600274780765167 3.0876771565526724 5.1669819913804513 4.3704070299863815 3.5901537910103789 2.8630613684654271 6.8716045655310101 2.8002084270119667
leaf_count=88 2424 32 50 34 60 84 20 29 31 33 18 17 56 24
internal_value=1.03728e-05 -0.00275353 0.00227623 -0.00882373 0.00395663 -0.0151718 -0.00733024 0.00532711 -0.00505148 0.00429637 0.00860163 0.00706778 -0.00237818 0.0143187
internal_weight=407.66 74.3323 40.9917 33.3406 11.1896 22.151 17.0098 5.9477 13.4487 9.53739 23.9819 20.3917 12.5349 5.66327
internal_count=3000 576 302 274 94 180 137 49 96 64 165 147 97 41
cat_boundaries=0 1
cat_threshold=4144
is_linear=0
shrinkage=0.03


Tree=329
num_leaves=15
num_cat=3
split_feature=36 26 30 44 23 2 33 36 4 24 30 46 7 5
split_gain=0.763944 3.58974 2.25832 3.74294 2.67292 1.6764 1.42104 1.19238 3.94923 7.3882 5.25254 4.99131 3.70091 6.54715
threshold=6.5000000000000009 41.550000000000004 23.450000000000003 2.2369564771652226 10.301098882517069 0 35.500000000000007 3.5000000000000004 49.850000000000001 467.18333333333339 20.950000000000003 279.47172546386724 1 2
decision_type=2 2 8 2 2 1 2 2 2 2 8 2 1 1
left_child=6 -2 4 5 -3 -4 7 12 9 -9 -10 -11 13 -1
right_child=1 2 3 -5 -6 -7 -8 8 10 11 -12 -13 -14 -15
leaf_value=-0.0024324835684713937 -0.023289473724286545 -0.001232729815690378 0.01958570112924838 -0.0256563254293663 0.031028623178718275 -0.0060193742556723809 -0.016520887438889718 0.038122133283562919 -0.0077488786889563684 -0.01622235826509302 0.0039228261330146114 0.027037852473676738 0.0033643683273142126 -0.026208934276546712
leaf_weight=90.437615469098091 6.0450534746050861 5.20446625351906 3.3438877165317518 4.4640903046820313 3.0559102576225996 4.1509436443448067 3.4387307539582244 6.5369668847415587 45.913133509689942 6.2511139297857863 132.39180605602451 2.5928956882562488 82.737716213800013 10.824734650552271
leaf_count=701 48 33 20 49 27 28 28 34 329 42 978 19 575 89
internal_value=1.05283e-05 -0.00484114 0.00151207 -0.00664529 0.0127642 0.00636536 0.000356664 0.000553551 0.00219116 0.0162896 0.000890933 -0.00208106 -0.00117279 -0.00474188
internal_weight=407.389 26.2644 20.2193 11.9589 8.26038 7.49483 381.125 377.686 193.686 15.381 178.305 8.84401 184 101.262
internal_count=3000 205 157 97 60 48 2795 2767 1402 95 1307 61 1365 790
cat_boundaries=0 1 2 3
cat_threshold=1 7506 2
is_linear=0
shrinkage=0.03


Tree=330
num_leaves=15
num_cat=0
split_feature=12 10 25 23 26 23 3 23 24 15 20 23 16 9
split_gain=0.770041 1.44617 1.37695 1.2059 1.65502 1.47316 3.74073 1.53682 3.41522 2.25156 2.41791 2.26177 6.37547 1.887
threshold=119.48565072302547 2787.9400314721183 0.90389909987158867 12.408950836761109 47.716666666666676 11.742691513639256 178.05000000000004 11.510839147651897 466.68333333333339 14.483333333333336 3.071968854282495 11.157003863833109 205.01666666666668 7611.8333333333348
decision_type=2 2 2 2 2 2 2 2 2 2 2 2 2 2
left_child=1 3 -2 5 -5 7 -7 9 -9 10 11 -1 13 -13
right_child=2 -3 -4 4 -6 6 -8 8 -10 -11 -12 12 -14 -15
leaf_value=0.00033517154889224366 0.019784160828487985 -0.017414246035970565 -0.010614769269248831 0.017275362170641843 -0.0053738702316470403 -0.020436475995793811 0.0127012348611338 0.023504559511376904 -0.0073895042416817049 0.016779728151017657 -0.016617617193094958 -0.0046237171440421405 0.020098948082457119 -0.029876415221914296
leaf_weight=336.03141513839364 3.2820873744785777 3.3150192163884631 1.2046566209755836 7.076667729765175 3.9341113604605198 8.4539471343159658 3.7289802730083457 6.4381930846720916 5.0181917250156403 5.8572339154779902 7.2604217939078799 4.5278836265206319 3.6275620833039275 7.3576167523860931
leaf_count=2140 353 57 26 47 29 60 21 38 35 50 46 27 20 51
internal_value=1.20428e-05 -0.000139735 0.0111752 4.68186e-05 0.00940922 -0.000242152 -0.0100995 0.000103075 0.0104653 -0.0002502 -0.000574064 -0.000196521 -0.0110365 -0.0213616
internal_weight=407.114 402.627 4.48674 399.312 11.0108 388.301 12.1829 376.119 11.4564 364.662 358.805 351.544 15.5131 11.8855
internal_count=3000 2621 379 2564 76 2488 81 2407 73 2334 2284 2238 98 78
is_linear=0
shrinkage=0.03


Tree=331
num_leaves=15
num_cat=1
split_feature=46 46 24 46 20 46 30 20 2 30 19 19 9 37
split_gain=0.769149 1.44421 1.3096 1.19345 1.155 1.10057 2.15668 3.79218 2.10936 2.92549 1.99749 1.78644 1.41916 4.16223
threshold=388.88887023925787 374.00000000000006 495.10000000000008 401.57052612304693 -1.6124582869855999 334.53312683105474 24.550000000000004 -1.8291434927697785 0 19.450000000000003 128.15871066473113 135.55961212119968 9365.6000000000004 11.500000000000002
decision_type=2 2 2 2 2 2 8 2 1 10 2 2 2 2
left_child=1 5 4 -4 -2 12 8 -8 9 -7 -9 -12 -1 -14
right_child=2 -3 3 -5 -6 6 7 10 -10 -11 11 -13 13 -15
leaf_value=0.0003252005568514232 -0.018856471393307813 -0.015419158293262868 0.034795432997589214 -0.0016555050793917664 0.0098411415418238214 0.012675160186422651 -0.010468862874340427 0.035447771005301595 0.0089847653235534501 -0.021217952549737917 -0.0064250116412721357 0.022896861248011133 0.0031660962597413762 -0.014187445838156546
leaf_weight=317.81836345163174 1.2080910708755257 4.5032867561094454 1.390364151215181 1.0900961122242732 1.9919908212032158 2.5377326435409504 3.6958180004730812 4.5957684405148012 7.6810171857941922 6.3919476261362433 3.1588608995079994 2.6370491373818368 25.472773810382932 22.773897105827928
leaf_count=2113 14 44 13 61 132 21 32 22 66 57 18 60 179 168
internal_value=1.13247e-05 -0.000156368 0.0101072 0.0229032 -0.00290285 5.5195e-05 0.00541829 0.0136374 -0.00193086 -0.0112794 0.0223772 0.00832211 -0.00040809 -0.00514706
internal_weight=406.947 401.267 5.68054 2.48046 3.20008 396.763 30.6982 14.0875 16.6107 8.92968 10.3917 5.79591 366.065 48.2467
internal_count=3000 2780 220 74 146 2736 276 132 144 78 100 78 2460 347
cat_boundaries=0 1
cat_threshold=1
is_linear=0
shrinkage=0.03


Tree=332
num_leaves=15
num_cat=0
split_feature=30 43 30 31 28 43 28 4 39 45 12 16 12 28
split_gain=0.770075 2.24448 1.54178 1.01527 3.75494 3.51171 4.29797 2.99371 2.96476 3.46571 4.15455 2.49375 2.60229 2.4758
threshold=30.550000000000004 117.50000000000001 29.650000000000002 2.5000000000000004 76.450000000000017 112.50000000000001 61.45000000000001 72.15000000000002 1.108550947260625 1.770825266838074 40.980088987763992 204.75000000000003 -23.259955506118036 56.95000000000001
decision_type=10 2 10 10 10 2 10 2 2 2 2 2 2 10
left_child=2 -2 3 -1 5 6 -5 11 9 13 -11 12 -8 -7
right_child=1 -3 -4 4 -6 8 7 -9 -10 10 -12 -13 -14 -15
leaf_value=-0.00068313171748222133 -0.018826988877166963 0.01075022231898921 0.016313999778886947 0.00024109344825339065 -0.018334917642311332 -0.0075287732903356053 0.01315456120284527 -0.00053453808988011321 -0.016413332163901534 -0.027499707642980729 0.020030463624142094 0.0076657426020347013 0.051787132673377541 0.017326593666712967
leaf_weight=329.33481839764863 5.36015836894512 2.815862555988133 4.2804894302971652 13.318203814327719 5.513674304354935 4.2647286355495551 3.4025104865431768 3.7028778046369544 7.6853489871136835 4.4188388660550109 1.5452614971436558 3.9271742403507224 4.6448311656713486 12.536348611116408
leaf_count=2453 44 28 23 81 40 25 20 21 60 32 52 26 23 72
internal_value=1.37307e-05 -0.00857902 0.000211024 -4.61915e-06 0.00339353 0.00567884 0.0129669 0.0231151 -0.00145267 0.00407605 -0.014077 0.0299058 0.0387122 0.0109489
internal_weight=406.751 8.17602 398.575 394.295 64.9598 59.4461 28.9956 15.6774 30.4505 22.7652 5.9641 11.9745 8.04734 16.8011
internal_count=3000 72 2928 2905 452 412 171 90 241 181 84 69 43 97
is_linear=0
shrinkage=0.03


Tree=333
num_leaves=15
num_cat=0
split_feature=4 14 9 25 16 14 12 31 25 41 19 26 23 31
split_gain=0.78448 3.32157 4.74813 2.95129 3.22751 4.07777 4.63429 3.71284 3.74621 3.46624 2.96156 2.86197 3.37205 2.57642
threshold=61.45000000000001 21.150000000000002 8925.3833333333369 0.90451682297395064 204.35000000000005 22.950000000000003 9.9284760845382465 inf 0.90097514116941924 78.442672729492202 100.73900629689793 49.683333333333344 10.127264870125478 2.5000000000000004
decision_type=2 2 2 2 2 2 2 8 2 2 2 2 2 8
left_child=3 2 -2 4 5 6 -1 8 -7 10 -6 12 -11 -5
right_child=1 -3 -4 13 9 7 -8 -9 -10 11 -12 -13 -14 -15
leaf_value=-0.023313426413030476 -0.026957136788376256 -0.00015802509215583611 0.0075930402552228712 -0.00010595417933962206 -0.027462967650828167 0.020763351493260761 0.012544473920265798 -0.01425532707335788 -0.0076606281060028246 0.015290259855978646 0.0051375913707919123 0.027874054164149648 -0.018553222941862409 0.010083396924437438
leaf_weight=17.13894093036652 8.870649501681326 235.49091067863628 5.0495721697807303 42.350948825478554 3.3155404254794139 9.129966717213394 3.2824162542819968 8.4770346949808282 6.3937930115498594 5.876461021602152 5.3819210529327393 6.3257737234234801 3.3231856003403664 46.204698171466589
leaf_count=117 83 1791 36 258 26 136 19 100 50 32 36 32 20 264
internal_value=1.64488e-05 -0.00102839 -0.0147551 0.0016702 -0.00297458 -0.00771798 -0.0172333 0.000743686 0.00930121 0.00568543 -0.00884044 0.0138655 0.00244458 0.00526366
internal_weight=406.612 249.411 13.9202 157.201 68.645 44.4222 20.4214 24.0008 15.5238 24.2229 8.69746 15.5254 9.19965 88.5556
internal_count=3000 1910 119 1090 568 422 136 286 186 146 62 84 52 522
is_linear=0
shrinkage=0.03


Tree=334
num_leaves=15
num_cat=0
split_feature=8 39 31 20 28 20 23 44 12 24 26 22 33 15
split_gain=0.758674 2.516 1.34261 1.09856 1.43642 1.07229 2.81812 1.64904 1.07829 3.10644 2.8239 2.24332 2.56573 2.36329
threshold=2.5000000000000004 0.91372912801484241 3.5000000000000004 -4.2016685205784681 70.65000000000002 -3.5496106785317605 10.217744307658251 2.1865513324737553 -36.303003337041375 477.86666666666673 39.850000000000009 442.75000000000006 24.500000000000004 12.91666666666667
decision_type=2 2 8 2 8 2 2 2 2 2 2 2 2 2
left_child=3 -2 -3 4 -1 6 7 -5 9 10 -7 -11 -13 -14
right_child=1 2 -4 5 -6 8 -8 -9 -10 11 -12 12 13 -15
leaf_value=0.00051288882025496494 0.021591813121107268 -0.018548209928592383 0.0078467215348097894 0.012820560817203173 -0.024999659425913413 -0.014119816125267068 0.025371718169495759 -0.012392273687615403 0.0003703149403744613 -0.028895553413328501 0.0072133821322967794 0.016059721650616584 0.011127613916037284 -0.017172232411546251
leaf_weight=4.2389120240695766 4.755300007760523 2.6006627862807363 2.5371588226407766 2.8827286511659604 2.673370867036283 6.3405337743461159 4.2993436958640814 4.9199748151004314 326.46111807972193 4.758416365832093 22.526160634122789 2.78062301501632 2.5982796326279631 11.984131690114735
leaf_count=37 28 22 20 18 33 50 29 35 2378 44 152 21 20 113
internal_value=1.39378e-05 0.00782481 -0.00635906 -0.000200167 -0.0112668 2.45475e-05 0.00846206 -0.00267908 -0.000267627 -0.00428072 0.0022117 -0.0124821 -0.00665525 -0.0117393
internal_weight=406.357 9.89312 5.13782 396.464 6.91228 389.551 12.102 7.8027 377.449 50.9881 28.8667 22.1215 17.363 14.5824
internal_count=3000 70 42 2930 70 2860 82 53 2778 400 202 198 154 133
is_linear=0
shrinkage=0.03


Tree=335
num_leaves=15
num_cat=1
split_feature=32 25 3 39 7 29 44 46 14 30 1 14 25 26
split_gain=0.759325 0.793562 3.40761 3.05381 2.89238 3.24169 4.59984 3.32762 2.7298 2.50403 3.05162 3.05575 4.77499 2.79332
threshold=14.500000000000002 0.90164504972008697 180.35000000000005 1.1483516483516485 0 18.150000000000002 2.1805450916290288 286.43304443359381 23.016666666666669 28.350000000000005 22.500000000000004 22.483333333333338 0.90092642977481063 47.716666666666676
decision_type=2 2 2 2 1 8 2 2 2 10 2 2 2 2
left_child=-1 2 4 -4 5 -2 -7 -8 -9 10 11 -6 13 -13
right_child=1 -3 3 -5 9 6 7 8 -10 -11 -12 12 -14 -15
leaf_value=-0.0129674494723514 -0.012871787143709701 0.00091533103540231392 0.013302571014147386 -0.01184957499220878 -0.016338312332835558 -0.011392245462641511 0.031593829237376428 -0.021596732310587782 0.01826508270522945 0.012553656382579033 -0.022532467672117393 0.0208229285332312 -0.028397726328891898 -0.0017066113373818438
leaf_weight=3.0165668665431431 5.6430271214339909 301.28989784233272 18.220043169800196 4.7686904566362491 15.227545481175182 4.8149321824312237 7.878657835070042 1.9281923174858091 2.2770167995477095 3.5854354260954997 14.026864402461795 6.6829717135988238 3.2726010731421402 13.558754632016642
leaf_count=37 58 1940 149 43 116 33 50 15 68 36 156 64 33 202
internal_value=1.21525e-05 0.00014111 -0.00213503 0.00780864 -0.00509389 0.00373783 0.0117819 0.0211808 -0.000650195 -0.00790382 -0.0109714 -0.00632399 0.000563086 0.00636181
internal_weight=406.191 403.175 101.885 22.9887 78.896 22.5418 16.8988 12.0839 4.20521 56.3542 52.7687 38.7419 23.5143 20.2417
internal_count=3000 2963 1023 192 831 224 166 133 83 607 571 415 299 266
cat_boundaries=0 1
cat_threshold=50880
is_linear=0
shrinkage=0.03


Tree=336
num_leaves=15
num_cat=0
split_feature=18 6 39 14 41 18 39 28 9 23 46 39 26 26
split_gain=0.75332 4.61903 2.22942 2.79428 2.14547 1.85276 6.07168 3.39984 2.70223 4.11639 4.07226 2.92465 1.67422 2.63188
threshold=1990.3000000000004 4.5000000000000009 1.0867346938775515 22.083333333333339 78.442672729492202 2007.2333333333336 0.88452622428281658 70.850000000000009 6189.7000000000016 9.1032708410597358 203.2507019042969 1.2026785714285717 35.050000000000004 38.150000000000006
decision_type=2 2 2 2 2 2 2 8 2 2 2 2 2 2
left_child=1 4 3 -3 -1 6 -2 -8 9 -7 -10 -11 -12 -14
right_child=5 2 -4 -5 -6 8 7 -9 10 11 12 -13 13 -15
leaf_value=-0.011192280293290053 0.030664696215326557 -0.023494613235822612 -0.029150289798428639 0.0057853597891235212 0.017392168027035294 0.0091445581781715267 -0.021339775352328446 0.011168504683124563 0.022298675857649781 -0.028387021243415845 -0.016226300903298269 0.0053855349486224844 0.010488232325119844 -0.0004127553415292586
leaf_weight=2.4459124878048915 6.3367905132472542 3.7703410536050779 5.159425549209117 6.8599171936511993 7.8543875422328711 5.3742808178067234 4.684456251561639 4.9951666593551645 6.5364637821912757 8.9921574639156443 4.6264076996594659 2.6311690029688171 20.273745154496282 315.48032442841213
leaf_count=18 36 30 36 43 42 31 33 28 35 70 32 17 128 2421
internal_value=8.25153e-06 -0.00482557 -0.014661 -0.00572686 0.0102147 0.000351988 0.0100275 -0.00508894 -0.000100159 -0.011435 0.000486474 -0.0209209 3.51295e-06 0.000274666
internal_weight=406.021 26.09 15.7897 10.6303 10.3003 379.931 16.0164 9.67962 363.915 16.9976 346.917 11.6233 340.38 335.754
internal_count=3000 169 109 73 60 2831 97 61 2734 118 2616 87 2581 2549
is_linear=0
shrinkage=0.03


Tree=337
num_leaves=15
num_cat=0
split_feature=23 1 4 44 23 45 31 22 30 6 45 6 30 23
split_gain=0.758419 2.64892 3.03245 2.23685 2.27835 2.41912 4.79633 2.30492 5.31428 2.40102 2.15315 1.82472 1.70075 1.75548
threshold=8.5200911884314934 23.500000000000004 61.350000000000001 2.3298965692520146 8.3562214416331262 1.6986634731292727 3.5000000000000004 450.08333333333343 17.750000000000004 8.5000000000000018 1.6792960166931155 2.5000000000000004 31.450000000000003 9.7405421265728442
decision_type=2 2 2 2 2 2 8 2 10 2 2 2 10 2
left_child=1 3 -3 4 5 6 10 9 -9 11 -1 -7 13 -2
right_child=12 2 -4 -5 -6 7 -8 8 -10 -11 -12 -13 -14 -15
leaf_value=-0.018424557412560473 0.0033856083546122771 0.028474939853612848 -0.0042395608849417812 0.015380858018207754 -0.020703341762260519 -0.00044752672792567613 0.027294136029662609 -0.021432522601136837 0.020770136748627047 0.0030482977219277538 0.010445292722352615 -0.028388580401023447 -0.016357603630865258 -0.00097194775121864536
leaf_weight=5.1235521622002089 139.00517120305449 3.7561900764703733 5.0210619270801544 3.2124431729316703 8.626805189996956 2.7019345983862904 4.7253294698894033 3.7740061879158002 5.1557314917445183 4.1773842424154273 2.9280114583671093 9.0418764129281026 4.2821155826095483 204.29589069145732
leaf_count=41 866 19 35 19 70 21 28 26 31 29 18 71 39 1687
internal_value=6.17767e-06 -0.00313194 0.0112409 -0.00585442 -0.00762351 -0.00416641 0.00613153 -0.00949338 0.00257171 -0.0160124 -0.00793172 -0.0224997 0.000539507 0.000797168
internal_weight=405.828 58.2443 8.77725 49.4671 46.2546 37.6278 12.7769 24.8509 8.92974 15.9212 8.05156 11.7438 347.583 343.301
internal_count=3000 408 54 354 335 265 87 178 57 121 59 92 2592 2553
is_linear=0
shrinkage=0.03


Tree=338
num_leaves=15
num_cat=0
split_feature=43 30 43 30 19 19 39 38 4 45 15 22 22 43
split_gain=0.754589 1.00131 2.90328 1.23719 2.04447 2.26416 2.63759 1.90911 1.84237 1.54165 4.25778 3.36867 3.53247 2.63577
threshold=96.500000000000014 30.750000000000004 117.50000000000001 27.550000000000004 100.99289780656035 116.40295985589775 0.98430141287284145 3.5000000000000004 77.450000000000017 1.7224487066268923 13.316666666666668 444.33333333333337 486.53333333333336 117.50000000000001
decision_type=2 10 2 10 2 2 2 2 2 2 2 2 2 2
left_child=-1 3 -3 9 8 6 -6 -7 -5 10 13 -12 -13 -2
right_child=1 2 -4 4 5 7 -8 -9 -10 -11 11 12 -14 -15
leaf_value=0.013222387549729502 -0.0011535305396739325 -0.024314651418181635 0.010858472785665518 -0.020294716542025994 0.034911719545935721 -0.016686224487027505 0.0025847774803374971 0.013603109139578608 0.0094858614848400413 0.0013445425391958028 -0.0030760431469523705 -0.025263972692690578 0.0033672353814991731 0.011649461545022638
leaf_weight=2.8508991822600356 92.594301488250494 4.1908959597349158 2.798232818255201 3.0596832409501102 4.6870040670037252 2.8071436074096701 4.0686895325779915 2.701117672258988 2.6415753252804279 216.29601396119688 30.413691766560078 15.659692518413069 4.7727925702929488 16.124857988208532
leaf_count=18 623 38 26 23 23 31 23 24 17 1718 197 117 28 94
internal_value=5.35497e-06 -0.0001207 -0.0106359 9.13029e-05 0.00718417 0.0130022 0.0216945 -0.00202514 -0.00713995 -0.000303524 -0.00253199 -0.00960691 -0.018731 0.000834234
internal_weight=405.667 402.816 6.98913 395.827 19.9652 14.264 8.75569 5.50826 5.70126 375.861 159.565 50.8462 20.4325 108.719
internal_count=3000 2982 64 2918 141 101 46 55 40 2777 1059 342 145 717
is_linear=0
shrinkage=0.03


Tree=339
num_leaves=15
num_cat=0
split_feature=39 6 16 29 24 22 42 11 3 3 32 39 29 23
split_gain=0.751376 3.44593 3.57971 3.08576 2.35082 3.93799 4.1167 2.32605 1.93653 1.93221 1.74159 1.58685 3.59283 3.89215
threshold=1.2471198156682031 9.5000000000000018 205.48333333333338 15.350000000000003 474.88333333333338 395.18333333333339 15.976010799407961 278238.50000000006 175.25000000000003 188.85000000000005 19.500000000000004 1.1483516483516485 17.550000000000004 9.8570238620919088
decision_type=2 2 2 8 2 2 2 2 2 2 2 2 8 2
left_child=9 2 3 -2 5 -5 -7 -6 -3 11 -11 -1 13 -13
right_child=1 8 -4 4 7 6 -8 -9 -10 10 -12 12 -14 -15
leaf_value=0.0006757423913341887 -0.0086109332921076743 -0.02669440492024629 -0.017976486238824533 0.022450317869963914 0.028751469579578869 -0.027249825211461326 0.013955304870420845 0.00020112929518120828 0.0032193838568729339 -0.021109650904451722 0.0032016842678923721 -0.012649536334870851 -0.010754832025288661 0.022527375202162588
leaf_weight=313.05764697759878 5.4436468712519881 3.6969762935768804 3.5066964626312247 5.106978213181721 11.170248325448481 3.9174605384469032 3.0827617300674319 3.273139883298426 2.9964331369847059 6.4656471093185228 3.7485395520925522 3.8156216070055944 29.86225639982149 6.2550297803245485
leaf_count=2337 37 27 25 34 62 24 24 25 20 59 28 27 223 48
internal_value=5.57508e-06 0.00374666 0.00751629 0.0107705 0.0149126 0.00458373 -0.0096277 0.0227134 -0.0146251 -0.000438129 -0.0126977 -4.8518e-05 -0.00560422 0.00926065
internal_weight=405.399 42.1943 35.5009 31.9942 26.5506 12.1072 7.00022 14.4434 6.69341 363.205 10.2142 352.991 39.9329 10.0707
internal_count=3000 278 231 206 169 82 48 87 47 2722 87 2635 298 75
is_linear=0
shrinkage=0.03


Tree=340
num_leaves=15
num_cat=0
split_feature=39 44 4 22 19 11 4 39 15 4 4 3 26 39
split_gain=0.741198 1.31719 1.0645 3.19878 4.39826 3.40704 4.50233 3.04222 3.02717 3.57837 2.47734 2.78659 3.9331 3.37862
threshold=0.49935358758888176 2.2083326578140263 54.050000000000004 399.95000000000005 102.92689345529914 233696.00000000003 44.900000000000006 1.0042016806722691 13.283333333333337 51.350000000000001 57.250000000000007 168.05000000000004 53.31666666666667 0.99450549450549464
decision_type=2 2 2 2 2 2 2 2 2 2 2 2 2 2
left_child=1 -1 3 -2 -5 -6 -7 8 -8 -10 11 13 -13 -4
right_child=2 -3 10 4 5 6 7 -9 9 -11 -12 12 -14 -15
leaf_value=0.0031130609444264454 0.016506526170904999 -0.017914482477887364 -0.012730849655499806 -0.011524226959387063 0.028636225368940463 0.026914859429991427 0.023599703795489674 -0.016202235020289987 -0.023576299482868879 0.012975876965818724 0.00041028596417526061 -0.019080436568658099 0.015877393018813909 0.017246227258523903
leaf_weight=4.7026396691799146 12.891298480099065 4.5465108589269221 5.3660880201496166 17.300469141453505 4.4305376226548132 4.3533950438722995 4.2591947093606013 8.8887702676001918 3.738805717555806 3.9873733886051923 303.00951366766822 18.851185631472621 2.6133958261925718 6.2816290841437876
leaf_count=33 83 45 42 111 29 26 23 70 32 28 2273 140 22 43
internal_value=2.80429e-06 -0.00796263 0.000208452 0.00386002 0.000116445 0.00706122 0.00232478 -0.00379959 0.00593803 -0.005387 -0.000451268 -0.00811622 -0.0143069 0.00352118
internal_weight=405.221 9.24915 395.972 59.8498 46.9585 29.6581 25.2275 20.8741 11.9854 7.72618 336.122 33.1123 21.4646 11.6477
internal_count=3000 78 2922 402 319 208 179 153 83 60 2520 247 162 85
is_linear=0
shrinkage=0.03


Tree=341
num_leaves=15
num_cat=0
split_feature=12 10 25 23 26 23 30 23 22 15 42 23 30 14
split_gain=0.745017 1.38334 1.31148 1.12599 1.5548 1.39268 3.52937 1.43427 2.30173 2.08599 2.89372 1.992 3.0831 3.44947
threshold=119.48565072302547 2787.9400314721183 0.90389909987158867 12.408950836761109 47.716666666666676 11.742691513639256 21.850000000000005 11.510839147651897 415.71666666666675 14.483333333333336 17.522489547729496 10.963366371690922 23.150000000000002 21.883333333333336
decision_type=2 2 2 2 2 2 8 2 2 2 2 2 8 2
left_child=1 3 -2 5 -5 7 -7 9 -9 10 11 -1 -13 -14
right_child=2 -3 -4 4 -6 6 -8 8 -10 -11 -12 12 13 -15
leaf_value=0.00040957764807546238 0.019575347443927704 -0.017118675535885225 -0.010215606726290507 0.016698027935976981 -0.0052845517361396459 0.010170010965732777 -0.021176530332894163 0.023084424058862921 -0.0023784648810523347 0.016210444555502315 -0.025929572060059421 -0.018080470471300372 0.021439251114791235 -0.0072877955298689739
leaf_weight=324.92706910148263 3.2083731952588996 3.2745608994737259 1.2036816286854444 7.0829148795455676 3.9078179858624935 4.3896201699972126 7.6779606528580198 5.1970120090991241 6.2491524182260036 5.802048183977603 3.0014061257243148 12.818163603544237 4.3077348917722729 11.934693004935978
leaf_count=2079 353 57 26 47 29 25 56 31 42 50 16 85 24 80
internal_value=5.60173e-06 -0.000143423 0.0110621 3.91182e-05 0.00909312 -0.000241289 -0.00986844 9.46177e-05 0.0101085 -0.000248243 -0.000560276 -0.000272736 -0.00766154 0.00113258
internal_weight=404.982 400.57 4.41205 397.296 10.9907 386.305 12.0676 374.237 11.4462 362.791 356.989 353.988 29.0606 16.2424
internal_count=3000 2621 379 2564 76 2488 81 2407 73 2334 2284 2268 189 104
is_linear=0
shrinkage=0.03


Tree=342
num_leaves=15
num_cat=1
split_feature=4 14 11 28 26 29 7 16 28 22 3 43 28 20
split_gain=0.752867 3.13988 4.57973 2.87004 3.72735 5.05859 3.51726 4.94482 4.12875 3.11531 3.54982 3.23407 3.62431 4.54118
threshold=61.45000000000001 21.150000000000002 267761.50000000006 61.050000000000004 44.850000000000009 16.750000000000004 0 205.65000000000001 57.050000000000004 369.53333333333336 171.35000000000005 108.50000000000001 56.95000000000001 -0.31779755283651184
decision_type=2 2 2 10 2 10 1 2 10 2 2 2 10 2
left_child=3 2 -2 4 5 9 7 -6 -8 10 -1 -11 -13 -14
right_child=1 -3 -4 -5 6 -7 8 -9 -10 11 -12 12 13 -15
leaf_value=0.0087589686170114547 -0.026663544626330329 -0.00017647456417376587 0.0073999153269168052 0.021596250300447848 -0.015851492511820817 -0.017976413810666718 0.0080332446121684532 0.022111839782285491 -0.012830216060272371 -0.00023129866949312905 -0.023881718605778493 0.0093148623101112164 0.043438036174702419 0.0032705723343244646
leaf_weight=5.6232107048854214 8.660977650433777 234.66310257848818 5.0521818101406089 5.2245736690238109 30.50944599811919 6.5350619179662308 32.748903840780258 2.5504205450415602 10.458852517418562 17.320453010499477 4.6128163619432598 30.22710491833277 6.5330650359392166 4.0786322737112624
leaf_count=39 83 1791 36 31 251 43 255 15 89 102 32 176 32 25
internal_value=5.2798e-06 -0.00102014 -0.0144639 0.00162964 0.000802336 0.00551803 -0.00384212 -0.0095544 0.00228922 0.00798958 -0.00676673 0.0106572 0.0151703 0.0296108
internal_weight=404.799 248.376 13.7132 156.423 151.198 74.9303 76.2676 33.0599 43.2078 68.3953 10.236 58.1593 40.8388 10.6117
internal_count=3000 1910 119 1090 1059 449 610 266 344 406 71 335 233 57
cat_boundaries=0 1
cat_threshold=7072
is_linear=0
shrinkage=0.03


Tree=343
num_leaves=15
num_cat=0
split_feature=46 46 24 46 20 46 25 25 45 6 29 3 41 18
split_gain=0.756686 1.34713 1.28576 1.11845 1.10977 1.05558 2.64934 4.13068 3.10759 2.87779 2.2174 1.69359 3.16337 1.45482
threshold=388.88887023925787 374.00000000000006 495.10000000000008 401.57052612304693 -1.6124582869855999 334.53312683105474 0.9043232070122299 0.91068737659587085 1.7658076882362368 3.5000000000000004 13.65 169.75000000000003 83.650058746337905 2144.9333333333338
decision_type=2 2 2 2 2 2 2 2 2 2 10 2 2 2
left_child=1 5 4 -4 -2 13 8 11 9 -7 -10 -8 -13 -1
right_child=2 -3 3 -5 -6 6 7 -9 10 -11 -12 12 -14 -15
leaf_value=0.00043051347279303654 -0.018641178744552244 -0.014987809771460338 0.034230535092091091 -0.0013912616235213335 0.0096134546373035108 0.0068963145795771195 0.032027996166524679 -0.013757507980402655 0.019653518338333693 -0.026667922736577771 -0.015402987691750846 -0.010539257101436883 0.026085437631408831 -0.0046694100857605694
leaf_weight=304.75062015093863 1.1847904138267042 4.4394775633700183 1.3855312452651563 1.075742748333141 1.9750253877136845 3.0755389072000998 5.7365236589685065 3.2041053343564263 5.0560457166284314 5.3244751021265984 1.385803848155774 3.3445648676715791 3.3495218106545508 59.272620891220868
leaf_count=1997 14 44 13 61 132 19 29 24 93 37 25 26 23 463
internal_value=6.4586e-06 -0.000160084 0.0100653 0.0227575 -0.00291522 4.42526e-05 0.00531537 0.0135614 -0.00367888 -0.0149526 0.0110556 0.0211031 0.00879516 -0.000410406
internal_weight=404.56 398.939 5.62109 2.46127 3.15982 394.5 30.4766 15.6347 14.8419 8.40001 6.44185 12.4306 6.69409 364.023
internal_count=3000 2780 220 74 146 2736 276 102 174 56 118 78 49 2460
is_linear=0
shrinkage=0.03


Tree=344
num_leaves=15
num_cat=0
split_feature=40 42 20 12 4 41 45 6 3 26 46 44 18 23
split_gain=0.7336 0.806964 4.40855 2.6614 3.19386 2.67916 2.38742 3.58998 4.37598 5.53636 3.29575 2.86317 5.55103 4.63373
threshold=15.500000000000002 15.057237625122072 -1.1156840934371919 -2.9489432703005223 66.850000000000009 81.115936279296889 1.6955268383026125 3.5000000000000004 170.25000000000003 47.116666666666674 233.31775665283206 2.2032046318054204 2142.9000000000005 8.5200911884314934
decision_type=2 2 2 2 2 2 2 2 2 2 2 2 2 2
left_child=1 2 -1 5 -5 -4 7 8 9 -3 -9 12 13 -8
right_child=-2 6 3 4 -6 -7 11 10 -10 -11 -12 -13 -14 -15
leaf_value=0.013317245254799647 -0.012795787106159777 0.030447445595679485 -0.029341540011493934 -0.011640236161660381 0.021435991103181552 0.001589731025045897 -0.0098476484961560092 -0.020863411380086523 -0.0084390258619094893 -0.01105551904061417 -0.0042049652706795115 -0.00076028377650568457 -0.0098019373032757831 0.014150131385932877
leaf_weight=20.7658756300807 2.9879987749736747 7.607683293521406 5.197759512811901 4.3476847708225232 4.2539096213877201 4.082302063703537 7.8122946918010703 15.162303760647772 11.092163503170012 3.7200008854269981 33.644024614244699 222.65551932691596 14.517891347408293 46.468424268066883
leaf_count=126 37 39 47 29 27 28 53 108 76 26 232 1795 101 276
internal_value=7.81407e-06 0.000134708 0.00419859 -0.00653533 0.00524647 -0.0169038 -0.000308697 -0.00519235 0.00460523 0.0170267 -0.00969511 0.000898455 0.00620068 0.0105806
internal_weight=404.316 401.328 38.6475 17.8817 8.60159 9.28006 362.68 71.2262 22.4198 11.3277 48.8063 291.454 68.7986 54.2807
internal_count=3000 2963 257 131 56 75 2706 481 141 65 340 2225 430 329
is_linear=0
shrinkage=0.03


Tree=345
num_leaves=15
num_cat=1
split_feature=46 46 24 44 20 1 7 44 3 9 23 42 30 31
split_gain=0.739754 1.27622 1.24222 1.10914 1.0774 1.02847 3.49491 4.62902 4.80422 3.65337 3.90926 3.81433 3.56187 3.46058
threshold=388.88887023925787 374.00000000000006 495.10000000000008 2.1944645643234257 -1.6124582869855999 20.500000000000004 0 2.2398549318313603 169.95000000000002 8576.3000000000011 11.047572157203756 16.251676559448246 18.650000000000002 2.5000000000000004
decision_type=2 2 2 2 2 2 1 2 2 2 2 2 8 8
left_child=1 5 4 -4 -2 6 7 13 -9 10 -8 -12 -10 -1
right_child=2 -3 3 -5 -6 -7 9 8 12 -11 11 -13 -14 -15
leaf_value=0.00054610439106259534 -0.018444206612294893 -0.014641199538513406 -0.0064791539624111808 0.030468579968129642 0.0094671394670370838 0.0013487238900500987 -0.014129124452023871 -0.020080003511125384 -0.01999865073930605 0.00180548788754203 0.015282370211112175 -0.01866843872245991 0.012415535074877481 0.016822246680187954
leaf_weight=22.404809951782227 1.1650240160524847 4.4033914851024738 0.5738477855920795 1.8784880966413764 1.9746624587569375 227.28705083974637 46.901141103357077 11.566485399380328 3.0487327512819293 35.476724732667208 8.4016835764050466 3.3991012845654032 11.741989474743605 23.899857506155968
leaf_count=142 14 44 4 70 132 1567 324 95 25 263 48 38 91 143
internal_value=4.14647e-06 -0.000160328 0.009972 0.0224504 -0.00284336 3.8105e-05 -0.00174475 0.00306648 -0.00640071 -0.00522337 -0.0103053 0.00480874 0.00489081 0.00912496
internal_weight=404.123 398.531 5.59202 2.45234 3.13969 394.128 166.841 72.6619 26.3572 94.1787 58.7019 11.8008 14.7907 46.3047
internal_count=3000 2780 220 74 146 2736 1169 496 211 673 410 86 116 285
cat_boundaries=0 1
cat_threshold=27410
is_linear=0
shrinkage=0.03


Tree=346
num_leaves=15
num_cat=0
split_feature=41 41 30 41 9 1 16 45 42 31 18 45 31 24
split_gain=0.721434 1.23441 2.24859 1.097 1.96431 3.34188 1.0415 1.56334 1.52564 5.28351 2.38388 1.74554 7.00097 6.04394
threshold=96.128074645996108 94.350978851318374 21.350000000000005 92.035877227783217 8299.4833333333354 21.500000000000004 199.18333333333337 1.9146810770034792 16.540518760681156 2.5000000000000004 2192.4000000000005 1.7617035508155825 1.5000000000000002 555.60000000000014
decision_type=2 2 10 2 2 2 2 2 2 10 2 2 10 2
left_child=1 3 -3 6 -5 -6 -1 8 11 10 -10 -8 13 -13
right_child=-2 2 -4 4 5 -7 7 -9 9 -11 -12 12 -14 -15
leaf_value=0.015737218444308719 -0.012234976382044422 0.027463585704908592 -0.0093826877670852571 -0.017802181364909145 0.025077654381527738 -0.015067068418796417 0.0011572263891014671 -0.011432793592079001 0.022275374819616039 -0.02096605229298518 -0.0048875499801437792 -0.013949028259954961 0.0063318380793875853 0.019728019813529802
leaf_weight=2.8598689584759986 3.2903473756741723 2.8377800860907874 1.7875715575646607 7.1849352123681438 2.5849192584864795 2.944224736886099 265.15029848739505 9.3384584505110961 11.634724916890265 3.4516320182010523 3.3663045689463607 47.049205806106329 36.050854325294495 4.450949151068925
leaf_count=200 99 36 19 55 36 41 1717 118 78 21 28 313 214 25
internal_value=1.78849e-06 0.000132481 0.014087 -6.555e-05 -0.00840277 0.0046673 0.000232101 7.46147e-05 0.000394091 0.0085731 0.0162554 -5.68478e-05 -0.00370525 -0.0107181
internal_weight=403.982 400.692 4.62535 396.066 12.7141 5.52914 383.352 380.492 371.154 18.4527 15.001 352.701 87.551 51.5002
internal_count=3000 2901 55 2846 132 77 2714 2514 2396 127 106 2269 552 338
is_linear=0
shrinkage=0.03


Tree=347
num_leaves=15
num_cat=0
split_feature=12 30 12 3 20 3 42 20 23 1 41 23 12 12
split_gain=0.741476 3.03035 2.88177 2.5002 4.68827 4.82348 3.73498 4.62678 5.17456 3.65405 3.24803 4.486 3.09305 4.62598
threshold=-2.6880978865407568 15.250000000000002 -0.72591768631829356 177.05000000000004 -1.2919911012236269 173.95000000000002 15.057237625122072 -1.5432703003337711 9.2799685017221822 22.500000000000004 84.602996826171889 9.1211828734272 -24.867519466073627 -29.714905450500797
decision_type=2 8 2 2 2 2 2 2 2 2 2 2 2 2
left_child=3 -2 -3 4 5 6 -1 12 -9 -5 11 -11 13 -8
right_child=1 2 -4 9 -6 -7 7 8 -10 10 -12 -13 -14 -15
leaf_value=0.019495981449929787 -0.024391706615223666 0.018035716627925181 0.0013091976463400709 -0.00044620444876407518 -0.0085290244250768431 -0.012673920843502906 -0.0033392764194262654 -0.0074715769593419355 0.027517615695708122 -0.0076144061883328907 -0.0044692862883623126 0.027959942051381501 -0.017206716853820074 0.017342957064474248
leaf_weight=10.963047131896017 2.8500753992702803 9.0839224811643344 117.79497170471586 62.397173658013344 75.704050933942199 18.181752962991595 48.385673956945531 5.2338586822152129 10.149193853139876 3.6720477193594041 6.2964196531102052 12.805921979248522 9.0846678242087346 11.124198436737066
leaf_count=61 28 54 1081 414 507 143 370 33 53 25 40 70 58 63
internal_value=2.45862e-06 0.00186253 0.00263841 -0.000881795 -0.00280273 0.00107059 0.00380743 0.001554 0.0158836 0.00336004 0.0133685 0.0200503 -0.00184162 0.000749581
internal_weight=403.727 129.729 126.879 273.998 188.826 113.122 94.9406 83.9776 15.3831 85.1716 22.7744 16.478 68.5945 59.5099
internal_count=3000 1163 1135 1837 1288 781 638 577 86 549 135 95 491 433
is_linear=0
shrinkage=0.03


Tree=348
num_leaves=15
num_cat=0
split_feature=12 12 39 19 16 14 43 30 46 18 44 41 30 24
split_gain=0.733087 2.92892 2.76884 3.18029 3.52577 3.91954 3.05554 2.55185 2.46115 3.20652 3.43698 2.64746 2.43467 2.42488
threshold=-28.639043381535163 -26.545828698554235 1.2471198156682031 121.21674559081629 202.95000000000002 22.750000000000004 111.50000000000001 27.550000000000004 282.13749694824224 2115.4333333333338 2.1661828756332402 79.870384216308608 22.650000000000002 497.46666666666675
decision_type=2 2 2 2 2 2 2 10 2 2 2 2 10 2
left_child=2 -2 3 4 -1 7 -7 8 9 10 13 -12 -8 -6
right_child=1 -3 -4 -5 5 6 12 -9 -10 -11 11 -13 -14 -15
leaf_value=-0.029425785442623729 0.014164290594440998 0.00010558077444281117 0.010115390639924868 0.0050814855969130374 -0.0066834812173180713 -0.012949278905887545 0.0055488050922378272 0.011960895015345386 -0.022496088083397408 0.019444458020688647 -0.0039709620600327485 -0.027943676327327339 0.037227721438302996 0.017922752561675297
leaf_weight=5.001001499593257 12.991771310567854 285.36395099235233 13.430426903534679 24.498890179209411 10.291508572176101 3.1973122879862776 6.2497868388891202 4.0233640298247328 11.389954023063181 2.9177895039319983 7.4481353051960495 9.5704959295690042 2.7631318680942059 4.2998807840049258
leaf_count=45 72 2148 80 194 72 28 44 27 96 16 56 77 17 28
internal_value=3.65365e-06 0.000763032 -0.0021393 -0.00402488 -0.00737292 -0.00516058 0.00953566 -0.00887036 -0.0109116 -0.00656456 -0.009488 -0.0182548 0.0180088 0.00125209
internal_weight=403.437 298.356 105.082 91.6513 67.1524 62.1514 12.2102 49.9411 45.9178 34.5278 31.61 17.0186 9.01292 14.5914
internal_count=3000 2220 780 700 506 461 89 372 345 249 233 133 61 100
is_linear=0
shrinkage=0.03


Tree=349
num_leaves=15
num_cat=0
split_feature=4 14 9 28 26 12 20 3 3 6 20 39 28 4
split_gain=0.73367 3.07639 4.40336 2.65124 3.15099 3.78442 4.3985 4.09932 4.20908 3.12749 3.00559 2.96149 2.92124 3.24572
threshold=61.45000000000001 21.150000000000002 8925.3833333333369 61.250000000000007 44.850000000000009 16.002669632925237 -0.17686318131262885 172.75000000000003 161.25000000000003 6.5000000000000009 -3.0769744160178392 0.92915897263723357 60.150000000000013 57.250000000000007
decision_type=2 2 2 10 2 2 2 2 2 2 2 2 10 2
left_child=3 2 -2 4 12 6 7 8 -6 -8 -10 -7 13 -1
right_child=1 -3 -4 -5 5 11 9 -9 10 -11 -12 -13 -14 -15
leaf_value=0.001597358524472811 -0.026476159761829127 -0.0001756425550758159 0.007043391263867417 0.022911971556982581 0.0094532098907442186 0.026585664040431577 -0.031237854543568297 0.0070949712782462804 0.0064308951409952353 -0.0033234030040948099 -0.021989942818713408 -0.0018652748058050751 -0.017719301576878954 0.014708491681727434
leaf_weight=44.396528432378545 8.5262773409485799 233.87504881783389 5.0483261235058299 4.0899368652608237 6.8815702046267715 5.165024913614614 8.3040789365768415 23.512978330254555 3.6871611578389993 6.3354542572051278 16.018889196217064 6.8070497517473996 3.7595609277486792 26.817699369043112
leaf_count=270 83 1791 36 22 45 78 55 150 31 40 119 99 24 157
internal_value=4.27204e-06 -0.00100975 -0.0143825 0.00161121 0.000890579 -0.00336313 -0.00624725 -0.00187232 -0.00977234 -0.0201424 -0.0166184 0.0115123 0.00522989 0.00667003
internal_weight=403.226 247.45 13.5746 155.776 151.686 76.7122 64.7401 50.1006 26.5876 14.6395 19.7061 11.9721 74.9738 71.2142
internal_count=3000 1910 119 1090 1068 617 440 345 195 95 150 177 451 427
is_linear=0
shrinkage=0.03


Tree=350
num_leaves=15
num_cat=1
split_feature=32 30 30 33 12 26 46 7 30 36 25 39 22 42
split_gain=0.714827 0.907497 1.76315 1.20836 1.19913 3.07424 3.64156 4.00895 3.78611 3.14118 3.46632 2.96666 3.2091 3.77502
threshold=14.500000000000002 13.15 14.750000000000002 35.500000000000007 -2.6880978865407568 44.416666666666671 223.36878967285159 0 20.850000000000005 2.5000000000000004 0.91264207708486877 1.1483516483516485 375.85000000000008 16.494048118591312
decision_type=2 8 8 2 2 2 2 1 8 2 2 2 2 2
left_child=-1 -2 -3 4 -4 9 -7 8 -8 -6 11 12 -11 -14
right_child=1 2 3 -5 5 6 7 -9 -10 10 -12 -13 13 -15
leaf_value=-0.012678785270296455 0.016626456948079234 -0.016137314990487581 -0.00071790859261884133 -0.015301334551480158 0.010011501902204695 0.017627866484833193 0.011841281777212036 0.0080834773731144095 -0.014617744350937467 0.012836833395595042 0.011076790384636041 -0.027560335788909842 -0.018040006648832606 0.013886759056990496
leaf_weight=2.961058128392323 1.9783779308199871 4.9985563899390391 264.50450237980112 3.4464533329010001 11.785774562740697 18.978856281843036 5.6898869918659356 32.837310782168061 18.134538932819851 5.4183049059938702 6.7970921173691741 6.8319957230705759 15.120732575654985 3.4089821097441009
leaf_count=37 10 44 1768 30 84 115 61 374 208 46 43 51 95 34
internal_value=3.03791e-06 0.000128322 4.83396e-06 0.00025061 0.000427048 0.00283622 0.00660297 0.00266851 -0.00575708 -0.00295221 -0.0071723 -0.011424 -0.00590031 -0.011756
internal_weight=402.892 399.931 397.953 392.954 389.508 125.003 75.6406 56.6617 23.8244 49.3629 37.5771 30.78 23.948 18.5297
internal_count=3000 2963 2953 2909 2879 1111 758 643 269 353 269 226 175 129
cat_boundaries=0 1
cat_threshold=39438
is_linear=0
shrinkage=0.03


Tree=351
num_leaves=15
num_cat=2
split_feature=8 44 20 18 20 6 39 2 7 1 43 20 20 10
split_gain=0.723864 2.37744 1.04369 1.6044 1.01132 2.77888 2.4814 1.35219 1.06155 4.0226 4.44133 3.5937 3.26934 3.62218
threshold=2.5000000000000004 2.2154408693313603 -4.2016685205784681 2170.5166666666669 -3.4691879866518884 5.5000000000000009 1.0867346938775515 0 1 19.500000000000004 116.50000000000001 -2.5951056729700079 -2.4028921023359637 2001.8457719565708
decision_type=2 2 2 2 2 2 2 1 1 2 2 2 2 2
left_child=2 -2 3 -1 5 7 -7 -4 9 12 11 -11 -6 -14
right_child=1 -3 4 -5 8 6 -8 -9 -10 10 -12 -13 13 -15
leaf_value=-0.021811427559851986 -0.0076969340232419864 0.019651479257923214 0.0056049273084325868 0.004913849968892923 -0.018359792558426537 -0.019578747302836284 0.013238674173751097 0.031684082894919557 0.00075033330047304071 0.011061003384892467 0.0039324406239649324 -0.014167342586897851 0.013713212800352308 -0.013601991554163815
leaf_weight=3.8428763668052843 4.4497709199786168 5.3501770233269781 4.0860316343605501 2.9444365352392197 3.4935808163136235 3.8493788838386536 2.7153144031763077 3.1447677602991462 264.54920280491933 4.9517711810767642 23.763493585516699 46.422709189355373 24.593773558735851 4.4301648873370132
leaf_count=42 31 39 28 28 30 31 16 19 1934 36 224 323 156 63
internal_value=8.40299e-06 0.00767076 -0.000201765 -0.0110754 1.75586e-05 0.00770985 -0.00604901 0.0194185 -0.000287445 -0.00264657 -0.00668051 -0.0115709 0.00580624 0.0092297
internal_weight=402.587 9.79995 392.788 6.78731 386 13.7955 6.56469 7.2308 372.205 107.655 75.138 51.3745 32.5175 29.0239
internal_count=3000 70 2930 70 2860 94 47 47 2766 832 583 359 249 219
cat_boundaries=0 1 2
cat_threshold=1 26699
is_linear=0
shrinkage=0.03


Tree=352
num_leaves=15
num_cat=0
split_feature=19 41 41 45 45 30 19 22 4 45 15 29 23 14
split_gain=0.707652 2.75232 3.94302 5.30357 2.82976 3.23499 2.26077 1.32211 1.30688 3.06552 6.8314 5.46227 4.02625 3.97473
threshold=84.827623624998751 82.272426605224624 76.161201477050795 1.6986634731292727 1.7072901129722597 22.650000000000002 86.721405998606571 411.25000000000006 54.050000000000004 1.7130619287490847 13.116666666666669 19.850000000000005 10.873673670615835 22.916666666666668
decision_type=2 2 2 2 2 8 2 2 2 2 2 8 2 2
left_child=1 2 -1 -4 5 -3 -2 -5 9 10 -8 13 -13 -11
right_child=6 4 3 7 -6 -7 8 -9 -10 11 -12 12 -14 -15
leaf_value=-0.016684214880765328 0.016276447754840048 0.018295863103963778 -0.013291403834265003 0.0070462319817093605 -0.025175596991209404 -0.01752067848758377 0.0099388404190115034 0.035142390385652193 -0.00073146261298209889 -0.025895273262717147 -0.023563715339153714 0.021757636716500835 -0.0079818374176607119 0.010193122819982133
leaf_weight=4.7598120458424154 6.8766537532210341 3.5567842498421651 3.8091211467981321 2.8564195930957794 7.385227769613266 3.5224400125443935 11.624508135020735 4.7969080358743668 309.45639146992471 4.883403465151785 8.7391694597899896 21.237364862114195 4.4744852823205283 4.3788475652690977
leaf_count=35 36 21 30 18 49 26 65 25 2381 34 58 118 66 38
internal_value=8.95759e-06 -0.00429507 0.00411517 0.0133979 -0.0133835 0.000511693 0.000374887 0.0266823 3.1454e-05 0.00423504 -0.00486892 0.00952382 0.0164772 -0.00950328
internal_weight=402.358 30.6867 16.2223 11.4624 14.4645 7.07922 371.671 7.65333 364.794 55.3378 20.3637 34.9741 25.7119 9.26225
internal_count=3000 204 108 73 96 47 2796 43 2760 379 123 256 184 72
is_linear=0
shrinkage=0.03


Tree=353
num_leaves=15
num_cat=0
split_feature=46 46 24 44 46 25 25 45 29 3 41 10 11 16
split_gain=0.713524 1.21249 1.16999 1.06038 0.979015 2.53715 3.87793 2.96616 2.11743 1.57573 2.99278 1.34256 1.29664 3.93025
threshold=388.88887023925787 374.00000000000006 495.10000000000008 2.1944645643234257 334.53312683105474 0.9043232070122299 0.91068737659587085 1.7658076882362368 13.65 169.75000000000003 83.650058746337905 2275.7618670767265 280968.00000000006 203.58333333333334
decision_type=2 2 2 2 2 2 2 2 10 2 2 2 2 2
left_child=1 4 -2 -4 12 7 9 11 -9 -7 -11 -6 -1 -14
right_child=2 -3 3 -5 5 6 -8 8 -10 10 -12 -13 13 -15
leaf_value=0.00030411445065910603 -0.0027147026342114527 -0.014327447959663871 -0.0063846390367882444 0.029784845429881291 -0.0022654842208334018 0.031091569268900259 -0.013393294216657161 0.019121532000314322 -0.015232953973382566 -0.010309700362257493 0.025401131294669491 -0.025652584487913296 0.0055140927273652635 -0.011788005390262929
leaf_weight=314.41578931570984 3.1002527640666804 4.3592210861388585 0.56938501447439227 1.869735426851548 4.4229865819215792 5.7115321932360512 3.1653647972270837 5.0376509133493519 1.3671833422267807 3.3140222462825477 3.3392143740784377 3.8847692087292671 18.836704912595451 28.720259819179773
leaf_count=2113 146 44 4 70 30 29 24 93 25 26 23 26 131 216
internal_value=7.2614e-06 -0.000154428 0.00983637 0.0219401 3.91323e-05 0.00513483 0.0132261 -0.00370421 0.0107214 0.0205328 0.00859044 -0.0147826 -0.000399586 -0.00496244
internal_weight=402.114 396.575 5.53937 2.43912 392.215 30.2427 15.5301 14.7126 6.40483 12.3648 6.65324 8.30776 361.973 47.557
internal_count=3000 2780 220 74 2736 276 102 174 118 78 49 56 2460 347
is_linear=0
shrinkage=0.03


Tree=354
num_leaves=15
num_cat=1
split_feature=42 44 44 1 7 3 44 4 4 3 42 15 15 24
split_gain=0.705002 2.74827 2.23529 1.06249 3.43879 4.15358 4.30364 5.84507 3.96013 3.89406 4.11748 3.83059 3.80695 3.59445
threshold=14.710041999816896 2.0913780927658085 2.0665822029113774 20.500000000000004 0 165.05000000000004 2.2286338806152348 61.650000000000013 53.350000000000001 174.45000000000002 15.643558025360109 13.41666666666667 13.083333333333334 392.21666666666675
decision_type=2 2 2 2 1 2 2 2 2 2 2 2 2 2
left_child=1 -1 -2 4 13 8 9 -8 -6 11 -11 12 -7 -4
right_child=2 -3 3 -5 5 6 7 -9 -10 10 -12 -13 -14 -15
leaf_value=-0.023120141377271038 0.017917028226060502 0.0098016032273292759 0.027981315771979782 0.0012461578203484033 0.014665208916298999 0.0090080957228486479 -0.018092217936281327 0.0078895484316372343 -0.01431692473388845 -0.0055508145375165897 0.024169111863405292 -0.0033406227453635093 0.041642861926047804 -0.0081999815306066509
leaf_weight=3.994283076375722 5.3000942133367053 3.413322564214468 1.5977826332673419 224.18060693342704 4.5173060190863934 6.0372185707092312 11.711631598882379 19.186108951922506 18.979059793520719 13.942017141729595 4.8515488281846038 3.8954365104436866 8.105407699942587 72.142790887621231
leaf_count=38 31 22 13 1662 28 34 99 166 143 97 27 24 43 573
internal_value=7.57011e-06 -0.00858876 0.000190318 -9.64212e-05 -0.00191743 0.00204304 0.0060233 -0.00221716 -0.00837374 0.012812 0.00295482 0.0223874 0.0292266 -0.00621993
internal_weight=401.855 7.40761 394.447 389.147 164.966 91.2257 67.7294 30.8977 23.4964 36.8316 18.7936 18.0381 14.1426 73.7406
internal_count=3000 60 2940 2909 1247 661 490 265 171 225 124 101 77 586
cat_boundaries=0 1
cat_threshold=37993
is_linear=0
shrinkage=0.03


Tree=355
num_leaves=15
num_cat=0
split_feature=18 6 39 14 41 10 6 41 10 18 9 46 23 39
split_gain=0.702332 4.23145 2.20828 2.70646 1.88522 1.76558 1.5467 1.32707 1.25079 1.2873 1.97531 3.82366 3.17367 2.48785
threshold=1990.3000000000004 4.5000000000000009 1.0867346938775515 22.083333333333339 78.442672729492202 1160.5542171688926 7.5000000000000009 84.602996826171889 1198.745361802449 2007.2333333333336 6189.7000000000016 205.468620300293 9.1032708410597358 1.1952380952380954
decision_type=2 2 2 2 2 2 2 2 2 2 2 2 2 2
left_child=1 4 3 -3 -1 -2 -5 -6 -7 -10 12 -12 -11 -14
right_child=5 2 -4 6 7 8 -8 -9 9 10 11 -13 13 -15
leaf_value=-0.010639314391400687 0.01702578302834503 -0.023062072562338446 -0.028814914616671371 -0.0074890327250372859 0.026459537209960027 -0.014396939362783211 0.018010391271333092 0.0022176757664689188 0.011089319164864511 0.008574993681478146 0.018012154354889589 -8.1501084616787757e-05 -0.027027327843608485 0.0046737743367803019
leaf_weight=2.359172537922861 4.6257754266262046 3.6531854160130006 5.0184286683797827 3.35385911911726 4.0742342285811901 4.2864096611738196 3.4078630581498146 3.7224551327526569 8.6907836459577066 4.8466249480843535 9.8534233421087247 333.49336778768338 7.5989342681132239 2.6509955157525837
leaf_count=18 26 30 36 21 21 30 22 21 54 28 54 2561 61 17
internal_value=1.29342e-05 -0.0046995 -0.0142364 -0.0053028 0.00977024 0.00034522 0.00602716 0.0164533 9.23164e-05 0.000300131 8.41426e-06 0.000488554 -0.0102635 -0.0191417
internal_weight=401.636 25.5892 15.4333 10.4149 10.1559 376.046 6.76172 7.79669 371.421 367.134 358.443 343.347 15.0966 10.2499
internal_count=3000 169 109 73 60 2831 43 42 2805 2775 2721 2615 106 78
is_linear=0
shrinkage=0.03


Tree=356
num_leaves=15
num_cat=1
split_feature=12 8 4 7 4 3 19 42 42 1 14 4 4 12
split_gain=0.701847 2.41584 3.95017 3.75489 3.00878 2.98412 2.80671 2.62034 2.48605 2.27141 2.25783 3.25634 2.04734 1.81092
threshold=-35.81490545050071 1.0000000180025095e-35 60.95000000000001 0 56.350000000000001 173.75000000000003 119.01446303593671 16.339523315429691 15.465382575988771 20.500000000000004 21.950000000000003 64.950000000000017 50.150000000000013 -34.449721913237134
decision_type=2 2 2 1 2 2 2 2 2 2 2 2 2 2
left_child=1 3 4 6 12 10 -1 8 -4 -7 -5 -12 -3 -2
right_child=13 2 7 5 -6 9 -8 -9 -10 -11 11 -13 -14 -15
leaf_value=-0.019393643672178523 0.015383190206559391 0.0088947240684268906 -0.0048564861918576957 0.0034327939370930923 0.016904292974936362 -0.016042068942484018 0.0053975926784300167 0.0092327384901213332 -0.029828374414756397 0.010399409208885751 0.0047143330287062989 0.042334871034957096 -0.020108886381526542 0.00026783947522701586
leaf_weight=10.617066128179433 6.296047222800552 2.8625652501359564 5.9300367794930997 5.2477603219449547 6.5672537297941744 4.1788822934031469 5.8026707228273144 2.3468540888279668 10.245833057910202 5.7253662133589387 3.5998768173158151 4.9601028636097908 4.5675962129607797 322.53333203098737
leaf_count=88 36 17 52 37 45 34 49 24 96 40 26 28 40 2388
internal_value=1.17829e-05 -0.00263604 -0.00858835 0.00227886 0.00335507 0.008133 -0.0068775 -0.0173234 -0.0214895 -0.00120505 0.0199526 0.0286617 -0.00920525 0.000603013
internal_weight=401.481 72.6519 32.5201 40.1317 13.9974 23.712 16.4197 18.5227 16.1759 9.90425 13.8077 8.55998 7.43016 328.829
internal_count=3000 576 274 302 102 165 137 172 148 74 91 54 57 2424
cat_boundaries=0 1
cat_threshold=4144
is_linear=0
shrinkage=0.03


Tree=357
num_leaves=15
num_cat=1
split_feature=26 24 22 25 4 19 1 7 29 44 4 3 19 22
split_gain=0.698809 1.50403 1.97232 1.18818 1.30981 5.51906 1.43013 4.03692 4.26302 4.13584 4.90853 4.41269 3.77369 3.55784
threshold=35.050000000000004 387.30000000000001 353.46666666666675 0.91726499210002455 44.900000000000006 106.4153161959939 20.500000000000004 0 14.15 2.2361110448837285 61.850000000000001 169.95000000000002 100.99289780656035 415.71666666666675
decision_type=2 2 2 2 2 2 2 1 8 2 2 2 2 2
left_child=-1 -2 -3 4 5 -4 7 8 12 -9 -11 -12 -6 -8
right_child=1 2 3 -5 6 -7 13 9 -10 10 11 -13 -14 -15
leaf_value=-0.009925229817955664 0.017113124371934806 -0.023864467066710634 -0.00719401111448199 0.01153228871162602 -0.015441899512186774 0.034646371861953712 0.0067609426889275979 0.007332928626629002 -0.011173931841686632 -0.019694640502942239 -0.013519562606934835 0.013717738558656481 0.020275707719080535 -0.0014558795274413096
leaf_weight=5.2689041355624786 3.6598540095146737 2.1004781855735919 6.3619229421019536 7.094050981104373 3.0881913229823095 3.7589033599942923 69.147952676517889 53.098867360502481 61.386308889370412 12.980428387178106 7.8069229775574085 12.738101608119903 7.1411142430733889 145.62536347284913
leaf_count=36 34 22 39 40 25 28 511 328 496 113 74 112 53 1089
internal_value=1.28799e-05 0.000169782 -3.13817e-05 0.000157575 -8.25102e-05 0.0100637 -0.000383976 -0.00253962 -0.007204 0.00195396 -0.00596515 0.00322069 0.0090778 0.00120866
internal_weight=401.257 395.988 392.329 390.228 383.134 10.1208 373.013 158.24 71.6156 86.6243 33.5255 20.545 10.2293 214.773
internal_count=3000 2964 2930 2908 2868 67 2801 1201 574 627 299 186 78 1600
cat_boundaries=0 1
cat_threshold=37993
is_linear=0
shrinkage=0.03


Tree=358
num_leaves=15
num_cat=1
split_feature=40 30 30 3 3 30 25 3 26 26 33 38 14 7
split_gain=0.694686 0.808897 1.6881 1.35865 2.3754 1.23066 1.24052 3.52862 2.98553 2.88678 3.15276 6.48638 2.8526 2.83292
threshold=15.500000000000002 13.15 14.750000000000002 193.50000000000003 188.85000000000005 15.550000000000002 0.90164504972008697 180.35000000000005 42.683333333333344 44.616666666666674 25.500000000000004 2.5000000000000004 25.083333333333339 0
decision_type=2 8 8 2 2 8 2 2 2 2 2 2 2 1
left_child=1 -1 -3 4 5 -4 7 8 -7 -10 11 -11 13 -12
right_child=-2 2 3 -5 -6 6 -8 -9 9 10 12 -13 -14 -15
leaf_value=0.015677486603234217 -0.012537607072672041 -0.015871023849810647 0.013336040300640178 0.016993786528761348 -0.016447208072146842 -0.025632923299368809 0.0011693363946821736 0.008736296698132277 0.014149501082660778 0.031400285563937626 0.0028339766842592801 -0.0091541312188438157 0.016923153175502564 -0.013583087627020565
leaf_weight=1.9915755316615094 2.9306682648602864 4.9277019917499265 5.5104910363443187 3.3182119939010581 6.6797268085647366 5.2330399060156187 282.62024540617131 18.172755979467183 6.2906960654072455 4.8104693391360334 14.046785011887549 8.3023156861308944 2.6577640358591443 33.543200288899243
leaf_count=10 37 44 34 25 58 57 1833 151 47 38 90 93 210 273
internal_value=1.27275e-05 0.0001363 1.88805e-05 0.000259001 7.25019e-05 0.000404261 0.000179675 -0.00280647 -0.00568585 -0.00384559 -0.00582431 0.00689416 -0.00921311 -0.010991
internal_weight=401.036 398.105 396.113 391.186 387.867 381.188 375.677 93.057 74.8843 69.6512 63.3605 13.1128 50.2477 47.59
internal_count=3000 2963 2953 2909 2884 2826 2792 959 808 751 704 131 573 363
cat_boundaries=0 1
cat_threshold=33668
is_linear=0
shrinkage=0.03


Tree=359
num_leaves=15
num_cat=1
split_feature=36 25 28 44 4 33 23 20 7 44 23 24 32 44
split_gain=0.694846 2.98717 2.30999 3.38533 2.40227 1.24279 1.10444 2.72635 2.92714 4.67806 4.24197 4.56759 4.05499 4.24823
threshold=6.5000000000000009 0.90896216595129642 67.450000000000017 2.2221416234970097 62.550000000000004 35.500000000000007 9.7078591041052498 -3.3533926585095166 0 2.2032046318054204 11.468522620715937 555.60000000000014 16.500000000000004 2.1903010606765752
decision_type=2 2 8 2 2 2 2 2 1 2 2 2 2 2
left_child=5 2 4 -4 -2 6 -1 -8 9 12 11 -10 -9 -14
right_child=1 -3 3 -5 -6 -7 7 8 10 -11 -12 -13 13 -15
leaf_value=0.0022130907630471416 -0.0012649975430014736 -0.022257459292499809 0.0081482666383506219 -0.021179243114059571 0.030046844996832092 -0.01566920667196714 0.012170555219902065 0.032990159166958494 -0.011125475976791666 -0.0037048798145653643 0.0062535288576467786 0.019704901309877513 0.00048489042485846707 0.027682865881278919
leaf_weight=179.01370003633201 4.7269374539610061 5.5590452495962372 6.2461752183735353 6.1286772631574422 3.0113564527127892 3.3163025081157675 12.109104915522037 4.9302736818790427 68.638570389710367 51.662258381024003 19.35905377974268 3.7133406484499565 27.019671637564898 5.4021888002753249
leaf_count=1166 33 43 40 64 25 28 99 25 467 495 286 23 176 30
internal_value=6.07009e-06 -0.00467303 0.00101112 -0.00687381 0.0129641 0.000337828 0.000522229 -0.00105077 -0.00199873 0.00191323 -0.00539933 -0.00929609 0.0100766 0.00570936
internal_weight=400.837 25.6722 20.1131 12.3749 7.73829 375.164 371.848 192.834 180.725 89.0144 91.711 72.3519 37.3521 32.4219
internal_count=3000 205 162 104 58 2795 2767 1601 1502 726 776 490 231 206
cat_boundaries=0 1
cat_threshold=11448
is_linear=0
shrinkage=0.03


Tree=360
num_leaves=15
num_cat=0
split_feature=12 1 3 45 18 20 43 6 3 3 30 16 33 25
split_gain=0.72115 2.40423 3.82192 2.3814 3.05871 2.29836 3.15367 2.38016 2.73979 2.72279 4.78427 2.19138 2.54891 1.97437
threshold=-33.121802002224925 19.500000000000004 173.35000000000005 1.7183008790016177 2170.5166666666669 -2.5506117908788024 119.50000000000001 7.5000000000000009 175.05000000000004 177.05000000000004 25.050000000000004 203.55000000000004 24.500000000000004 0.90706065648847978
decision_type=2 2 2 2 2 2 2 2 2 2 10 2 2 2
left_child=1 2 3 -1 -5 6 7 9 -9 10 -3 -7 -13 -8
right_child=-2 5 -4 4 -6 11 13 8 -10 -11 -12 12 -14 -15
leaf_value=0.011870222707555824 0.00066405242034073666 -0.0037711465232269157 -0.022342361961324109 -0.026742798828843253 0.011517234068104457 0.0094521785345838081 -0.02655572429954178 0.0065822745909735201 -0.022029760494157134 0.026097319732305686 0.034248397581292445 0.0078896884478082008 -0.020010484818107768 0.0071167490805243202
leaf_weight=7.1723816767334956 317.25851994275581 12.249645903706552 11.13437964953482 3.6174700241535902 2.4232440069317818 4.3123750658705857 3.3292850116267791 8.4778112284839136 3.4334239102900019 8.4662418626248819 2.8712821081280699 3.3324229493737212 10.672999054193495 1.9109355844557283
leaf_count=46 2352 89 99 40 17 35 44 59 29 50 16 20 89 15
internal_value=1.0263e-05 -0.00245508 -0.0101849 0.000911147 -0.0119388 0.000848242 0.00479483 0.00806558 -0.00273264 0.0134079 0.00512494 -0.00772279 -0.0132886 -0.0151038
internal_weight=400.662 83.4039 24.3475 13.2131 6.04071 59.0564 40.7386 35.4984 11.9112 23.5872 15.1209 18.3178 14.0054 5.24022
internal_count=3000 648 202 103 57 446 302 243 88 155 105 144 109 59
is_linear=0
shrinkage=0.03


Tree=361
num_leaves=15
num_cat=0
split_feature=45 22 16 16 44 22 42 15 24 18 41 39 15 23
split_gain=0.696807 2.74603 4.58984 5.47457 4.32899 3.83571 4.4703 3.35873 2.88324 4.06053 3.34075 4.08787 2.97674 2.73521
threshold=1.7270052433013918 434.71666666666675 204.31666666666669 203.25000000000003 2.239178061485291 428.85000000000008 15.69723701477051 13.15 505.08333333333343 2167.0333333333338 86.926994323730483 0.98430141287284145 12.816666666666668 9.4113528700971845
decision_type=2 2 2 2 2 2 2 2 2 2 2 2 2 2
left_child=1 4 3 -3 5 6 13 -7 9 -4 11 12 -10 -1
right_child=-2 2 8 -5 -6 7 -8 -9 10 -11 -12 -13 -14 -15
leaf_value=0.0074058977991362648 0.0011703331547073675 0.017584288215660208 -0.012836641284150446 -0.02259025667378279 0.0264692891055654 -0.00086128207063157372 -0.018879573413101793 0.026929936288800103 0.012967395737631972 0.020054921618553483 0.023128742600305941 0.010490303572263568 -0.01794260560772418 -0.0042932955545612857
leaf_weight=30.431008206680417 214.71348718507215 2.8387871831655529 23.107251368463043 19.009292718023062 5.0984518229961386 7.2056646868586522 11.258365090936421 7.4136263206601143 2.8525305651128319 3.0146172717213622 5.9892853237688533 15.216332573443649 11.194420844316481 41.064284559339285
leaf_count=192 1764 17 171 135 29 49 73 43 20 20 35 100 84 268
internal_value=8.98414e-06 -0.00133293 -0.00534929 -0.0168291 0.00194914 0.000409246 -0.00214023 0.0140538 -0.00105842 -0.00844128 0.00449417 4.20264e-05 -0.011221 0.000719777
internal_weight=400.407 185.694 83.2225 21.8481 102.471 97.3729 82.7537 14.6193 61.3744 26.1219 35.2526 29.2633 14.047 71.4953
internal_count=3000 1236 582 152 654 625 533 92 430 191 239 204 104 460
is_linear=0
shrinkage=0.03


Tree=362
num_leaves=15
num_cat=0
split_feature=41 41 30 41 11 1 43 20 15 20 20 46 46 30
split_gain=0.699371 1.18956 2.10344 1.02684 1.87529 3.19617 1.16466 3.68533 3.19392 3.09099 1.85848 2.07097 3.21833 1.91898
threshold=96.128074645996108 94.350978851318374 21.350000000000005 92.035877227783217 248984.50000000003 21.500000000000004 121.50000000000001 -2.1610678531702319 13.583333333333334 2.0961067853169575 1.8463848720800644 222.486930847168 250.62048339843753 17.750000000000004
decision_type=2 2 10 2 2 2 2 2 2 2 2 2 2 10
left_child=1 3 -3 6 -5 -6 9 -8 -9 -1 13 -12 -13 -10
right_child=-2 2 -4 4 5 -7 7 8 10 -11 11 12 -14 -15
leaf_value=6.9643700990804246e-05 -0.012109060273310601 0.026875033414719134 -0.0089624362794122232 -0.017439842980409175 0.02470037809221385 -0.014764776642126094 -0.021328805653622929 0.023127089601837826 0.006614723262088334 -0.021444843089369094 0.027959095974063167 -0.01931434914736058 0.010644558990176198 -0.020634681470830404
leaf_weight=338.08997902832925 3.2382296111900351 2.8053436640184364 1.7658170037902889 7.0616023573093099 2.5497226964216679 2.9028755645267665 3.254555112682282 8.5704363584518415 3.5229570688679841 5.1187108196318141 2.7284829462878433 3.4503395254723719 10.837076470139435 4.2111383257433772
leaf_count=2189 99 36 19 55 36 41 51 48 29 32 24 29 280 32
internal_value=1.31912e-05 0.000142288 0.0139074 -5.30596e-05 -0.00817945 0.00465772 0.000235489 0.00525003 0.00839192 -0.000312599 0.00258944 0.00800904 0.00261948 -0.0088861
internal_weight=400.107 396.869 4.57116 392.298 12.5142 5.4526 379.784 36.575 33.3204 343.209 24.75 17.0159 14.2874 7.7341
internal_count=3000 2901 55 2846 132 77 2714 493 442 2221 394 333 309 61
is_linear=0
shrinkage=0.03


Tree=363
num_leaves=15
num_cat=0
split_feature=30 43 30 31 28 43 29 45 39 45 12 28 41 12
split_gain=0.685144 2.09669 1.46161 0.973308 3.52727 3.14926 4.33956 3.84792 2.70982 3.06453 3.7574 2.50102 2.26466 3.60805
threshold=30.550000000000004 117.50000000000001 29.650000000000002 2.5000000000000004 76.450000000000017 112.50000000000001 19.850000000000005 1.726503372192383 1.108550947260625 1.770825266838074 40.980088987763992 61.650000000000013 82.427749633789077 -31.687541713014628
decision_type=10 2 10 10 10 2 8 2 2 2 2 10 2 2
left_child=2 -2 3 -1 5 6 11 -8 9 12 -11 -5 -7 -14
right_child=1 -3 -4 4 -6 8 7 -9 -10 10 -12 -13 13 -15
leaf_value=-0.00068452625700371516 -0.018291563737127883 0.010580205784600612 0.015965943598452579 0.0074148069690935809 -0.017927582083077015 0.029270708688105527 -0.019392523413643822 0.014717409328455767 -0.0157950694478909 -0.026454978471225431 0.019399921456818625 0.030066257972348902 -0.020557414029776875 0.012522331289652144
leaf_weight=323.68038472265471 5.1800914518535128 2.756448017549701 4.2207904285751274 8.6121539250016266 5.3915491912048301 3.3660514801740744 5.2467214316129667 4.7184721976518631 7.4655168966855845 4.228102949447929 1.4819666179828344 10.206474363803862 3.0660493448376718 10.16862527281045
leaf_count=2453 44 28 23 51 40 17 38 27 60 32 52 55 24 56
internal_value=1.15842e-05 -0.00820223 0.000198401 -1.3927e-05 0.00333848 0.00556454 0.0124642 -0.00337236 -0.00129339 0.00402851 -0.0134364 0.0205972 0.0104579 0.00395301
internal_weight=399.789 7.93654 391.853 387.632 63.9517 58.5601 28.7838 9.96519 29.7763 22.3108 5.71007 18.8186 16.6007 13.2347
internal_count=3000 72 2928 2905 452 412 171 65 241 181 84 106 97 80
is_linear=0
shrinkage=0.03


Tree=364
num_leaves=15
num_cat=0
split_feature=8 39 28 20 18 20 8 39 43 42 45 41 45 30
split_gain=0.681477 2.32183 1.18168 0.992642 1.47575 0.922719 2.44108 1.53155 0.989526 1.57466 1.38782 2.53287 2.45335 2.38736
threshold=2.5000000000000004 0.91372912801484241 46.000000000000007 -4.2016685205784681 2170.5166666666669 -3.5496106785317605 1.0000000180025095e-35 1.0244897959183674 96.500000000000014 14.670602321624758 1.6426314711570742 82.670101165771499 1.649181663990021 22.650000000000002
decision_type=2 2 10 2 2 2 2 2 2 2 2 2 2 8
left_child=3 -2 -3 4 -1 6 7 -5 -7 -10 11 13 -12 -11
right_child=1 2 -4 5 -6 8 -8 -9 9 10 12 -13 -14 -15
leaf_value=-0.021392239454778077 0.020726154587621459 0.0071253180986376287 -0.017897868610716367 0.0014320364874117252 0.0044514513790487025 0.015363091023000297 -0.010045526102200402 0.026922535432958118 -0.016517621851297321 -0.002707571187611829 -0.018411228791939693 -0.0084162601556727664 -0.0002643247967189699 0.021926286553936958
leaf_weight=3.7151800417341283 4.6991083611501363 2.4965758821927011 2.5163401595782489 3.7084546787664276 2.9373653437942266 2.6174883097410193 3.8598138242959967 4.3561015166342258 4.3790275044739237 5.0524230003356942 5.8414591401815406 5.8574217855930319 338.11411848897114 9.4468658082187176
leaf_count=42 28 18 24 27 28 16 31 24 39 35 44 41 2548 55
internal_value=1.24128e-05 0.00747756 -0.00632318 -0.000192198 -0.0108907 2.13777e-05 0.00790159 0.0166519 -0.000252234 -0.000404351 -0.000165985 0.00725579 -0.000624996 0.0137215
internal_weight=399.598 9.71202 5.01292 389.886 6.65255 383.233 11.9244 8.06456 371.309 368.691 364.312 20.3567 343.956 14.4993
internal_count=3000 70 42 2930 70 2860 82 51 2778 2762 2723 131 2592 90
is_linear=0
shrinkage=0.03


Tree=365
num_leaves=15
num_cat=1
split_feature=4 14 18 16 12 43 8 45 44 7 44 20 20 16
split_gain=0.692478 2.85461 3.89703 2.48888 2.96117 2.61316 4.43324 3.6088 4.82411 4.91218 5.65154 3.87066 3.45813 3.08206
threshold=61.45000000000001 21.116666666666671 2123.8833333333337 205.88333333333335 -12.345050055617564 108.50000000000001 1.0000000180025095e-35 1.6603856086730959 2.220664501190186 0 2.3418912887573247 0.32680756395990712 -2.5132369299221944 204.55000000000004
decision_type=2 2 2 2 2 2 2 2 2 1 2 2 2 2
left_child=3 2 -2 5 -5 6 -1 -7 -9 10 -10 12 -11 -8
right_child=1 -3 -4 4 -6 7 13 8 9 11 -12 -13 -14 -15
leaf_value=-0.01612494535529024 -0.02591308150898217 -0.0002069486382366396 0.007490561205017141 0.021952560578128045 -0.0082394733634248551 -0.018003065417805282 0.014224956091235667 0.011541565244242461 0.016557451921934769 0.0039757949387232653 -0.014801094845548252 0.0025875151754940076 -0.025848758350739527 -0.010968133791762529
leaf_weight=18.881426699459553 7.9434955995529872 233.02809217385948 4.2785617113113403 9.3085485398769361 3.468200981616973 6.0793375223875037 10.321179717779161 43.68355705589056 20.356725845485929 4.2170128384605077 5.9698121370747677 11.363966802600769 14.355722062289717 6.2053274363279334
leaf_count=131 79 1800 31 48 25 41 62 255 120 35 99 137 95 42
internal_value=1.19681e-05 -0.000977242 -0.0145374 0.00158132 0.0137539 0.00039285 -0.00655276 0.00275193 0.0041802 -0.00163701 0.00670976 -0.00840792 -0.0192198 0.00467944
internal_weight=399.461 245.25 12.2221 154.211 12.7767 141.434 35.4079 106.026 99.9468 56.2632 26.3265 29.9367 18.5727 16.5265
internal_count=3000 1910 110 1090 73 1017 235 782 741 486 219 267 130 104
cat_boundaries=0 1
cat_threshold=62540
is_linear=0
shrinkage=0.03


Tree=366
num_leaves=15
num_cat=0
split_feature=12 23 8 25 22 41 23 1 6 41 25 12 23 4
split_gain=0.695502 2.2579 3.05765 2.97608 2.9347 2.74015 3.61125 2.68524 3.90871 2.56064 3.30398 2.36872 1.9146 1.81624
threshold=-35.81490545050071 10.217744307658251 1.0000000180025095e-35 0.90717395909278553 432.98333333333341 82.771633148193374 10.928003670032345 19.500000000000004 6.5000000000000009 82.982395172119155 0.90477244533278423 -64.775417130144874 11.385108236790677 65.65000000000002
decision_type=2 2 2 2 2 2 2 2 2 2 2 2 2 2
left_child=1 2 3 9 7 6 -3 -4 -9 -1 -11 -7 -8 -5
right_child=-2 5 4 13 -6 11 12 8 -10 10 -12 -13 -14 -15
leaf_value=-0.0015196608553661789 0.00059608510290314618 0.026658702599215569 -0.023526322594406263 0.00070006619277658804 -0.027914411585280959 0.017155998997679566 -0.016814855669367294 0.019759919308352636 -0.015633801900345825 0.00065198127725264211 0.041610377258662706 -0.013674540899869601 0.0098957647553813092 -0.024469648923774671
leaf_weight=9.8835471235215717 327.35594227036927 6.9666354730725306 3.7786300033330944 4.9370639193803054 8.0206999573856574 2.0061844279989591 3.2481712624430656 5.1238958090543729 4.2225263826549053 3.4648008719086638 2.6999598667025566 8.583424177952109 4.619130926206708 4.2840220257639885
leaf_count=76 2424 43 32 35 84 24 28 31 33 27 13 77 34 39
internal_value=7.80076e-06 -0.00264429 -0.00653135 0.000578109 -0.0146697 0.00443084 0.0124134 -0.00517264 0.00380419 0.00823122 0.0218943 -0.00685742 -0.00178485 -0.0122435
internal_weight=399.195 71.8387 46.4151 25.2694 21.1458 25.4235 14.8339 13.1251 9.34642 16.0483 6.16476 10.5896 7.8673 9.22109
internal_count=3000 576 370 190 180 206 105 96 64 116 40 101 62 74
is_linear=0
shrinkage=0.03


Tree=367
num_leaves=15
num_cat=1
split_feature=32 30 30 3 3 23 38 30 23 7 43 20 20 41
split_gain=0.681137 0.76004 1.61747 1.24509 2.24846 1.17643 1.14375 1.13392 1.20934 2.74043 3.21094 3.02581 3.98456 2.84174
threshold=14.500000000000002 13.15 14.750000000000002 193.50000000000003 188.85000000000005 10.261634822217204 3.5000000000000004 15.550000000000002 8.5200911884314934 0 116.50000000000001 -0.47285873192440825 -1.9037819799778346 77.478897094726577
decision_type=2 8 8 2 2 2 2 8 2 1 2 2 2 2
left_child=-1 -2 6 4 7 -6 -3 -4 9 11 13 12 -9 -11
right_child=1 2 3 -5 5 -7 -8 8 -10 10 -12 -13 -14 -15
leaf_value=-0.012463863808822145 0.015215628982418352 0.00094299631195225242 0.012803663342053177 0.016246997471356207 -0.024226894085912627 0.00079669380229591992 -0.025946668482806391 -0.0082417600531524884 0.00087353587427928454 0.00047079084571415388 0.0057531184437920905 -0.0080432473726037412 0.028612517711857743 -0.020369110844117442
leaf_weight=2.9036029165145001 1.9828365519642819 2.2224574319552621 5.5120758460834614 3.3303919201716772 4.151312641799449 2.4247808086220175 2.6509309380780905 3.3669709004461774 320.67096772626974 8.2228996716439742 8.9114071074873191 6.1595753505825988 7.1035416088998327 19.35975694283843
leaf_count=37 10 19 34 25 36 22 25 29 2412 59 58 42 42 150
internal_value=6.583e-06 0.000129164 1.49366e-05 0.000250099 7.03988e-05 -0.0161128 -0.0156112 0.000392598 0.000175908 -0.00397349 -0.00743981 0.00500487 0.0170761 -0.0143572
internal_weight=398.974 396.07 394.087 389.214 385.883 6.57609 4.87339 379.307 373.795 53.1242 36.4941 16.6301 10.4705 27.5827
internal_count=3000 2963 2953 2909 2884 58 44 2826 2792 380 267 113 71 209
cat_boundaries=0 1
cat_threshold=212
is_linear=0
shrinkage=0.03


Tree=368
num_leaves=15
num_cat=2
split_feature=30 30 38 4 26 7 45 23 42 1 10 15 7 32
split_gain=0.74031 1.53551 1.11662 0.937233 2.81426 2.31314 4.12078 4.21952 3.67843 2.90741 5.74632 2.47021 1.93814 4.31109
threshold=13.15 14.750000000000002 3.5000000000000004 54.050000000000004 52.283333333333339 0 1.7080402970314028 10.657278547702321 15.917801380157472 22.500000000000004 1582.7560684442126 13.316666666666668 1 18.500000000000004
decision_type=8 8 2 2 2 1 2 2 2 2 2 2 1 2
left_child=-1 2 -2 4 5 6 -3 8 -8 10 11 -7 13 -5
right_child=1 3 -4 12 -6 9 7 -9 -10 -11 -12 -13 -14 -15
leaf_value=0.014877155329782728 0.00092328962405033776 -0.02094448666510294 -0.025712034051163082 -0.0053690793423036131 -0.016404586085724961 0.013116902814172927 0.026835227579974242 -0.019472507859940053 -0.0063660748305034579 -0.0013567528487069538 0.032150829429656996 -0.01775014844365147 -0.0014403963300228335 0.012187060528349959
leaf_weight=1.9897547736763943 2.2231297972612074 6.90372156351805 2.6046946719288826 20.148076587589458 4.6538587652612469 4.1023039147257867 6.8737800642847997 3.5439285419415674 4.3349240161478519 8.3355209683068079 11.346351490821688 3.3037789314985275 287.79549154394772 30.643761413171887
leaf_count=10 19 47 25 149 49 23 35 35 28 51 71 23 2230 205
internal_value=4.6541e-06 -0.000107131 -0.0153931 0.000119826 0.0037754 0.00599313 -0.00234836 0.00564036 0.0145251 0.00984073 0.0196168 -0.00112612 -0.00046611 0.00440347
internal_weight=398.803 396.813 4.82782 391.985 53.3982 48.7443 21.6564 14.7526 11.2087 27.088 18.7524 7.40608 338.587 50.7918
internal_count=3000 2990 44 2946 362 313 145 98 63 168 117 46 2584 354
cat_boundaries=0 1 2
cat_threshold=5062 644
is_linear=0
shrinkage=0.03


Tree=369
num_leaves=15
num_cat=0
split_feature=12 30 9 45 43 4 22 19 45 22 32 30 45 19
split_gain=0.670992 1.99815 3.54651 1.78393 2.06945 2.47866 2.49575 1.77152 1.69576 3.66435 4.18268 3.61979 3.19186 3.12696
threshold=79.229254727474739 16.950000000000003 8050.1500000000005 1.9146810770034792 126.50000000000001 56.150000000000013 417.41666666666669 133.74592052981907 1.8137333989143374 420.38333333333338 18.500000000000004 23.350000000000005 1.8006103038787844 113.8039775889355
decision_type=2 10 2 2 2 2 2 2 2 2 2 8 2 2
left_child=3 2 -2 4 8 -6 -7 -5 12 11 -11 -10 -1 -12
right_child=1 -3 -4 7 5 6 -8 -9 9 10 13 -13 -14 -15
leaf_value=-0.0004064458057693607 -0.030874188262024777 0.017855606759437141 0.013341003452810665 0.0041891667482798914 -0.01246370696550678 -0.0030492572950412177 0.025266221311911696 -0.024231585059250067 0.037219688290195813 -0.021432608389389207 0.022845080861728276 0.0023646981960480161 -0.017591962139044081 -0.011193426191273875
leaf_weight=333.92559373565018 1.8884700546041111 5.7042642669985071 2.8563084667548537 2.7152912504971018 2.5531247854232779 3.7953580766916257 7.9248096868395805 4.3625900615006685 4.5487176775932321 5.4017808474600306 5.1964201219379884 5.4716247245669374 9.0204638168215734 3.2120447903871536
leaf_count=2174 30 271 138 20 17 26 50 66 24 37 31 31 63 22
internal_value=2.01516e-06 0.00716012 -0.00656808 -0.000208598 8.69225e-05 0.0109072 0.0165779 -0.0141597 -0.000362666 0.00721 -0.00288965 0.0201287 -0.000908307 0.0100346
internal_weight=398.577 10.449 4.74478 388.128 381.05 14.2733 11.7202 7.07788 366.777 23.8306 13.8102 10.0203 342.946 8.40846
internal_count=3000 439 168 2561 2475 93 76 86 2382 145 90 55 2237 53
is_linear=0
shrinkage=0.03


Tree=370
num_leaves=15
num_cat=0
split_feature=18 6 39 14 3 12 10 23 19 19 14 3 26 26
split_gain=0.678201 4.02913 2.10881 2.56735 1.84734 1.66178 1.6613 1.33236 1.20098 1.6586 2.66849 3.51266 1.46278 1.85925
threshold=1990.3000000000004 4.5000000000000009 1.0867346938775515 22.083333333333339 165.05000000000004 -5.8755283648499885 1160.5542171688926 9.8092145027452169 84.827623624998751 89.267006398896015 21.916666666666668 171.65000000000001 35.050000000000004 38.150000000000006
decision_type=2 2 2 2 2 2 2 2 2 2 2 2 2 2
left_child=1 4 3 -3 -1 -5 -2 -6 -8 10 -10 -12 -11 -14
right_child=6 2 -4 5 7 -7 8 -9 9 12 11 -13 13 -15
leaf_value=-0.011033042586739424 0.016486488922044375 -0.022755499238726776 -0.02845094512580254 -0.0070659158394395984 0.026762210311825636 0.019482950679184648 -0.013014356026497366 0.0026189339961384945 0.022051919048356065 -0.015533242390606498 -0.022402028102215497 0.01231778260849057 0.0088710306235683916 -0.00045150709759179112
leaf_weight=2.2683442682027835 4.6411195993423453 3.570790518075226 4.9081108793616286 3.7174853533506385 3.7857192493975163 2.9971032626926908 5.1970533467829219 4.0310279447585344 7.0100002512335768 4.4708395916968575 3.3518793359398824 5.6120889335870743 19.469433066202328 323.18810101842973
leaf_count=16 26 30 36 26 20 17 39 24 36 32 23 30 126 2519
internal_value=2.02223e-06 -0.00465654 -0.0140526 -0.00526953 0.00948955 0.00577374 0.000329396 0.0160209 8.17018e-05 0.000304373 0.00946103 -0.00161027 -0.000142959 0.000102462
internal_weight=398.219 25.2786 15.1935 10.2854 10.0851 6.71459 372.941 7.81675 368.299 363.102 15.974 8.96397 347.128 342.658
internal_count=3000 169 109 73 60 43 2831 44 2805 2766 89 53 2677 2645
is_linear=0
shrinkage=0.03


Tree=371
num_leaves=15
num_cat=0
split_feature=41 41 30 41 13 1 43 20 15 20 20 46 46 30
split_gain=0.67314 1.10092 2.02276 0.998586 1.94412 2.8412 1.08637 3.48816 2.9614 2.9383 1.73691 2.01542 2.98788 1.85515
threshold=96.128074645996108 94.350978851318374 21.350000000000005 92.035877227783217 6.2343333333333346 21.500000000000004 121.50000000000001 -2.1610678531702319 13.583333333333334 2.0961067853169575 1.8463848720800644 222.486930847168 250.62048339843753 17.750000000000004
decision_type=2 2 10 2 2 2 2 2 2 2 2 2 2 10
left_child=1 3 -3 6 -5 -6 9 -8 -9 -1 13 -12 -13 -10
right_child=-2 2 -4 4 5 -7 7 8 10 -11 11 12 -14 -15
leaf_value=6.6667226720055765e-05 -0.011912431758885506 0.026186516857630564 -0.0089649356889141517 -0.017402933351837478 0.024040897710876238 -0.013752154277143791 -0.021050171217752545 0.022347078750062942 0.0065942585447804408 -0.021048377888887099 0.027622340352640402 -0.018602302949338942 0.010288729262145467 -0.020309797962989488
leaf_weight=336.72368629835546 3.2236070570070288 2.7833532597869626 1.7619195843581108 7.1173765838611853 2.500530363060534 2.7349254207219929 3.1662877686321727 8.5372277051210386 3.5007211379706886 5.0376119054853907 2.6706559532322016 3.4614863935858002 10.681390839861704 4.1382079785689712
leaf_count=2189 99 36 19 56 36 40 51 48 29 32 24 29 280 32
internal_value=7.38071e-07 0.000127857 0.013401 -6.05834e-05 -0.00812364 0.00525906 0.000223714 0.00509571 0.00815062 -0.000305072 0.00251087 0.00777975 0.00245612 -0.00864425
internal_weight=398.039 394.815 4.54527 390.27 12.3528 5.23546 377.917 36.156 32.9897 341.761 24.4525 16.8135 14.1429 7.63893
internal_count=3000 2901 55 2846 132 76 2714 493 442 2221 394 333 309 61
is_linear=0
shrinkage=0.03


Tree=372
num_leaves=15
num_cat=0
split_feature=46 46 24 20 46 39 1 18 39 41 45 24 20 25
split_gain=0.666373 1.14699 1.10187 1.03945 1.02069 0.898795 1.62961 1.46207 1.32248 2.2232 3.6532 2.90432 2.13726 1.51724
threshold=388.88887023925787 374.00000000000006 495.10000000000008 -1.6124582869855999 401.57052612304693 0.49935358758888176 20.500000000000004 2082.0666666666671 0.67316729323308289 77.583641052246108 1.7868555784225466 472.90000000000003 -1.1508342602892458 0.90896216595129642
decision_type=2 2 2 2 2 2 2 2 2 2 2 2 2 2
left_child=1 5 3 -2 -4 6 -1 -8 9 -7 11 12 -11 -10
right_child=2 -3 4 -5 -6 8 7 -9 13 10 -12 -13 -14 -15
leaf_value=-0.02159066287067259 -0.018139092972711591 -0.014048481246595487 0.032209053011176034 0.0095388776886538695 -0.0018324215004365027 0.020663603838081936 0.015037059140179179 -0.012569281465104807 0.00092857779382857881 0.019601879282960935 0.020021571547311837 -0.019673352758482091 -0.010338674989557766 -0.0035593642927618948
leaf_weight=3.7435142658650857 1.1346383215859535 4.2778423945419481 1.3741555775050076 1.8972542837727804 1.0365366968326268 6.421909578144553 2.7232376039028168 2.2451321100816131 263.66927812597714 3.7085939571261406 5.433360959403216 6.8325119763612747 3.0824702791869658 90.146512538660318
leaf_count=35 14 44 13 132 61 38 17 23 1872 22 55 52 21 601
internal_value=-5.01866e-07 -0.000157275 0.00956971 -0.00274904 0.0213263 3.15982e-05 -0.00898055 0.00254635 0.000261665 0.00672868 0.00123669 -0.00711193 0.00642915 -0.000221686
internal_weight=397.727 392.284 5.44258 3.03189 2.41069 388.007 8.71188 4.96837 379.295 25.4788 19.0569 13.6236 6.79106 353.816
internal_count=3000 2780 220 146 74 2736 75 40 2661 188 150 95 43 2473
is_linear=0
shrinkage=0.03


Tree=373
num_leaves=15
num_cat=0
split_feature=45 28 45 45 4 12 4 12 20 4 19 26 14 14
split_gain=0.667244 2.95939 1.92805 1.73574 1.60022 2.574 1.40561 1.07596 3.67669 2.73934 2.58391 5.26259 2.73735 4.2773
threshold=1.6426314711570742 64.450000000000017 1.6457356214523318 1.6117879152297976 68.050000000000011 -22.343381535039104 56.850000000000001 -28.30745272525051 -2.1490545050056027 80.350000000000009 122.08951948045582 41.350000000000009 23.383333333333336 22.450000000000003
decision_type=2 8 2 2 2 2 2 2 2 2 2 2 2 2
left_child=1 6 -2 -3 -5 -6 -1 9 -9 10 12 -12 13 -4
right_child=2 3 7 4 5 -7 -8 8 -10 -11 11 -13 -14 -15
leaf_value=0.0036407018777410449 -0.020669361451093014 -0.0043886845347235583 -0.0087830917592164499 0.025860675390815387 0.0182505906747185 -0.013398083595177962 -0.020516403896451665 0.025358093872464092 0.00035158167162659549 -0.024127659847017854 -0.02030958766358669 0.013792475025809242 -0.025107555091500131 0.0073360238518312276
leaf_weight=3.3231603354215649 3.1476963125169268 4.6432749144732979 38.544053787365556 6.3873852081596834 4.4820179045200383 3.0766209475696051 4.0918501690030098 4.3976975157856932 271.35972817998845 4.1650882354006162 4.2072270549833801 18.549153566360474 4.415297206491231 22.767773922532797
leaf_count=20 24 38 288 36 28 25 33 24 2064 41 36 143 40 160
internal_value=5.3229e-07 0.0045541 -0.000329531 0.0108073 0.0158219 0.00530822 -0.0105439 -0.000100263 0.000840563 -0.00287959 -0.00162095 0.00689813 -0.00462965 -0.00277569
internal_weight=397.558 26.0043 371.554 18.5893 13.946 7.55864 7.41501 368.406 275.757 92.6486 88.4835 22.7564 65.7271 61.3118
internal_count=3000 180 2820 127 89 53 53 2796 2088 708 667 179 488 448
is_linear=0
shrinkage=0.03


Tree=374
num_leaves=15
num_cat=0
split_feature=18 6 39 14 3 18 39 28 11 23 13 6 6 39
split_gain=0.655953 3.87925 2.03855 2.4646 1.75786 1.583 5.19327 2.99372 2.42602 3.70981 3.06237 5.28331 6.91524 2.65834
threshold=1990.3000000000004 4.5000000000000009 1.0867346938775515 22.083333333333339 165.05000000000004 2007.2333333333336 0.88452622428281658 70.850000000000009 185691.00000000003 9.1032708410597358 4.853833333333335 8.5000000000000018 3.5000000000000004 1.2026785714285717
decision_type=2 2 2 2 2 2 2 8 2 2 2 2 2 2
left_child=1 4 3 -3 -1 6 -2 -8 9 -7 11 12 -10 -11
right_child=5 2 -4 -5 -6 8 7 -9 10 13 -12 -13 -14 -15
leaf_value=-0.010831205840319203 0.028236492970402996 -0.022514380542627437 -0.028178471636309408 0.0055672179711852531 0.01561234415628073 0.008537560353629698 -0.020523978514228193 0.010314229124416102 0.022329072243215325 -0.027726559832176253 -0.0002044555792877111 0.039385503145266058 -0.019130636919651008 0.0047788404034627852
leaf_weight=2.2495115026831645 6.3723251409828654 3.5116349197924119 4.8194069117307654 6.6998375914990902 7.8255495615303516 5.3186058327555683 4.4993567019700977 4.9442314580082902 6.4253911357373017 8.5028497953899187 323.65152285364456 3.834251455962657 6.0769417895935476 2.6258595837280145
leaf_count=16 36 30 36 43 44 31 33 28 37 70 2519 19 41 17
internal_value=-3.16462e-06 -0.00460051 -0.0138914 -0.0052366 0.00926328 0.000318391 0.00931321 -0.00493686 -0.00010567 -0.0110165 0.000452914 0.0127369 0.00225262 -0.0202951
internal_weight=397.357 25.1059 15.0309 10.2115 10.0751 372.251 15.8159 9.44359 356.435 16.4473 339.988 16.3366 12.5023 11.1287
internal_count=3000 169 109 73 60 2831 97 61 2734 118 2616 97 78 87
is_linear=0
shrinkage=0.03


Tree=375
num_leaves=15
num_cat=1
split_feature=25 28 14 14 39 25 25 18 30 4 20 28 39 7
split_gain=0.6616 1.3214 1.21017 0.880047 0.852789 2.92527 2.80969 2.38584 3.06495 2.63099 2.36417 1.98661 1.85486 3.58445
threshold=0.91726499210002455 71.050000000000011 20.716666666666672 20.81666666666667 1.2552521008403363 0.91008742610832005 0.90734474512643859 2075.5833333333335 20.650000000000002 76.750000000000014 -2.464404894327108 57.45000000000001 1.1483516483516485 0
decision_type=2 8 2 2 2 2 2 2 8 2 2 10 2 1
left_child=2 -2 -1 -4 12 6 7 11 -9 10 -10 -6 -5 -14
right_child=1 -3 3 4 5 -7 -8 8 9 -11 -12 -13 13 -15
leaf_value=-0.015593401982882039 0.018565288112785547 -0.0042692856901173915 0.014322035731276847 0.0002111563584323425 -0.000763923427589422 0.019915820307608918 -0.016454348234928601 0.020490568243744896 0.0067134512976128333 0.013227002456075984 -0.024877985169007952 0.026802166971461379 0.0048592309509622993 -0.010792804118704934
leaf_weight=3.533795826137065 3.8908801525831214 3.7016916871070862 2.8215583637356749 303.54521992336959 3.7641900770831906 7.2579472959041587 6.3915951382368794 2.9821607512421879 2.4240172859281301 2.6840782873332509 6.9217551327310485 5.0441764146089554 15.499824262689797 26.665742624085397
leaf_count=42 21 23 19 2322 24 40 41 27 15 16 60 27 111 212
internal_value=-3.13328e-06 0.00823126 -0.000184298 -3.302e-06 -0.000145792 0.00409237 -0.000225254 0.0046169 -0.00273322 -0.00962106 -0.0168272 0.0161452 -0.000615624 -0.00643453
internal_weight=397.129 7.59257 389.536 386.002 383.181 37.4699 30.212 23.8204 15.012 12.0299 9.34577 8.80837 345.711 42.1656
internal_count=3000 44 2956 2914 2895 250 210 169 118 91 75 51 2645 323
cat_boundaries=0 1
cat_threshold=51238
is_linear=0
shrinkage=0.03


Tree=376
num_leaves=15
num_cat=0
split_feature=30 30 33 33 28 29 42 20 19 15 42 42 42 38
split_gain=0.704391 1.47048 1.12428 1.05478 1.00322 2.39463 1.05351 4.38151 2.69219 2.62682 4.24541 3.37042 3.69985 3.01638
threshold=13.15 14.750000000000002 27.500000000000004 35.500000000000007 48.650000000000013 13.750000000000002 15.057237625122072 -1.1156840934371919 108.82484400646588 13.050000000000002 15.609928131103517 15.297739982604982 15.234797954559328 4.5000000000000009
decision_type=8 8 2 2 8 10 2 2 2 2 2 2 2 2
left_child=-1 2 -2 4 5 -3 7 -6 -9 10 11 12 13 -8
right_child=1 3 -4 -5 6 -7 9 8 -10 -11 -12 -13 -14 -15
leaf_value=0.01449528354386208 -0.025685936390919789 0.018609470878252987 0.0010500220054215045 -0.014594802990803343 0.014005469755225725 -0.01008531453515875 -0.01704690101420616 -0.013026317863171507 0.012840677339590611 0.00047058005387728144 0.018964698447473664 -0.021153548740736626 0.01714301045677831 0.010479926139445619
leaf_weight=1.9929844290018071 2.5348782297223797 6.6819311957806331 2.2349492127541453 3.342628374695777 19.835730500519276 3.1935868100263178 12.244599197059875 12.596747554838659 4.043008614331483 299.73697655030992 3.9401991888880721 15.254049394279717 5.198186893016099 4.1433394812047473
leaf_count=10 22 44 22 30 122 21 91 100 26 2318 22 113 31 28
internal_value=-3.82137e-06 -0.000113402 -0.0151477 0.000108624 0.000272966 0.00925593 1.37878e-05 0.00478858 -0.0063697 -0.000510201 -0.0075577 -0.0108206 -0.00290541 -0.00988487
internal_weight=396.974 394.981 4.76983 390.211 386.868 9.87552 376.993 36.4755 16.6398 340.517 40.7804 36.8402 21.5861 16.3879
internal_count=3000 2990 44 2946 2916 65 2851 248 126 2603 285 263 150 119
is_linear=0
shrinkage=0.03


Tree=377
num_leaves=15
num_cat=1
split_feature=19 23 36 16 16 7 28 4 20 29 4 14 6 20
split_gain=0.639831 1.63934 1.61493 0.917163 3.61257 3.56206 2.97533 2.76566 2.73916 2.68863 2.68943 2.84042 2.72868 3.17105
threshold=77.491758695471972 9.4764377794892667 3.5000000000000004 205.35000000000005 205.21666666666667 0 77.750000000000014 73.15000000000002 -1.1156840934371919 16.850000000000005 55.550000000000004 21.216666666666672 8.5000000000000018 -1.3101223581757864
decision_type=2 2 2 2 2 1 8 2 2 10 2 2 2 2
left_child=1 -1 -3 4 -2 9 7 8 -7 10 -5 -12 13 -13
right_child=3 2 -4 5 -6 6 -8 -9 -10 -11 11 12 -14 -15
leaf_value=0.0067898957058743154 0.00018493184052197374 0.0010986652250529775 -0.027778075363727592 0.03028263904407992 -0.01667989046196627 0.007225193112877646 -0.018452543015431724 0.022247996438198348 -0.017783733650099859 -0.011743223156822042 -0.0043152147545096296 0.019634218806154142 0.033909864833727335 -0.013002358133717829
leaf_weight=4.0194241814315301 316.96742109279148 2.8464807569980621 3.2160749174654484 6.4225044324994149 10.858250588178633 7.6312328558415201 9.4159236177802068 3.505187325179576 6.361258182674649 3.2645339146256438 8.7875493392348307 5.271304808557038 4.4071570374071589 3.7750521451234755
leaf_count=27 2448 20 25 30 79 51 81 22 50 25 64 29 23 26
internal_value=-3.66275e-06 -0.00711128 -0.0159841 0.000199527 -0.000422692 0.00361524 -0.00423376 0.00171281 -0.00457218 0.00877885 0.0143927 0.00869865 0.0169095 0.00607636
internal_weight=396.749 10.082 6.06256 386.667 327.826 58.8417 26.9136 17.4977 13.9925 31.9281 28.6636 22.2411 13.4535 9.04636
internal_count=3000 72 45 2928 2527 401 204 123 101 197 172 142 78 55
cat_boundaries=0 1
cat_threshold=16818
is_linear=0
shrinkage=0.03


Tree=378
num_leaves=15
num_cat=0
split_feature=12 28 41 28 38 6 19 28 43 19 28 41 38 1
split_gain=0.657572 2.09199 2.81564 2.77979 2.78169 2.29856 4.50098 3.13773 2.83515 2.18639 3.66575 2.05218 1.81461 1.70856
threshold=-36.303003337041375 59.850000000000001 81.406761169433608 62.95000000000001 3.5000000000000004 7.5000000000000009 103.76419127044583 75.450000000000017 111.50000000000001 118.26223682123081 65.550000000000011 87.572616577148452 3.5000000000000004 20.500000000000004
decision_type=2 8 2 8 2 2 2 8 2 2 10 2 2 2
left_child=1 2 12 -3 5 6 -5 -8 -7 11 -11 -6 -1 -4
right_child=-2 3 13 4 9 8 7 -9 -10 10 -12 -13 -14 -15
leaf_value=-0.018532790272240685 0.00056087378650290245 -0.027403357649053543 -0.00027802445487580877 0.031593863185264928 -0.023300344379800497 0.0078620850814172874 0.013604273457980199 -0.014864975153343665 -0.021917697339828769 -0.020239265119682413 0.016379485783240895 0.0052173569079002743 0.0062018005813045604 0.026486563259232147
leaf_weight=3.9485076442360896 327.22359457437415 3.8261221814900628 3.2095552384853345 4.7078262157738271 10.992095891386272 4.7903194651007635 5.9443434402346584 5.9952048752456912 4.9823263352736831 3.2341292202472669 4.8782352171838284 2.4032572358846656 5.0094408076256514 5.358413381036371
leaf_count=30 2436 37 25 28 107 37 41 50 46 40 35 20 35 33
internal_value=-3.04044e-06 -0.00263661 0.00608887 -0.00565082 -0.0033897 0.00310819 0.00967971 -0.000735018 -0.00794557 -0.0111552 0.00116181 -0.018177 -0.00546702 0.0174794
internal_weight=396.503 69.2798 17.5259 51.7539 47.9277 26.42 16.6474 11.9395 9.77265 21.5077 8.11236 13.3954 8.95795 8.56797
internal_count=3000 564 123 441 404 202 119 91 83 202 75 127 65 58
is_linear=0
shrinkage=0.03


Tree=379
num_leaves=15
num_cat=0
split_feature=40 25 3 33 37 42 41 28 43 45 14 3 24 3
split_gain=0.653226 0.727642 3.05376 2.87967 4.02386 2.94132 2.77418 2.63868 4.02563 4.63421 3.22176 2.22748 2.75033 2.51362
threshold=15.500000000000002 0.90164504972008697 180.35000000000005 25.500000000000004 9.5000000000000018 16.052569389343265 80.724506378173842 62.750000000000007 112.50000000000001 1.7362542152404787 25.083333333333339 183.35000000000005 540.85000000000014 181.55000000000004
decision_type=2 2 2 2 2 2 2 8 2 2 2 2 2 2
left_child=1 2 3 4 5 -1 -6 8 -5 -10 -9 13 -13 -3
right_child=-2 11 -4 7 6 -7 -8 10 9 -11 -12 12 -14 -15
leaf_value=-0.022995382183119025 -0.012281139070406002 0.001034102330554435 0.0074140746045934566 -0.014074475470701288 0.033790517219679364 0.012688187889819593 0.0012926625228135394 -0.014160453860873799 0.03060606273547422 -0.0057568869536298124 0.016975510222564476 -0.010565079167970226 0.013685946612035857 0.013865912617186626
leaf_weight=4.4269088171422473 2.863127327989786 251.56848746957257 22.449815433239564 7.851889073848727 4.2198144663125259 2.5564500903710723 4.4725808902876452 39.407281686551869 5.2460459321737272 5.8387318465393037 2.4005031737033269 25.302828944288198 4.1199290920048943 13.550226698629556
leaf_count=34 37 1646 192 58 27 40 57 305 29 111 170 194 25 75
internal_value=-4.87015e-06 0.000115384 -0.00209877 -0.00495301 0.00622374 -0.00997938 0.0189277 -0.00789138 0.00136489 0.012561 -0.0120179 0.000863207 -0.00683108 0.00173958
internal_weight=396.275 393.411 98.87 76.4202 15.6758 6.98336 8.6924 60.7445 18.9367 11.0848 41.8078 294.541 29.4228 265.119
internal_count=3000 2963 1023 831 158 74 84 673 198 140 475 1940 219 1721
is_linear=0
shrinkage=0.03


Tree=380
num_leaves=15
num_cat=0
split_feature=41 41 25 28 41 13 1 43 24 16 24 41 26 28
split_gain=0.653927 1.07308 1.49665 0.954569 0.946868 1.85149 2.7274 1.03535 2.69933 2.66006 4.34306 4.98393 3.79922 3.72803
threshold=96.128074645996108 94.350978851318374 0.90752542503807432 1.0000000180025095e-35 92.035877227783217 6.2343333333333346 21.500000000000004 116.50000000000001 552.03333333333342 204.15000000000001 467.58333333333337 83.096981048583999 42.116666666666674 54.850000000000001
decision_type=2 2 2 10 2 2 2 2 2 2 2 2 2 10
left_child=1 4 3 -3 7 -6 -7 -1 9 10 -9 -12 13 -11
right_child=-2 2 -4 -5 5 6 -8 8 -10 12 11 -13 -14 -15
leaf_value=-0.0007134540591418728 -0.01177322008171469 0.01323289285808925 0.027505171402521119 -0.014683213020064303 -0.017051488261638506 0.023619781039182011 -0.01351119486766216 0.0075314012388449309 0.022657651417108706 0.0089868101558484778 0.01140687641447689 -0.014907745264853592 0.014011806312942918 -0.026053510873585446
leaf_weight=279.22869326919317 3.2020887515973291 1.0051078482065343 2.0251094400882721 1.4895267644897101 7.0420949861872923 2.4778836669865996 2.7180208822246641 23.173697220394388 4.8410111574921748 5.049800015985964 7.6201564429793498 26.987964756437577 25.040618672966957 4.1359419319778681
leaf_count=1843 99 20 9 26 56 36 40 251 41 28 82 287 152 30
internal_value=-1.26605e-06 0.00012434 0.0132588 -0.0028675 -6.2201e-05 -0.00794816 0.00515049 0.000214815 0.00287107 0.00159759 -0.00232804 -0.00895606 0.00810289 -0.00779923
internal_weight=396.038 392.836 4.51974 2.49463 388.316 12.238 5.1959 376.078 96.8492 92.0082 57.7818 34.6081 34.2264 9.18574
internal_count=3000 2901 55 46 2846 132 76 2714 871 830 620 369 210 58
is_linear=0
shrinkage=0.03


Tree=381
num_leaves=15
num_cat=1
split_feature=7 31 32 42 20 45 39 20 15 39 42 42 26 15
split_gain=0.645243 2.2483 2.79958 4.11367 4.91659 3.27282 3.12209 4.43694 3.35574 2.62575 2.54277 3.58026 4.55969 2.54583
threshold=0 1.5000000000000002 19.500000000000004 15.70102119445801 0.14304783092319828 1.6482165455818178 0.57792207792207806 0.73648498331474965 14.050000000000002 0.93458850931677029 16.038477897644047 15.327044010162355 48.283333333333339 14.050000000000002
decision_type=1 8 2 2 2 2 2 2 2 2 2 2 2 2
left_child=1 -1 3 4 5 -3 -5 8 -8 -9 11 -4 -13 -12
right_child=-2 2 10 6 -6 -7 7 9 -10 -11 13 12 -14 -15
leaf_value=-0.0042713620143052895 -0.00084859996211082754 -0.011238375952501078 0.018510944284900688 0.019889402944026687 -0.018937016765307808 0.017274235878390391 -0.022383216936424501 -0.016432260974995207 0.0080277901673593312 0.021461882327737134 0.03258363750399515 -0.016887090297156408 0.014613556633110236 -0.00036827580428445034
leaf_weight=38.441072616027668 264.01203079160769 3.5881502479314866 9.9952011629939097 2.4217134234495488 4.2752128541469565 21.935466192662716 17.24197646975518 1.5154607421718527 3.4402017276734105 4.4045247116591781 6.5647711008787137 8.8347066529095155 6.1779910549521437 2.8957133411895484
leaf_count=282 2061 26 56 17 29 124 110 39 25 49 34 61 35 52
internal_value=8.43151e-07 0.0016374 0.00426527 0.000246993 0.00794616 0.0129933 -0.00765913 -0.0107967 -0.0171878 0.0107885 0.0109224 0.00547326 -0.00382094 0.0234266
internal_weight=395.744 131.732 93.2911 58.8227 29.7988 25.5236 29.0239 26.6022 20.6822 5.91999 34.4684 25.0079 15.0127 9.46048
internal_count=3000 939 657 419 179 150 240 223 135 88 238 152 96 86
cat_boundaries=0 1
cat_threshold=9124
is_linear=0
shrinkage=0.03


Tree=382
num_leaves=15
num_cat=2
split_feature=19 19 7 2 6 20 37 30 30 41 24 12 6 24
split_gain=0.647946 4.25845 3.16574 4.15243 4.01924 4.83396 4.5106 3.86536 4.9035 5.05647 4.36633 3.58827 3.34941 3.04742
threshold=100.73900629689793 101.13729421741138 0 1 3.5000000000000004 -0.92046718576199937 12.500000000000002 17.250000000000004 24.450000000000003 83.870761871337905 457.05000000000007 -6.3975528364851977 8.5000000000000018 514.91666666666674
decision_type=2 2 1 1 2 2 2 8 8 2 2 2 2 2
left_child=2 -2 7 11 5 -5 13 -1 9 -9 -11 -4 -10 -6
right_child=1 -3 3 4 6 -7 -8 8 12 10 -12 -13 -14 -15
leaf_value=-0.019091996275588986 0.02689423218847695 0.0003143392450164801 -0.023436850766883618 0.033779644570797317 -0.0049156145894185734 -0.0058934219609742371 -0.023534617347061894 0.022846865782050745 -0.0075430124223166851 0.020278936257651269 -0.015561620888572537 -0.00047586955459406405 0.011791447735106288 0.021718416594091738
leaf_weight=5.6176419705152503 4.5434544384479514 254.96428598894272 17.33647366985679 4.8463214412331581 13.58941119164229 4.7624972574412805 8.1376761570572835 18.916590157896284 27.967469593510032 3.9073941949754936 7.1490367837250233 9.2616939321160299 10.199179425835608 4.2731924057006827
leaf_count=40 24 2088 133 26 91 32 59 108 183 21 48 58 65 24
internal_value=2.88159e-06 0.000881151 -0.00166761 -0.00605608 -0.000238094 0.0154141 -0.00637928 0.002536 0.00493622 0.01381 -0.00226398 -0.0157486 -0.00220717 0.00226954
internal_weight=395.472 259.508 135.965 62.2073 35.6091 9.60882 26.0003 73.7573 68.1397 29.973 11.0564 26.5982 38.1666 17.8626
internal_count=3000 2112 888 423 232 58 174 465 425 177 69 191 248 115
cat_boundaries=0 1 2
cat_threshold=6823 1
is_linear=0
shrinkage=0.03


Tree=383
num_leaves=15
num_cat=0
split_feature=39 6 16 29 24 24 18 11 3 3 32 12 19 3
split_gain=0.652436 3.09793 3.27382 2.63817 2.12889 3.62868 2.235 2.07499 1.80915 1.65738 1.63658 1.48628 3.36101 3.44864
threshold=1.2471198156682031 9.5000000000000018 205.41666666666671 15.350000000000003 474.88333333333338 437.28333333333336 2070.4500000000003 278238.50000000006 175.25000000000003 188.85000000000005 19.500000000000004 -29.714905450500797 117.71986553817727 159.25000000000003
decision_type=2 2 2 8 2 2 2 2 2 2 2 2 2 2
left_child=9 2 3 -2 5 -5 -7 -6 -3 11 -11 12 13 -1
right_child=1 8 -4 4 7 6 -8 -9 -10 10 -12 -13 -14 -15
leaf_value=0.01633427547818166 -0.0078318641935981037 -0.026006027545885602 -0.016144181584782449 0.020523607286634389 0.027496316164331156 0.0096033879192066046 -0.02301721460295042 0.000223832427923621 0.003235988070476317 -0.020467361424148383 0.0034679076859177524 0.0010429397908018731 0.00441674585894001 -0.010413740204064345
leaf_weight=3.8715562522411338 5.2184244995005455 3.5589431137777856 3.8765884861350051 5.3030070958193409 10.971699471119789 2.4017153829336166 3.7703660672996193 3.1979942929465315 2.9289885358884931 6.087024145992471 3.634445296600461 263.20405246911105 29.428195701446384 47.748204689472914
leaf_count=24 36 27 29 36 61 12 32 25 20 59 28 1992 237 382
internal_value=4.92887e-06 0.00353012 0.00713252 0.0104711 0.0143497 0.00418658 -0.0107546 0.0217616 -0.0141355 -0.000414443 -0.0120301 -5.25276e-05 -0.00357942 -0.0081353
internal_weight=395.201 41.2277 34.7398 30.8632 25.6448 11.4751 6.17208 14.1697 6.48793 353.973 9.72147 344.252 81.048 51.6198
internal_count=3000 278 231 202 166 80 44 86 47 2722 87 2635 643 406
is_linear=0
shrinkage=0.03


Tree=384
num_leaves=15
num_cat=2
split_feature=45 7 7 45 26 3 31 36 15 26 22 42 16 42
split_gain=0.638607 4.57156 4.44029 4.35854 4.07305 4.34696 4.12956 4.05113 3.921 3.41653 3.38427 5.48686 3.33072 4.19103
threshold=1.7270052433013918 0 1 1.7284505367279055 50.650000000000006 164.95000000000002 2.5000000000000004 2.5000000000000004 13.583333333333334 42.350000000000009 469.78333333333336 15.727591037750246 204.21666666666667 15.532229900360109
decision_type=2 1 1 2 2 2 10 2 2 2 2 2 2 2
left_child=1 4 3 -2 5 -1 -7 -5 -3 -8 12 -12 13 -9
right_child=2 8 -4 7 -6 6 9 10 -10 -11 11 -13 -14 -15
leaf_value=0.025760173032935544 0.031304783084278982 -0.002616044017432186 0.0040273643496951022 -0.019493555609686627 -0.01433416151018869 -0.0011338706415046705 -0.0032772476380058435 0.031079782752390598 -0.018731572728898787 0.034385675548977437 0.039976418054179085 -0.0056195744174497688 -0.020770423612960078 -0.0045502984109717474
leaf_weight=10.362127371132372 1.8352234698832024 114.00419603660703 142.34391768753994 16.028058643685654 6.555376796051859 29.095940057188272 3.057106673717497 2.2678451761603347 14.51087776571512 5.3053878173232079 3.1058663651347143 5.140478860354051 9.4488227069377881 31.903699082206003
leaf_count=59 10 785 1193 131 49 192 21 12 102 28 15 49 65 289
internal_value=3.08714e-06 -0.00129215 0.00112091 -0.00469137 0.00541154 0.00946495 0.0044046 -0.00678558 -0.00423896 0.0217377 -0.00256406 0.0140197 -0.00594312 -0.00136922
internal_weight=394.965 182.891 212.074 69.73 54.3759 47.8206 37.4584 67.8948 128.515 8.36249 51.8667 8.24635 43.6204 34.1715
internal_count=3000 1236 1764 571 349 300 241 561 887 49 430 64 366 301
cat_boundaries=0 1 2
cat_threshold=3363 3363
is_linear=0
shrinkage=0.03


Tree=385
num_leaves=15
num_cat=1
split_feature=36 26 36 28 44 41 33 7 41 39 26 43 12 15
split_gain=0.631769 3.33762 1.97627 4.06378 3.74165 1.58175 1.11247 1.07098 2.79135 4.00858 3.38467 4.22277 3.07451 2.91382
threshold=6.5000000000000009 41.550000000000004 7.5000000000000009 50.650000000000013 2.1994198560714726 83.516040802001967 35.500000000000007 0 78.09854888916017 0.80719111969111978 43.116666666666674 109.50000000000001 50.120467185761825 13.250000000000002
decision_type=2 2 2 10 2 2 2 1 2 2 2 2 2 2
left_child=6 -2 3 -3 -4 -5 7 8 9 13 -11 -12 -10 -1
right_child=1 2 4 5 -6 -7 -8 -9 12 10 11 -13 -14 -15
leaf_value=0.034908388926892207 -0.022821331466108839 -0.025292613097165757 0.033143252527618836 0.017015997993825055 -0.0056721734159612758 -0.0086913403746492028 -0.014971449706733999 -0.0012256017182508147 -0.0013413406291700558 0.013802770181134074 -0.0073229644894616825 0.025894737260223476 0.017145124835761329 0.0056385425080388851
leaf_weight=6.2869307585060579 5.6692994525656131 4.5683352616615611 3.1954700797796241 4.7667200262658298 4.2609667505603284 2.6573441666550934 3.2291008513420811 168.63449444668368 133.49377786833793 15.940620858222244 25.335569798946384 2.9734730001073322 7.6155902219470581 6.0686322147957981
leaf_count=34 48 40 17 31 34 35 28 1317 853 93 179 25 225 41
internal_value=1.12304e-05 -0.00449842 0.0016975 -0.005734 0.0129145 0.00787497 0.000329038 0.000504289 0.00194241 0.00760516 0.00317936 -0.00306944 -0.00023001 0.0220307
internal_weight=394.696 25.1181 19.4488 11.9924 7.45644 7.42406 369.578 366.349 197.715 56.6052 44.2497 28.309 141.109 12.3556
internal_count=3000 205 157 106 51 66 2795 2767 1450 372 297 204 1078 75
cat_boundaries=0 1
cat_threshold=34740
is_linear=0
shrinkage=0.03


Tree=386
num_leaves=15
num_cat=0
split_feature=42 44 45 15 38 45 28 22 45 26 26 20 44 28
split_gain=0.641989 2.45461 2.27247 2.86587 2.90016 2.41891 2.19036 1.74996 1.48964 1.35675 1.3187 2.88636 3.15341 3.4103
threshold=14.710041999816896 2.0913780927658085 1.6426314711570742 12.850000000000003 4.5000000000000009 1.6573674678802492 66.750000000000014 438.68333333333339 1.6582666635513308 49.45000000000001 38.150000000000006 -1.4674082313682186 2.2468973398208623 63.350000000000001
decision_type=2 2 2 2 2 2 8 2 2 2 2 2 2 10
left_child=1 -1 3 6 -5 7 -2 -4 -7 -9 11 -10 13 -13
right_child=2 -3 5 4 -6 8 -8 9 10 -11 -12 12 -14 -15
leaf_value=-0.022454920569484831 0.0016982302015905351 0.009062929795809525 -0.020837121565307561 -0.014167522327476216 0.015358110234096641 0.021724987128355369 0.029901016094970045 0.011532229801984087 -0.0079069679441296989 -0.013748554485226024 -0.00054857854041775946 0.033466971104492427 -0.004560162973224347 -0.0012877672695728066
leaf_weight=3.7871197629719964 3.9473364651203164 3.3748318552970886 7.738578259944914 5.994309436529873 4.2439064383506775 1.8510023951530445 6.2877916805446157 3.3217379078269005 7.5746719143353429 2.4251832216978073 327.83161564124748 6.9613022655248624 5.3964901661965987 3.6265708543360233
leaf_count=38 24 22 62 47 26 11 35 23 52 18 2545 35 39 23
internal_value=1.42556e-05 -0.00831242 0.000189288 0.00967518 -0.00165111 -0.000365153 0.0201434 -0.0123806 0.000127207 0.00040729 -4.78898e-05 0.006658 0.0136192 0.0224789
internal_weight=394.362 7.16195 387.2 20.4733 10.2382 366.727 10.2351 13.4855 353.242 5.74692 351.391 23.559 15.9844 10.5879
internal_count=3000 60 2940 132 73 2808 59 103 2705 41 2694 149 97 58
is_linear=0
shrinkage=0.03


Tree=387
num_leaves=15
num_cat=1
split_feature=45 7 26 43 45 4 29 28 30 4 26 25 44 45
split_gain=0.627031 2.94746 5.12286 3.03097 3.58349 3.0433 3.00506 3.53613 4.61284 3.17864 3.32645 2.9364 3.31797 3.55455
threshold=1.7224487066268923 0 50.650000000000006 119.50000000000001 1.6426314711570742 68.250000000000014 14.050000000000002 53.350000000000001 26.350000000000005 64.950000000000017 43.683333333333344 0.9074329527542373 2.1925606727600102 1.6573674678802492
decision_type=2 1 2 2 2 2 8 8 8 2 2 2 2 2
left_child=1 2 6 4 -3 -5 -1 -8 -9 -10 -11 12 13 -6
right_child=-2 3 -4 5 11 -7 7 8 9 10 -12 -13 -14 -15
leaf_value=0.025099916192436431 0.0010519332368117108 0.0072159832687493158 -0.017275389985838208 0.018209497701865522 -0.019723127002294377 -0.011348407617733714 0.026907068802180432 -0.0084144618181407754 -0.0049765445739139921 0.0018558417929705408 0.034252673337110483 -0.015260127518918009 -0.015973111422455499 0.0044460370203580962
leaf_weight=7.0283162146806708 225.01004598441068 14.867711424827574 7.3200973011553279 8.7881940416991693 5.4985083788633338 3.805911596864461 4.6541704908013335 19.463414490222931 5.8527356237173107 4.9277301169931871 6.1908740401268005 33.101688178256154 13.825371261686085 33.852975953370333
leaf_count=40 1848 106 54 52 44 27 23 130 39 37 36 245 98 221
internal_value=1.63489e-05 -0.00135909 0.00392746 -0.00394593 -0.00602974 0.00909943 0.00823872 0.00482676 0.0013628 0.01242 0.0212324 -0.0083688 -0.00387657 0.000663835
internal_weight=394.188 169.178 55.4373 113.74 101.146 12.5941 48.1172 41.0889 36.4348 16.9713 11.1186 86.2785 53.1769 39.3515
internal_count=3000 1152 359 793 714 79 305 265 242 112 73 608 363 265
cat_boundaries=0 1
cat_threshold=11555
is_linear=0
shrinkage=0.03


Tree=388
num_leaves=15
num_cat=0
split_feature=25 14 29 26 29 38 23 37 42 12 23 15 42 43
split_gain=0.640467 1.15077 1.09935 2.15031 1.26812 1.02082 3.03879 4.05313 4.02388 3.57708 3.77537 4.63522 3.62505 4.56918
threshold=0.91726499210002455 20.716666666666672 20.250000000000004 48.250000000000007 19.650000000000002 2.5000000000000004 11.047572157203756 12.500000000000002 15.305868625640871 -19.046829810901155 9.3201363982592209 13.516666666666667 15.581926345825197 109.50000000000001
decision_type=2 2 10 2 10 2 2 2 2 2 2 2 2 2
left_child=1 -1 4 -4 5 6 7 9 -9 10 -3 -12 13 -11
right_child=-2 2 3 -5 -6 -7 -8 8 -10 12 11 -13 -14 -15
leaf_value=-0.015354646301296045 0.0081512517823778691 -0.015646541129862902 -0.020342240779314021 0.0080719485959815495 0.016392881037411197 -0.00087386770440575493 -0.0094992043739581256 0.013018395315099142 -0.0072831368057296297 -0.0011957596495585411 -0.0072783358920587874 0.032707868471276956 0.0072468064065570759 0.039884512501737489
leaf_weight=3.4355492349714032 7.5246543586254111 6.8868114799261084 5.3483376558870059 3.1528120699804276 3.3393699734006068 271.3975276236888 14.739836140302939 11.123974896967409 31.017926055938005 3.1889701001346138 4.8663165904581529 3.9808821976184845 15.286320287734268 8.6030177511274797
leaf_count=42 44 51 43 29 21 2085 202 67 205 21 33 23 89 45
internal_value=1.72898e-05 -0.000161756 1.41881e-05 -0.0100638 0.000269198 8.04389e-05 0.00266123 0.00485707 -0.00174671 0.0112489 -0.000190289 0.0122082 0.0176658 0.02955
internal_weight=393.892 386.368 382.932 8.50115 374.431 371.092 99.6941 84.9542 42.1419 42.8123 15.734 8.8472 27.0783 11.792
internal_count=3000 2956 2914 72 2842 2821 736 534 272 262 107 56 155 66
is_linear=0
shrinkage=0.03


Tree=389
num_leaves=15
num_cat=1
split_feature=34 25 7 29 20 1 20 28 15 18 46 26 28 42
split_gain=0.63033 0.712565 2.74208 3.63775 3.78783 3.12108 3.35832 3.25263 2.81365 2.78429 3.6621 4.05585 3.81738 2.68777
threshold=14.500000000000002 0.90164504972008697 0 17.950000000000003 -2.6447163515017347 19.500000000000004 -2.5951056729700079 78.65000000000002 13.950000000000001 2035.416666666667 290.22744750976568 52.81666666666667 76.250000000000014 15.506110668182375
decision_type=2 2 1 8 2 2 2 8 2 2 2 2 10 2
left_child=-1 2 3 8 -5 7 -7 -4 -2 -6 11 13 -12 -11
right_child=1 -3 5 4 9 6 -8 -9 -10 10 12 -13 -14 -15
leaf_value=-0.012116777418733448 -0.020003679438672779 0.0008802161462947508 0.012247839412330265 -0.01869937584636569 -0.0088373553898116412 0.0078258370169051409 -0.014268612013073615 -0.011795473331854529 0.012572112010311729 0.010646132697704964 -0.011508856723989925 0.00080193244957615115 0.033093797666874591 0.047227765583264025
leaf_weight=2.8141436425503334 6.5606986060738546 292.71396944345906 12.757895540329629 2.6213248688727608 3.2879823297262254 6.7656025337055317 36.046656629769132 7.0649542475584886 2.6825834119226784 3.3496696054935473 5.4514100266387677 3.8983743863645932 1.3584564172197131 6.3384216567501426
leaf_count=37 43 1940 119 24 25 57 427 87 44 19 105 29 10 34
internal_value=2.00622e-05 0.000138133 -0.00206079 0.00408301 0.0108038 -0.00535692 -0.0106781 0.00352375 -0.0102451 0.0146944 0.0187235 0.0272042 0.000486811 0.0367591
internal_weight=393.712 390.898 98.184 35.5489 26.3056 62.6351 42.8123 19.8228 9.24328 23.6843 20.3963 13.5865 6.80987 9.68809
internal_count=3000 2963 1023 333 246 690 484 206 87 222 197 82 115 53
cat_boundaries=0 1
cat_threshold=50628
is_linear=0
shrinkage=0.03


Tree=390
num_leaves=15
num_cat=1
split_feature=30 12 30 45 15 46 7 46 45 41 3 23 44 28
split_gain=0.630414 2.00571 1.3892 0.90065 3.78883 2.91977 2.4115 4.5906 3.73516 3.32162 3.3097 3.31513 2.95164 2.92422
threshold=30.550000000000004 -0.48097886540622398 29.650000000000002 1.7146998047828677 13.316666666666668 333.32823181152349 0 214.20391082763675 1.6863021254539492 77.64322662353517 182.85000000000005 11.157003863833109 2.0913780927658085 59.150000000000013
decision_type=10 2 10 2 2 2 1 2 2 2 2 2 2 8
left_child=2 -2 3 4 6 -6 7 8 -1 12 11 -9 -8 -11
right_child=1 -3 -4 -5 5 -7 9 10 -10 13 -12 -13 -14 -15
leaf_value=-0.0046777612814088406 -0.018214184644494612 0.01011656461613928 0.015626978317330578 0.0011382779324382499 -0.012179989926096578 0.013365049287976138 -0.0069480239118679052 -0.017367730653081632 0.026559428547995388 0.014828073282446834 0.012718550879263683 0.013413226294227603 0.020427027879863186 -0.00390189896658857
leaf_weight=6.6736092269420606 4.9292312413454056 2.8102845929097375 4.1839068597182623 235.49480966152623 36.518847696483135 3.6838776022195807 3.930338021367791 25.761557711288336 5.6077292785048485 8.696452744305132 4.0688410010188809 2.8272517472505561 16.195492196828127 32.155479559674859
leaf_count=49 43 29 23 1901 262 23 27 193 29 50 30 17 103 221
internal_value=2.12994e-05 -0.00794656 0.000201274 -8.24918e-06 -0.00185124 -0.00957167 0.00114132 -0.00374303 0.0105112 0.0046043 -0.0103686 -0.0139732 0.0150052 0.000344318
internal_weight=393.538 7.73952 385.798 381.614 146.119 40.2027 105.917 44.939 12.2813 60.9778 32.6577 28.5888 20.1258 40.8519
internal_count=3000 72 2928 2905 1004 285 719 318 78 401 240 210 130 271
cat_boundaries=0 1
cat_threshold=6860
is_linear=0
shrinkage=0.03


Tree=391
num_leaves=15
num_cat=1
split_feature=36 25 42 30 29 15 12 7 13 16 42 16 10 4
split_gain=0.628645 2.70665 2.12088 3.90456 2.24804 1.99058 1.29063 1.03465 4.0528 2.82747 3.3665 2.4944 1.85981 2.0705
threshold=6.5000000000000009 0.90896216595129642 15.76805639266968 20.950000000000003 19.850000000000005 13.183333333333335 6.9773081201332916 0 4.5421666666666676 205.41666666666671 15.112248420715334 205.25000000000003 1304.5114223650844 59.150000000000013
decision_type=2 2 2 10 8 2 2 1 2 2 2 2 2 2
left_child=7 2 3 5 -4 -2 -6 8 -1 11 -11 12 -10 -14
right_child=1 -3 4 -5 6 -7 -8 -9 9 10 -12 -13 13 -15
leaf_value=-0.014937426794705546 0.0033458743635378973 -0.021644818207646455 0.010210663843865295 -0.013911572317175826 -0.025089344850356635 0.035325597311845522 0.0023852402412167773 -0.00061799754775409622 0.024386066845944507 0.00024645112479150841 0.030770212253855907 -0.019259719538438826 -0.0054926678579724298 0.006149576273071119
leaf_weight=9.0390664245933277 3.2696973830461555 5.2765230461955062 3.1121298491489116 3.3073999248445034 4.6208772184327254 3.4496035575866699 1.8955018327105788 273.74052116682287 2.8961863070726386 5.6357130073010904 6.7411983013153076 3.351365625858306 18.11389919416979 48.793502619955689
leaf_count=63 22 43 27 23 38 18 34 2132 13 39 34 24 128 362
internal_value=2.51112e-05 -0.00449011 0.000940101 0.0101162 -0.0086682 0.0222133 -0.0178434 0.000342086 0.00286353 0.00522655 0.0179289 0.00286467 0.0041839 0.00296319
internal_weight=393.243 24.9317 19.6552 10.0267 9.62851 6.7193 6.51638 368.311 94.5709 85.5319 12.3769 73.155 69.8036 66.9074
internal_count=3000 205 162 63 99 40 72 2795 663 600 73 527 503 490
cat_boundaries=0 1
cat_threshold=420
is_linear=0
shrinkage=0.03


Tree=392
num_leaves=15
num_cat=1
split_feature=6 26 15 2 25 4 39 25 4 36 28 29 42 39
split_gain=0.62195 3.31366 3.59764 3.40874 1.80397 2.13119 1.59495 1.64567 2.59421 4.30679 4.75847 5.72475 4.05468 3.6184
threshold=10.500000000000002 44.916666666666671 12.91666666666667 0 0.89783194835824021 55.95000000000001 1.4532019704433499 0.90662816259878565 71.050000000000011 6.5000000000000009 66.15000000000002 16.050000000000004 16.025580406188968 0.67316729323308289
decision_type=2 2 2 1 2 2 2 2 2 2 8 8 2 2
left_child=6 3 -3 -2 5 -4 7 -1 9 10 11 -9 13 -10
right_child=1 2 4 -5 -6 -7 -8 8 12 -11 -12 -13 -14 -15
leaf_value=0.0018433019773910942 -0.0080444360642547424 0.015731971084596844 0.02617980763672886 0.018772234252974002 -0.022869247549792356 -0.015724829187652251 0.016549030399942863 0.0088748939946557189 0.013486352183540593 -0.021770149248042867 0.008245006550751768 -0.011636151195973051 0.009386092277400131 -0.017354314485528974
leaf_weight=209.48744164546952 7.4110478232614678 2.5822080168873098 0.98295635450631325 7.8572105998173356 12.031186045380307 1.4640403278172014 4.4124003220349541 17.848520001396537 3.1522652804851559 6.5521786892786613 49.884945989586413 34.369761688634753 7.8886002018116406 27.137058759108186
leaf_count=1714 54 17 11 48 97 38 25 110 20 52 312 236 57 209
internal_value=2.44939e-05 -0.00389707 -0.0126515 0.00606134 -0.0184031 0.00381979 0.000385743 0.000139835 -0.00228653 9.89042e-05 0.00169982 -0.00459033 -0.00890479 -0.0138162
internal_weight=393.062 32.3286 17.0604 15.2683 14.4782 2.447 360.733 356.321 146.833 108.655 102.103 52.2183 38.1779 30.2893
internal_count=3000 265 163 102 146 49 2735 2710 996 710 658 346 286 229
cat_boundaries=0 1
cat_threshold=1
is_linear=0
shrinkage=0.03


Tree=393
num_leaves=15
num_cat=0
split_feature=42 44 45 15 45 28 29 22 42 45 26 20 44 4
split_gain=0.62109 2.30844 2.06929 2.69872 2.21013 2.0447 1.96647 1.72093 1.60679 1.44322 1.28345 2.69015 3.01339 3.25337
threshold=14.710041999816896 2.0913780927658085 1.6426314711570742 12.850000000000003 1.6573674678802492 73.15000000000002 15.350000000000003 438.68333333333339 15.189408779144289 1.6582666635513308 38.150000000000006 -1.4674082313682186 2.2468973398208623 63.250000000000007
decision_type=2 2 2 2 2 8 10 2 2 2 2 2 2 2
left_child=1 -1 3 5 7 -2 8 -4 -5 -6 11 -11 13 -13
right_child=2 -3 4 6 9 -7 -8 -9 -10 10 -12 12 -14 -15
leaf_value=-0.022115567326993695 0.0038862731472302358 0.0086262019066056413 -0.020433386522641324 -0.021759353574592862 0.02137657162453448 0.030633613176426291 0.016926681130068396 0.0007344892094136307 0.0035125853718821543 -0.0075685909260046593 -0.00053407370432850961 0.035908007209184245 -0.0045111853211292109 0.0031688348434969066
leaf_weight=3.6967987883836022 4.8671750836074361 3.3632648997008801 7.5479236878454667 3.5378291979432088 1.8551749736070622 5.3751103430986413 2.6279176287353039 5.6904680505394936 4.0458221733570099 7.4989981562830534 326.68888680497184 5.5503326207399351 5.3831458652857682 5.0489550791680813
leaf_count=38 30 22 62 30 11 29 17 41 26 52 2545 26 39 32
internal_value=2.4846e-05 -0.00821755 0.000196572 0.00925178 -0.000334373 0.0193994 -0.00174888 -0.0119219 -0.00943845 0.000133929 -3.91647e-05 0.00658689 0.0132833 0.0219304
internal_weight=392.778 7.06006 385.718 20.4539 365.264 10.2423 10.2116 13.2384 7.58365 352.025 350.17 23.4814 15.9824 10.5993
internal_count=3000 60 2940 132 2808 59 73 103 56 2705 2694 149 97 58
is_linear=0
shrinkage=0.03


Tree=394
num_leaves=15
num_cat=1
split_feature=39 42 41 39 7 44 14 20 10 39 39 16 37 41
split_gain=0.618569 1.14279 0.893055 0.871243 2.54287 2.84346 2.20986 1.80417 2.04415 1.35614 1.21683 1.96868 1.3507 1.20973
threshold=0.49935358758888176 15.488782405853273 82.010242462158217 0.67316729323308289 0 2.1498534679412846 22.750000000000004 -0.35750834260294506 1538.3126914234397 0.62124849939976001 0.70276497695852547 204.88333333333335 16.500000000000004 96.128074645996108
decision_type=2 2 2 2 1 2 2 2 2 2 2 2 2 2
left_child=1 -1 -3 4 7 -6 -7 -2 -9 -8 11 -5 13 -12
right_child=3 2 -4 10 5 6 9 8 -10 -11 12 -13 -14 -15
leaf_value=0.0066956685122969983 0.025856662058030971 0.0011547920125646932 -0.021479742163857 -0.024427617845707628 0.019098312537405245 -0.025041369488988781 -0.010861514990577453 -0.01571827917236391 0.016084914155729876 0.016186756654851499 3.7830968475368249e-05 0.0078767531067328242 0.016616344319508515 -0.017316252207185755
leaf_weight=2.8509643077850324 7.9079386740922928 2.1953422725200653 3.7558295230846852 3.4976646322756997 1.9898403324186826 5.818079546093939 2.7694631353951991 2.122096434235571 3.4134529656730592 1.9993627553340045 346.12596892355941 2.1054853498935699 3.3820809642784289 2.6532642208039752
leaf_count=19 50 20 39 40 12 46 28 16 33 25 2542 14 28 88
internal_value=2.74918e-05 -0.00741463 -0.0141651 0.000217004 0.00541151 -0.00449703 -0.0140785 0.0103195 0.00335336 0.00131879 -0.000174824 -0.0129341 6.42353e-05 -0.000143315
internal_weight=392.587 8.80214 5.95117 383.785 26.0202 12.5767 10.5869 13.4435 5.53555 4.76883 357.764 5.60315 352.161 348.779
internal_count=3000 78 59 2922 210 111 99 99 49 53 2712 54 2658 2630
cat_boundaries=0 1
cat_threshold=12688
is_linear=0
shrinkage=0.03


Tree=395
num_leaves=15
num_cat=2
split_feature=23 7 43 6 4 20 42 26 4 1 30 4 3 7
split_gain=0.618742 2.57788 2.27109 2.97247 2.13479 1.94064 2.33193 2.23282 1.97982 1.54819 1.44288 1.58672 4.28809 3.59827
threshold=8.5200911884314934 0 116.50000000000001 6.5000000000000009 55.750000000000007 -0.96874304783095988 15.863763332366945 44.616666666666674 70.350000000000009 23.500000000000004 31.450000000000003 76.250000000000014 166.25000000000003 1
decision_type=2 1 2 2 2 2 2 2 2 2 10 2 2 1
left_child=1 4 9 -4 -1 6 7 -6 -7 -3 11 -2 -13 -14
right_child=10 2 3 -5 5 8 -8 -9 -10 -11 -12 12 13 -15
leaf_value=0.018925515907077285 -4.5353296184766875e-05 -0.018730050399051019 -0.012260149126564087 0.022374401600088502 -0.00029055408825639633 -0.017867931417031888 -0.012475429708758727 0.028554384212427578 0.006600745353329795 0.003352513500892581 -0.015508493715113775 0.024426043379926474 -0.0076121167893671579 0.007701899724313295
leaf_weight=6.102377928793433 290.45968446228653 17.295227393507965 3.9701056573539963 3.0803008265793324 4.3604342229664343 6.6587975919246638 2.8273955136537561 4.3590648025274277 4.1847202703356743 3.0597909502685061 3.985995957395061 8.0930203226162103 14.444078947883098 19.582454677554779
leaf_count=34 2225 140 28 18 35 51 23 30 28 21 39 63 118 147
internal_value=2.60088e-05 -0.00286808 -0.00777755 0.00377124 0.00343129 4.68159e-05 0.0082665 0.0155839 -0.00866498 -0.015409 0.000513744 0.000751688 0.00612173 0.00119509
internal_weight=392.463 55.8982 27.4054 7.05041 28.4928 22.3904 11.5469 8.7195 10.8435 20.355 336.565 332.579 42.1196 34.0265
internal_count=3000 408 207 46 201 167 88 65 79 161 2592 2553 328 265
cat_boundaries=0 1 2
cat_threshold=49373 49514
is_linear=0
shrinkage=0.03


Tree=396
num_leaves=15
num_cat=0
split_feature=25 28 29 26 29 16 38 33 23 37 42 39 41 16
split_gain=0.616416 1.30677 1.05498 2.08488 1.17863 0.859477 0.996805 3.41194 2.89098 4.02582 3.58472 3.3879 3.91344 3.63892
threshold=0.91726499210002455 71.050000000000011 20.250000000000004 48.250000000000007 19.650000000000002 206.6166666666667 2.5000000000000004 22.500000000000004 11.047572157203756 12.500000000000002 15.305868625640871 0.94494047619047628 79.795589447021499 203.78333333333339
decision_type=2 8 10 2 10 2 2 2 2 2 2 2 2 2
left_child=2 -2 4 -4 5 6 8 -8 9 -1 -11 13 -13 -12
right_child=1 -3 3 -5 -6 -7 7 -9 -10 10 11 12 -14 -15
leaf_value=0.011175178198680132 0.018359514812131158 -0.0044269543928044551 -0.020155851322950863 0.007855247267573702 0.015614045548471513 -0.013791207649616471 -0.018656139408750154 -0.00023754980312095639 -0.0092622798006355197 0.012049664398710049 0.00010800093529129333 0.021774610456138106 -0.0075592314706606923 -0.029662230865847645
leaf_weight=42.494807921350002 3.8390224799513808 3.6673468425869942 5.3376089315861446 3.148972359020263 3.3562229126691809 3.0706235803663722 8.3764304445357975 262.2714522567112 14.666707709548062 11.222177594900129 6.3051420189440268 5.0969230979681042 11.503020130097864 7.90285849198699
leaf_count=260 21 23 44 29 21 38 75 2014 202 68 41 30 75 59
internal_value=2.70148e-05 0.00801517 -0.000149205 -0.0100298 9.96445e-05 -8.13718e-05 6.93375e-05 -0.000874176 0.00262678 0.00477394 -0.00180738 -0.00707511 0.00217301 -0.0173126
internal_weight=392.259 7.50637 384.753 8.48658 376.266 372.91 369.84 270.648 99.1916 84.5249 42.0301 30.8079 16.5999 14.208
internal_count=3000 44 2956 73 2883 2862 2824 2089 735 533 273 205 105 100
is_linear=0
shrinkage=0.03


Tree=397
num_leaves=15
num_cat=0
split_feature=12 1 30 45 43 39 41 20 29 15 30 31 28 41
split_gain=0.627521 1.13987 1.62171 1.0348 1.69396 2.40953 1.635 1.51336 2.11334 1.82601 1.56194 1.54463 3.34646 3.81845
threshold=101.42146829810883 21.500000000000004 16.950000000000003 1.9146810770034792 125.50000000000001 1.1952380952380954 93.01444244384767 1.4093437152390995 10.750000000000002 13.716666666666667 30.750000000000004 2.5000000000000004 76.250000000000014 84.791156768798842
decision_type=2 2 10 2 2 2 2 2 10 2 10 10 10 2
left_child=3 -2 -3 4 7 6 -6 10 9 -9 11 12 -1 -14
right_child=1 2 -4 -5 5 -7 -8 8 -10 -11 -12 -13 13 -15
leaf_value=-0.0014697137650469608 0.020356548234074685 -0.018877325106154964 0.014701858195693068 -0.00940095743757546 0.020457750461527289 -0.01267316784380257 9.3119641156017493e-05 -0.0099388185760230421 -0.024680579194819592 0.011710993129408209 -0.014446413498314352 0.0048716101778316671 0.0020430707917687223 0.029244091044294551
leaf_weight=258.51063072308898 2.7174728083191431 1.6839217785745861 1.5278997679706661 9.5533509282395226 9.7066622897982615 3.0354825258254996 5.3206466361880294 8.5038876123726386 4.3200963251292697 4.5773739479482165 5.5063260309398165 56.504395801573992 14.732409017160537 5.8986776582896701
leaf_count=1740 225 60 118 105 73 18 31 56 28 26 47 345 96 32
internal_value=2.449e-05 0.0089727 -0.00320537 -0.000135722 0.000123575 0.00883818 0.013703 -0.000338799 -0.00871913 -0.00206948 0.000112896 0.000393947 -0.000526585 0.0108126
internal_weight=392.099 5.92929 3.21182 386.17 376.617 18.0628 15.0273 358.554 17.4014 13.0813 341.152 335.646 279.142 20.6311
internal_count=3000 403 178 2597 2492 122 104 2370 110 82 2260 2213 1868 128
is_linear=0
shrinkage=0.03


Tree=398
num_leaves=15
num_cat=0
split_feature=46 9 15 13 14 30 9 3 26 26 45 39 4 33
split_gain=0.61867 0.815315 1.7042 1.64154 3.05874 4.56922 2.25089 1.27306 2.88285 2.99306 4.22908 2.35596 2.4477 2.08452
threshold=123.87514114379884 4749.6500000000005 13.550000000000002 4.1180000000000012 22.083333333333339 23.750000000000004 5581.0166666666673 160.75000000000003 42.583333333333343 51.38333333333334 1.7691909670829775 1.1386554621848741 56.850000000000001 26.500000000000004
decision_type=2 2 2 2 2 8 2 2 2 2 2 2 2 2
left_child=-1 2 -2 4 -3 -6 -5 8 13 10 11 12 -10 -8
right_child=1 3 -4 6 5 -7 7 -9 9 -11 -12 -13 -14 -15
leaf_value=-0.011531633598690059 -0.0021401920898577072 -0.02625234487980653 0.022801706932661703 0.020141187881001301 0.019073906299260042 -0.017379009055603998 0.0098287844903346896 -0.00056566146406977302 0.043859525288434731 -0.010571636616278258 -0.0067557221508564753 7.1606618538728041e-05 0.015638747542933151 -0.017023945506883645
leaf_weight=3.1256896369159213 5.3902904093265516 5.0735154524445525 3.3174570370465517 4.0974019169807425 5.0615326762199375 5.3235569014213988 3.1271185055375081 320.91473222326022 4.1524947956204512 4.7281404645182183 6.2571895150467745 3.986365631222724 10.509149018675087 6.734525365754962
leaf_count=24 37 41 23 24 30 37 19 2495 20 57 56 25 67 45
internal_value=2.46504e-05 0.00014694 0.00873209 -7.22121e-05 -0.00934004 0.000502407 0.000345311 6.51504e-05 0.00507818 0.0096871 0.0137928 0.0206806 0.0259216 -0.00838801
internal_weight=391.799 388.673 8.70775 379.966 15.4586 10.3851 364.507 360.41 39.495 29.6333 24.9052 18.648 14.6616 9.86164
internal_count=3000 2976 60 2916 108 67 2808 2784 289 225 168 112 87 64
is_linear=0
shrinkage=0.03


Tree=399
num_leaves=15
num_cat=0
split_feature=46 46 6 24 20 46 1 39 24 24 4 28 23 15
split_gain=0.606925 1.10472 1.03852 1.02002 0.98995 0.92169 0.870769 2.62759 3.21748 5.0661 2.6305 4.76374 4.73806 4.43941
threshold=388.88887023925787 374.00000000000006 7.5000000000000009 495.10000000000008 -1.6124582869855999 401.57052612304693 20.500000000000004 1.2471198156682031 469.86666666666673 437.28333333333336 54.050000000000004 65.850000000000009 10.744953296346436 13.15
decision_type=2 2 2 2 2 2 2 2 2 2 2 10 2 2
left_child=1 6 -3 4 -2 -5 7 10 9 -9 13 12 -12 -1
right_child=3 2 -4 5 -6 -7 -8 8 -10 -11 11 -13 -14 -15
leaf_value=0.024613388477748396 -0.017855744953307846 -0.023804426273000785 0.0029103151428753948 0.03092359137661848 0.0093421685924287515 -0.0016641768504174668 0.0012838295339355453 0.020327573562231825 0.021075048039636758 -0.025597431962984779 -0.013234544480978763 0.0027509130311031281 0.0043277263733930583 -0.0031521847789195432
leaf_weight=6.9836591035127666 1.1065460834652188 2.3698049769736818 1.821488680783659 1.3554075926076623 1.8575911648804311 1.023134968942031 220.84369067486841 2.9870097683742634 8.5732183586806041 3.7793427817523479 58.447042509447783 48.776532742427662 17.476875723572448 14.231932956492527
leaf_count=39 14 23 21 13 132 61 1567 18 53 27 430 343 154 105
internal_value=2.66183e-05 -0.000124201 -0.0138703 0.00923158 -0.00275416 0.0205624 6.23941e-05 -0.001608 0.00982054 -0.00531687 -0.0028681 -0.00453348 -0.00918819 0.00668409
internal_weight=391.633 386.291 4.19129 5.34268 2.96414 2.37854 382.099 161.256 15.3396 6.76635 145.916 124.7 75.9239 21.2156
internal_count=3000 2780 44 220 146 74 2736 1169 98 45 1071 927 584 144
is_linear=0
shrinkage=0.03


end of trees

feature_importances:
steps_slope=376
hr_mean=307
bmi_last=258
calories_slope=255
hr_std=250
height_cm=232
sleep_min_std=227
hr_max=216
acwr=207
weight_kg_baseline=204
intensity_std=201
calories_std=189
sleep_debt_mean=183
sleep_efficiency_mean=175
position=169
weight_last=167
very_active_min_mean=155
fairly_active_min_mean=154
intensity_mean=149
lightly_active_min_mean=141
sleep_min_mean=135
fat_last=129
steps_std=115
steps_hourly_std=107
years_playing=102
total_hours=100
time_in_bed_mean=91
calories_mean=86
age=77
n_scrimmage=66
n_sessions_total=60
n_gym=59
steps_mean=51
n_weight_logs=47
n_practice=40
prior_season_injury_count=37
steps_sum=26
distance_mean=19
gender=17
n_unique_session_days=11
rest_days=8
dominant_side=2

parameters:
[boosting: gbdt]
[objective: binary]
[metric: binary_logloss]
[tree_learner: serial]
[device_type: cpu]
[data_sample_strategy: bagging]
[data: ]
[valid: ]
[num_iterations: 400]
[learning_rate: 0.03]
[num_leaves: 15]
[num_threads: 6]
[seed: 42]
[deterministic: 0]
[force_col_wise: 0]
[force_row_wise: 0]
[histogram_pool_size: -1]
[max_depth: -1]
[min_data_in_leaf: 20]
[min_sum_hessian_in_leaf: 0.001]
[bagging_fraction: 0.8]
[pos_bagging_fraction: 1]
[neg_bagging_fraction: 1]
[bagging_freq: 0]
[bagging_seed: 400]
[bagging_by_query: 0]
[feature_fraction: 0.8]
[feature_fraction_bynode: 1]
[feature_fraction_seed: 30056]
[extra_trees: 0]
[extra_seed: 12879]
[early_stopping_round: 0]
[early_stopping_min_delta: 0]
[first_metric_only: 0]
[max_delta_step: 0]
[lambda_l1: 0]
[lambda_l2: 1]
[linear_lambda: 0]
[min_gain_to_split: 0]
[drop_rate: 0.1]
[max_drop: 50]
[skip_drop: 0.5]
[xgboost_dart_mode: 0]
[uniform_drop: 0]
[drop_seed: 17869]
[top_rate: 0.2]
[other_rate: 0.1]
[min_data_per_group: 100]
[max_cat_threshold: 32]
[cat_l2: 10]
[cat_smooth: 10]
[max_cat_to_onehot: 4]
[top_k: 20]
[monotone_constraints: ]
[monotone_constraints_method: basic]
[monotone_penalty: 0]
[feature_contri: ]
[forcedsplits_filename: ]
[refit_decay_rate: 0.9]
[cegb_tradeoff: 1]
[cegb_penalty_split: 0]
[cegb_penalty_feature_lazy: ]
[cegb_penalty_feature_coupled: ]
[path_smooth: 0]
[interaction_constraints: ]
[verbosity: -1]
[saved_feature_importance_type: 0]
[use_quantized_grad: 0]
[num_grad_quant_bins: 4]
[quant_train_renew_leaf: 0]
[stochastic_rounding: 1]
[linear_tree: 0]
[max_bin: 255]
[max_bin_by_feature: ]
[min_data_in_bin: 3]
[bin_construct_sample_cnt: 200000]
[data_random_seed: 175]
[is_enable_sparse: 1]
[enable_bundle: 1]
[use_missing: 1]
[zero_as_missing: 0]
[feature_pre_filter: 1]
[pre_partition: 0]
[two_round: 0]
[header: 0]
[label_column: ]
[weight_column: ]
[group_column: ]
[ignore_column: ]
[categorical_feature: 0,2,5,7]
[forcedbins_filename: ]
[precise_float_parser: 0]
[parser_config_file: ]
[objective_seed: 16083]
[num_class: 1]
[is_unbalance: 0]
[scale_pos_weight: 1]
[sigmoid: 1]
[boost_from_average: 1]
[reg_sqrt: 0]
[alpha: 0.9]
[fair_c: 1]
[poisson_max_delta_step: 0.7]
[tweedie_variance_power: 1.5]
[lambdarank_truncation_level: 30]
[lambdarank_norm: 1]
[label_gain: ]
[lambdarank_position_bias_regularization: 0]
[eval_at: ]
[multi_error_top_k: 1]
[auc_mu_weights: ]
[num_machines: 1]
[local_listen_port: 12400]
[time_out: 120]
[machine_list_filename: ]
[machines: ]
[gpu_platform_id: -1]
[gpu_device_id: -1]
[gpu_device_id_list: ]
[gpu_use_dp: 0]
[num_gpu: 1]

end of parameters

pandas_categorical:[["Athletics", "Badminton", "Basketball", "Football", "Tennis", "Volleyball"], ["female", "male"], ["left", "right"], ["Blocker", "Center", "Defender", "Distance", "Doubles", "Forward", "Goalkeeper", "Guard", "Jumps", "Libero", "Midfielder", "Setter", "Singles", "Spiker", "Sprinter", "Throws"]]
