tree
version=v4
num_class=1
num_tree_per_iteration=1
label_index=0
max_feature_idx=46
objective=regression
feature_names=sport age gender height_cm weight_kg_baseline dominant_side years_playing position prior_season_injury_count steps_mean steps_std steps_sum steps_slope distance_mean very_active_min_mean fairly_active_min_mean lightly_active_min_mean sedentary_min_mean calories_mean calories_std calories_slope n_days_logged sleep_min_mean sleep_min_std time_in_bed_mean sleep_efficiency_mean sleep_debt_mean n_sleep_records weight_last fat_last bmi_last n_weight_logs n_sessions_total total_hours n_unique_session_days max_sessions_per_day n_gym n_practice n_scrimmage acwr rest_days hr_mean hr_std hr_max intensity_mean intensity_std steps_hourly_std
feature_infos=-1:3:1:2:0:5:4 [18:24] -1:1:0 [141.19999999999999:201.69999999999999] [22.399999999999999:94.799999999999997] -1:1:0 [1:11] -1:12:4:5:7:2:1:9:6:8:13:15:10:3:11:14:0 [0:3] [3369.0999999999999:20166.033333333333] [740.37145150721256:10565.428367324132] [101073:604981] [-119.70233592881016:975.28654060066742] [2.5276666666666667:15.124666666666666] [19.966666666666665:37.833333333333336] [12.133333333333333:22.100000000000001] [180.56666666666666:207.76666666666668] none [1898.7333333333333:2684.8666666666668] [65.081346092374304:556.01026307405357] [-6.8213570634038003:51.804004449388152] none [302.30000000000001:546.60000000000002] [6.2186223850476843:25.914980356862159] [332.26666666666665:603.10000000000002] [0.86588826221263415:0.92640258511402207] [29.966666666666665:73.166666666666671] none [37.799999999999997:94.599999999999994] [1:25.800000000000001] [11.699999999999999:35.5] [1:5] [13:22] [17:37] [13:22] none [0:12] [3:20] [0:11] [0.18633540372670807:1.9047619047619047] [8:17] [65.279884338378906:110.81167602539062] [14.131294250488281:29.120307922363281] [92:185] [1.9985527992248535:3.7485380172729492] [1.5708386898040771:3.4959757328033447] [110.04061126708984:813.57049560546875]
tree_sizes=705 734 734 737 736 751 740 735 736 739 740 737 742 739 738 740 736 736 739 735 740 751 734 741 745 737 742 772 738 758 786 773 774 743 776 763 774 749 750 763 759 759 746 757 756 753 765 747 751 766 749 763 743 761 742 764 779 752 746 765 748 762 759 760 754 745 761 768 768 743 763 780 748 743 777 770 763 764 762 760 754 744 811 755 774 805 780 776 768 789 785 775 772 743 781 744 787 777 783 785 787 796 777 744 760 792 792 780 759 772 824 768 782 742 748 805 745 765 759 805 788 745 785 745 795 801 796 809 774 763 781 795 777 811 763 781 778 779 743 773 807 783 803 787 801 772 806 807 780 800 769 779 795 810 784 788 815 765 826 749 786 803 798 813 787 832 791 783 800 814 755 788 797 769 815 797 794 790 820 807 779 769 814 773 819 786 799 820 767 757 794 775 804 810 763 786 803 814 794 775 761 760 812 804 783 811 802 801 787 810 840 780 771 774 815 776 793 822 772 838 805 809 777 802 765 799 782 777 781 838 785 778 751 812 794 807 831 765 811 788 846 784 791 782 838 837 798 772 826 786 790 803 784 823 813 789 804 813 810 798 776 787 828 793 804 788 800 790 783 774 779 772 802 819 805 818 780 822 790 776 849 779 799 793 819 792 788 788 848 796 772 784 786 810 761 769 812 805 788 789

Tree=0
num_leaves=7
num_cat=0
split_feature=12 42 43 42 16 15
split_gain=54059.3 5293.6 863.46 844.458 545.613 392.801
threshold=38.073081201334666 22.754574775695804 123.50000000000001 18.641327857971195 202.98333333333338 19.133333333333336
decision_type=2 2 2 2 2 2
left_child=2 3 4 -2 -1 -3
right_child=1 5 -4 -5 -6 -7
leaf_value=15.454328636252823 15.255478547724953 15.0266343540534 15.401662665418783 15.142852649228081 15.547662681047543 14.93446874509255
leaf_weight=70 100 129 49 156 451 95
leaf_count=70 100 129 49 156 451 95
internal_value=15.3267 15.0924 15.524 15.1864 15.5354 14.986
internal_weight=1050 480 570 256 521 224
internal_count=1050 480 570 256 521 224
is_linear=0
shrinkage=1


Tree=1
num_leaves=7
num_cat=0
split_feature=20 44 43 20 45 16
split_gain=50970.7 4133.24 1683.09 612.2 516.742 416.923
threshold=3.3677419354838105 2.7666418552398686 122.50000000000001 1.1397107897663719 2.0596302747726445 202.98333333333338
decision_type=2 2 2 2 2 2
left_child=2 4 5 -4 -2 -1
right_child=1 -3 3 -5 -6 -7
leaf_value=0.12959948652369133 -0.099629630320662757 -0.33098464799034222 0.12803567214806874 -0.037125154161775434 -0.19077279398760458 0.21357344838524503
leaf_weight=67 108 222 44 36 126 447
leaf_count=67 108 222 44 36 126 447
internal_value=-1.49444e-05 -0.238287 0.182994 0.0541725 -0.14931 0.2029
internal_weight=1050 456 594 80 234 514
internal_count=1050 456 594 80 234 514
is_linear=0
shrinkage=0.03


Tree=2
num_leaves=7
num_cat=0
split_feature=20 42 43 41 42 16
split_gain=47973 3941.19 1583.3 813.632 502.041 391.816
threshold=3.3677419354838105 22.754574775695804 122.50000000000001 92.516399383544936 20.051958084106449 202.98333333333338
decision_type=2 2 2 2 2 2
left_child=2 4 5 -4 -2 -1
right_child=1 -3 3 -5 -6 -7
leaf_value=0.1257686765754924 -0.099515499576064176 -0.32090031859079993 -0.0071720548049878262 0.20357451796531675 -0.18942590645984209 0.20718054674632314
leaf_weight=67 120 224 58 22 112 447
leaf_count=67 120 224 58 22 112 447
internal_value=-1.98448e-05 -0.23118 0.177526 0.052581 -0.143547 0.196833
internal_weight=1050 456 594 80 232 514
internal_count=1050 456 594 80 232 514
is_linear=0
shrinkage=0.03


Tree=3
num_leaves=7
num_cat=0
split_feature=42 42 12 42 42 15
split_gain=45194.7 3817.25 1388.9 503.291 442.19 380.099
threshold=16.873738288879398 22.754574775695804 14.990433815350194 19.917680740356449 16.196743965148929 19.133333333333336
decision_type=2 2 2 2 2 2
left_child=2 3 -1 -2 -4 -3
right_child=1 5 4 -5 -6 -7
leaf_value=0.19225976949777659 -0.093193697628896094 -0.27208273601531985 0.1172048876343333 -0.18225383165555123 -0.021871858437856037 -0.36120171815156937
leaf_weight=507 120 129 48 116 35 95
leaf_count=507 120 129 48 116 35 95
internal_value=-2.15422e-05 -0.22266 0.173644 -0.137553 0.0589959 -0.311316
internal_weight=1050 460 590 236 83 224
internal_count=1050 460 590 236 83 224
is_linear=0
shrinkage=0.03


Tree=4
num_leaves=7
num_cat=0
split_feature=20 42 43 42 44 14
split_gain=42559.4 4264.22 677.995 653.649 405.708 405.121
threshold=2.1779755283647937 22.488730430603031 126.50000000000001 18.495016098022464 3.0568259954452519 23.450000000000003
decision_type=2 2 2 2 2 2
left_child=2 3 5 -2 -3 -1
right_child=1 4 -4 -5 -6 -7
leaf_value=0.19238252287608432 -0.059754265796134964 -0.24976436811072805 0.028570100707667211 -0.159283439505334 -0.33820014750863625 0.1011041934225919
leaf_weight=487 100 106 27 152 126 52
leaf_count=487 100 106 27 152 126 52
internal_value=-3.8627e-05 -0.206354 0.176439 -0.12018 -0.29904 0.18378
internal_weight=1050 484 566 252 232 539
internal_count=1050 484 566 252 232 539
is_linear=0
shrinkage=0.03


Tree=5
num_leaves=7
num_cat=0
split_feature=43 44 12 42 42 19
split_gain=40097 3327.46 1595.51 572.888 560.691 281.747
threshold=131.50000000000003 2.8366445302963261 14.990433815350194 16.206759452819828 20.192083358764652 127.77398320496602
decision_type=2 2 2 2 2 2
left_child=2 4 -1 5 -2 -4
right_child=1 -3 3 -5 -6 -7
leaf_value=0.18345269874870629 -0.091588326172800508 -0.30156597090472143 0.15469613951605721 -0.03534728417216345 -0.18169452536197109 -0.022706747312437402
leaf_weight=504 126 202 36 42 130 9.9999999999999982
leaf_count=504 126 202 36 42 130 10
internal_value=-5.13128e-05 -0.21057 0.162897 0.0444275 -0.137874 0.116468
internal_weight=1050 458 592 88 256 46
internal_count=1050 458 592 88 256 46
is_linear=0
shrinkage=0.03


Tree=6
num_leaves=7
num_cat=0
split_feature=42 42 43 41 42 15
split_gain=37758.7 3181.15 1205.28 607.134 419.538 344.3
threshold=16.873738288879398 22.754574775695804 122.50000000000001 92.516399383544936 19.633919715881351 19.383333333333336
decision_type=2 2 2 2 2 2
left_child=2 4 -1 -4 -2 -3
right_child=1 5 3 -5 -6 -7
leaf_value=0.17564995566926123 -0.082576253888881304 -0.25004201070122095 -0.0035764457079870944 0.17623465478420255 -0.16398837696075438 -0.33528429898348722
leaf_weight=510 112 137 57 23 124 87
leaf_count=510 112 137 57 23 124 87
internal_value=-5.81869e-05 -0.203559 0.158679 0.0496568 -0.125864 -0.284493
internal_weight=1050 460 590 80 236 224
internal_count=1050 460 590 80 236 224
is_linear=0
shrinkage=0.03


Tree=7
num_leaves=7
num_cat=0
split_feature=43 42 12 42 42 8
split_gain=35566.8 2953.18 1441.99 512.389 501.439 260.305
threshold=131.50000000000003 23.494896888732914 14.990433815350194 16.206759452819828 20.192083358764652 1.5000000000000002
decision_type=2 2 2 2 2 2
left_child=2 4 5 -4 -2 -1
right_child=1 -3 3 -5 -6 -7
leaf_value=0.16413734325130333 -0.086522839072299754 -0.2848294988319055 0.10892940965580178 -0.034630403369665143 -0.17142074577790453 0.23430437194030793
leaf_weight=444 126 200 46 42 132 60
leaf_count=444 126 200 46 42 132 60
internal_value=-7.02471e-05 -0.19834 0.153397 0.040793 -0.130453 0.172938
internal_weight=1050 458 592 88 258 504
internal_count=1050 458 592 88 258 504
is_linear=0
shrinkage=0.03


Tree=8
num_leaves=7
num_cat=0
split_feature=20 44 12 42 42 43
split_gain=33494.1 2738.94 1178.44 443.608 432.235 394.337
threshold=3.3677419354838105 2.8366445302963261 14.990433815350194 20.192083358764652 16.196743965148929 126.50000000000001
decision_type=2 2 2 2 2 2
left_child=2 3 5 -2 -4 -1
right_child=1 -3 4 -5 -6 -7
leaf_value=0.1708826555171031 -0.085122602055072785 -0.27564323204491525 0.1044445426607544 -0.16569701120143629 -0.030978555576159403 0.036148444651202719
leaf_weight=489 124 202 46 130 38 21
leaf_count=489 124 202 46 130 38 21
internal_value=-7.01361e-05 -0.193221 0.148283 -0.12685 0.043538 0.165416
internal_weight=1050 456 594 254 84 510
internal_count=1050 456 594 254 84 510
is_linear=0
shrinkage=0.03


Tree=9
num_leaves=7
num_cat=0
split_feature=43 15 12 42 42 29
split_gain=31542.7 2616.69 1268.38 453.135 437.712 231.132
threshold=131.50000000000003 17.250000000000004 14.990433815350194 16.206759452819828 20.192083358764652 17.650000000000002
decision_type=2 2 2 2 2 10
left_child=2 4 5 -4 -2 -1
right_child=1 -3 3 -5 -6 -7
leaf_value=0.16832349426427465 -0.081828940937251557 -0.26820553494923149 0.10290638688951731 -0.032103509843176184 -0.1611725902915897 0.083489887444036334
leaf_weight=470 126 200 46 42 132 34
leaf_count=470 126 200 46 42 132 34
internal_value=-7.50537e-05 -0.186792 0.14445 0.0388331 -0.122889 0.162777
internal_weight=1050 458 592 88 258 504
internal_count=1050 458 592 88 258 504
is_linear=0
shrinkage=0.03


Tree=10
num_leaves=7
num_cat=0
split_feature=42 42 12 42 42 19
split_gain=29714.7 2501.27 926.967 323.566 316.393 290.875
threshold=16.873738288879398 22.754574775695804 14.990433815350194 19.55014801025391 26.366790771484379 127.13591468823107
decision_type=2 2 2 2 2 2
left_child=2 3 -1 -2 -3 -4
right_child=1 4 5 -5 -6 -7
leaf_value=0.15594640597041079 -0.072384047625808537 -0.22078049761183718 0.087700114828449763 -0.14407383375389632 -0.30180688678517059 -0.02891434586048126
leaf_weight=507 108 140 54 128 84 29
leaf_count=507 108 140 54 128 84 29
internal_value=-7.81837e-05 -0.180605 0.140739 -0.11171 -0.252372 0.0470961
internal_weight=1050 460 590 236 224 83
internal_count=1050 460 590 236 224 83
is_linear=0
shrinkage=0.03


Tree=11
num_leaves=7
num_cat=0
split_feature=20 42 43 42 14 23
split_gain=27989.9 2813.56 506.356 480.249 352.16 333.965
threshold=2.1779755283647937 21.853917121887211 126.50000000000001 25.324948310852054 23.450000000000003 10.309464439230855
decision_type=2 2 2 2 2 2
left_child=2 -2 4 -3 -1 -6
right_child=1 3 -4 -5 5 -7
leaf_value=0.15734407152463378 -0.08758378519293139 -0.18970024377779854 0.015626574483300959 -0.27522984830956709 0.12947371511172284 -0.026363732367753981
leaf_weight=487 220 132 27 132 33 19
leaf_count=487 220 132 27 132 33 19
internal_value=-9.08051e-05 -0.167406 0.143027 -0.233342 0.149368 0.07311
internal_weight=1050 484 566 264 539 52
internal_count=1050 484 566 264 539 52
is_linear=0
shrinkage=0.03


Tree=12
num_leaves=7
num_cat=0
split_feature=43 42 12 42 42 29
split_gain=26396.4 2187.92 1064.94 395.511 365.006 215.846
threshold=131.50000000000003 23.494896888732914 14.990433815350194 16.206759452819828 20.192083358764652 17.650000000000002
decision_type=2 2 2 2 2 10
left_child=2 4 5 -4 -2 -1
right_child=1 -3 3 -5 -6 -7
leaf_value=0.15425045931652473 -0.074969902256811702 -0.24534861443647696 0.095207164076731549 -0.03091483219353439 -0.14743079918667784 0.072751826130918087
leaf_weight=470 126 200 46 42 132 34
leaf_count=470 126 200 46 42 132 34
internal_value=-9.59716e-05 -0.170903 0.132114 0.0353416 -0.112469 0.148907
internal_weight=1050 458 592 88 258 504
internal_count=1050 458 592 88 258 504
is_linear=0
shrinkage=0.03


Tree=13
num_leaves=7
num_cat=0
split_feature=42 44 43 41 42 16
split_gain=24844.4 2091.03 847.205 496.542 348.238 267.827
threshold=16.873738288879398 2.8366445302963261 122.50000000000001 92.516399383544936 20.051958084106449 202.98333333333338
decision_type=2 2 2 2 2 2
left_child=2 4 5 -4 -2 -1
right_child=1 -3 3 -5 -6 -7
leaf_value=0.082824962999147822 -0.070742262160778044 -0.23742220401763914 -0.010683565932358134 0.15181691725039856 -0.14150662443372938 0.15114953820394086
leaf_weight=63 124 202 57 23 134 447
leaf_count=63 124 202 57 23 134 447
internal_value=-9.81299e-05 -0.165169 0.128663 0.0373328 -0.1079 0.142888
internal_weight=1050 460 590 80 258 510
internal_count=1050 460 590 80 258 510
is_linear=0
shrinkage=0.03


Tree=14
num_leaves=7
num_cat=0
split_feature=43 42 20 43 42 8
split_gain=23413.2 1936.92 887.089 446.253 319.073 271.796
threshold=131.50000000000003 23.494896888732914 1.0727474972190738 120.50000000000001 20.192083358764652 1.5000000000000002
decision_type=2 2 2 2 2 2
left_child=2 4 5 -4 -2 -1
right_child=1 -3 3 -5 -6 -7
leaf_value=0.13059014432948704 -0.070908245764614075 -0.23100912172402907 0.11291765426596007 -0.02638294563989858 -0.13867640701451697 0.20068902352305709
leaf_weight=449 126 200 35 48 132 60
leaf_count=449 126 200 35 48 132 60
internal_value=-9.73132e-05 -0.160963 0.124418 0.0330032 -0.105982 0.139231
internal_weight=1050 458 592 83 258 509
internal_count=1050 458 592 83 258 509
is_linear=0
shrinkage=0.03


Tree=15
num_leaves=7
num_cat=0
split_feature=20 16 43 12 45 8
split_gain=22038.1 1798.81 809.29 396.189 360.767 206.459
threshold=3.3677419354838105 193.21666666666667 126.50000000000001 14.990433815350194 2.1475059986114506 1.5000000000000002
decision_type=2 2 2 2 2 2
left_child=2 -2 3 5 -3 -1
right_child=1 4 -4 -5 -6 -7
leaf_value=0.13112412793401915 -0.23019542377073685 -0.073176652188313762 -0.0065612033650625581 0.057813729434274132 -0.14287177752046024 0.19352833610400555
leaf_weight=430 181 140 42 63 135 59
leaf_count=430 181 140 42 63 135 59
internal_value=-9.50434e-05 -0.15677 0.120242 0.129885 -0.107784 0.139033
internal_weight=1050 456 594 552 275 489
internal_count=1050 456 594 552 275 489
is_linear=0
shrinkage=0.03


Tree=16
num_leaves=7
num_cat=0
split_feature=43 15 12 43 20 20
split_gain=20764.3 1724.42 853.24 269.144 279.92 267.765
threshold=131.50000000000003 17.250000000000004 14.990433815350194 120.50000000000001 1.4098998887652463 7.7314794215794986
decision_type=2 2 2 2 2 2
left_child=2 5 -1 4 -4 -2
right_child=1 -3 3 -5 -6 -7
leaf_value=0.13219731152976058 -0.05589898964136162 -0.21767790666267053 0.013553271850813989 -0.017324870947976502 0.17142551365651582 -0.12154749853666438
leaf_weight=504 87 200 22 48 18 171
leaf_count=504 87 200 22 48 18 171
internal_value=-9.42021e-05 -0.151587 0.117166 0.0305606 0.0870441 -0.0997115
internal_weight=1050 458 592 88 40 258
internal_count=1050 458 592 88 40 258
is_linear=0
shrinkage=0.03


Tree=17
num_leaves=7
num_cat=0
split_feature=42 44 12 15 19 42
split_gain=19561.6 1645.57 614.337 291.75 220.648 223.077
threshold=16.873738288879398 2.7606149911880498 14.990433815350194 19.383333333333336 127.13591468823107 16.206759452819828
decision_type=2 2 2 2 2 2
left_child=2 -2 -1 -3 5 -4
right_child=1 3 4 -5 -6 -7
leaf_value=0.12653986415019125 -0.090202419654961591 -0.17442160493986944 0.1154711406295364 -0.24944286021319304 -0.028192549541592598 -0.012643997786860716
leaf_weight=507 234 139 36 87 29 18
leaf_count=507 234 139 36 87 29 18
internal_value=-9.40954e-05 -0.146567 0.11416 -0.204273 0.0379336 0.0733127
internal_weight=1050 460 590 226 83 54
internal_count=1050 460 590 226 83 54
is_linear=0
shrinkage=0.03


Tree=18
num_leaves=7
num_cat=0
split_feature=43 42 12 42 42 8
split_gain=18431.7 1532.55 752.012 360.437 297.982 229.603
threshold=131.50000000000003 24.397595405578617 14.990433815350194 21.213218688964847 16.206759452819828 1.5000000000000002
decision_type=2 2 2 2 2 2
left_child=2 3 5 -2 -4 -1
right_child=1 -3 4 -5 -6 -7
leaf_value=0.11648617371046141 -0.071374025168176175 -0.21627648856423118 0.08103760148299502 -0.13917949288390402 -0.028415975795928819 0.18083112314343452
leaf_weight=444 166 164 46 128 42 60
leaf_count=444 166 164 46 128 42 60
internal_value=-0.000100201 -0.142831 0.110378 -0.101266 0.0290661 0.124489
internal_weight=1050 458 592 294 88 504
internal_count=1050 458 592 294 88 504
is_linear=0
shrinkage=0.03


Tree=19
num_leaves=7
num_cat=0
split_feature=42 42 43 15 41 16
split_gain=17351.5 1664.31 538.879 361.37 316.333 241.783
threshold=16.70478439331055 21.853917121887211 123.50000000000001 19.383333333333336 92.76745986938478 202.98333333333338
decision_type=2 2 2 2 2 2
left_child=2 -2 5 -3 -4 -1
right_child=1 3 4 -5 -6 -7
leaf_value=0.063892297204874923 -0.070777551583473527 -0.15755182433664128 -0.023585204373954272 -0.23563005143945867 0.12741691023111343 0.12820924832794692
leaf_weight=63 212 177 40 87 17 454
leaf_count=63 212 177 40 87 17 454
internal_value=-9.93927e-05 -0.133869 0.110871 -0.184074 0.0228709 0.12051
internal_weight=1050 476 574 264 57 517
internal_count=1050 476 574 264 57 517
is_linear=0
shrinkage=0.03


Tree=20
num_leaves=7
num_cat=0
split_feature=20 42 12 45 8 42
split_gain=16349.2 1349.77 583.357 322.053 233.126 232.707
threshold=3.3677419354838105 24.397595405578617 14.990433815350194 2.1475059986114506 1.5000000000000002 16.196743965148929
decision_type=2 2 2 2 2 2
left_child=2 3 4 -2 -1 -4
right_child=1 -3 5 -5 -6 -7
leaf_value=0.10769743337450825 -0.062270976146484941 -0.20389455266432327 0.07456326815438398 -0.12610497072631235 0.17214120576982614 -0.024772480859492834
leaf_weight=450 140 164 46 152 60 38
leaf_count=450 140 164 46 152 60 38
internal_value=-0.000101205 -0.135048 0.103547 -0.0958166 0.115601 0.0298629
internal_weight=1050 456 594 292 510 84
internal_count=1050 456 594 292 510 84
is_linear=0
shrinkage=0.03


Tree=21
num_leaves=7
num_cat=0
split_feature=42 16 20 42 8 42
split_gain=15395.6 1306.11 457.753 276.205 232.174 227.48
threshold=16.873738288879398 193.21666666666667 1.0727474972190738 19.55014801025391 1.5000000000000002 15.648084163665773
decision_type=2 2 2 2 2 2
left_child=2 -2 4 -3 -1 -4
right_child=1 3 5 -5 -6 -7
leaf_value=0.10379648699404556 -0.19277467367413278 -0.05053928604650678 0.1433950648713965 -0.11253628284432166 0.16797803540210254 0.010070958044193164
leaf_weight=451 181 108 12.999999999999998 171 60 66
leaf_count=451 181 108 13 171 60 66
internal_value=-9.99582e-05 -0.130043 0.101261 -0.0888037 0.111646 0.0335286
internal_weight=1050 460 590 279 511 79
internal_count=1050 460 590 279 511 79
is_linear=0
shrinkage=0.03


Tree=22
num_leaves=7
num_cat=0
split_feature=42 45 12 15 8 19
split_gain=14509.9 1394.97 346.91 329.953 219.457 193.879
threshold=16.70478439331055 2.2700039148330693 14.990433815350194 19.133333333333336 1.5000000000000002 127.77398320496602
decision_type=2 2 2 2 2 2
left_child=2 -2 4 -3 -1 -4
right_child=1 3 5 -5 -6 -7
leaf_value=0.1026835051320943 -0.063677505988797012 -0.14121811636563006 0.071233140562467698 -0.21369121372699737 0.16614183395406451 -0.03354060834840588
leaf_weight=442 208 173 52 95 58 22
leaf_count=442 208 173 52 95 58 22
internal_value=-9.49801e-05 -0.122421 0.101383 -0.167607 0.110362 0.0400523
internal_weight=1050 476 574 268 500 74
internal_count=1050 476 574 268 500 74
is_linear=0
shrinkage=0.03


Tree=23
num_leaves=7
num_cat=0
split_feature=43 42 42 42 42 14
split_gain=13722.9 1241.58 462.105 295.114 181.946 372.747
threshold=129.50000000000003 21.921501159667972 16.54904937744141 26.366790771484379 15.735882282257082 22.650000000000002
decision_type=2 2 2 2 2 2
left_child=2 -2 4 -3 -1 -6
right_child=1 3 -4 -5 5 -7
leaf_value=0.11959448343752142 -0.065716972066822199 -0.14043194334385758 0.0015781757824642713 -0.2117980120602776 0.031407580495266832 0.11298742284917312
leaf_weight=320 210 176 42 84 81 137
leaf_count=320 210 176 42 84 81 137
internal_value=-9.53277e-05 -0.120436 0.0974619 -0.164212 0.10493 0.0829575
internal_weight=1050 470 580 260 538 218
internal_count=1050 470 580 260 538 218
is_linear=0
shrinkage=0.03


Tree=24
num_leaves=7
num_cat=0
split_feature=43 42 12 45 42 29
split_gain=12922.9 1085.48 545.215 265.356 218.349 205.348
threshold=131.50000000000003 24.490473747253422 14.990433815350194 2.1475059986114506 16.206759452819828 17.650000000000002
decision_type=2 2 2 2 2 10
left_child=2 3 5 -2 -4 -1
right_child=1 -3 4 -5 -6 -7
leaf_value=0.10957897077344216 -0.054993236094348495 -0.18260898006628759 0.067695759053718524 -0.11233518494162591 -0.025978838685943289 0.032075454814093449
leaf_weight=470 142 160 46 156 42 34
leaf_count=470 142 160 46 156 42 34
internal_value=-9.68181e-05 -0.119609 0.0924097 -0.0852865 0.0231979 0.104424
internal_weight=1050 458 592 298 88 504
internal_count=1050 458 592 298 88 504
is_linear=0
shrinkage=0.03


Tree=25
num_leaves=7
num_cat=0
split_feature=43 42 42 23 42 8
split_gain=12163.5 1107.13 421.846 344.314 219.886 184.35
threshold=129.50000000000003 22.488730430603031 16.303387641906742 9.6567523561757493 26.603199005126957 1.5000000000000002
decision_type=2 2 2 2 2 2
left_child=2 -2 5 -4 -3 -1
right_child=1 4 3 -5 -6 -7
leaf_value=0.094762666293233627 -0.067498788896940304 -0.13766696258715003 0.11357513102201315 -0.020702138104859519 -0.20342357907976422 0.15378061341611962
leaf_weight=449 238 156 25 50 76 56
leaf_count=449 238 156 25 50 76 56
internal_value=-9.8668e-05 -0.113396 0.0917484 0.0249624 -0.159989 0.101598
internal_weight=1050 470 580 75 232 505
internal_count=1050 470 580 75 232 505
is_linear=0
shrinkage=0.03


Tree=26
num_leaves=7
num_cat=0
split_feature=43 14 43 41 45 16
split_gain=11458 971.456 470.345 463.253 248.044 213.577
threshold=131.50000000000003 30.016666666666669 122.50000000000001 92.104057312011733 2.1475059986114506 202.98333333333338
decision_type=2 2 2 2 2 2
left_child=2 4 5 -4 -2 -1
right_child=1 -3 3 -5 -6 -7
leaf_value=0.046475394876564248 -0.051344172286091151 -0.17339032970416318 -0.026608388203613713 0.13513194875283674 -0.10642206172765412 0.10492389176514864
leaf_weight=67 142 156 57 21 160 447
leaf_count=67 142 156 57 21 160 447
internal_value=-9.76248e-05 -0.112633 0.0870082 0.0180964 -0.0807794 0.0974102
internal_weight=1050 458 592 78 302 514
internal_count=1050 458 592 78 302 514
is_linear=0
shrinkage=0.03


Tree=27
num_leaves=7
num_cat=0
split_feature=42 14 43 41 43 16
split_gain=10786.6 813.399 613.552 300.048 271.238 200.853
threshold=17.301234245300297 30.016666666666669 122.50000000000001 92.516399383544936 126.50000000000001 202.98333333333338
decision_type=2 2 2 2 2 2
left_child=2 -2 5 -4 -5 -1
right_child=1 -3 3 4 -6 -7
leaf_value=0.045101637426106365 -0.082445015094782165 -0.16822175183873267 -0.019917865099074939 0.20368873283267014 0.0086678565889596933 0.10178320253068314
leaf_weight=67 284 156 71 11.000000000000002 13.999999999999998 447
leaf_count=67 284 156 71 11 14 447
internal_value=-9.67287e-05 -0.113169 0.0815155 0.0117546 0.0990109 0.0944967
internal_weight=1050 440 610 96 25 514
internal_count=1050 440 610 96 25 514
is_linear=0
shrinkage=0.03


Tree=28
num_leaves=7
num_cat=0
split_feature=42 42 43 42 41 16
split_gain=10158.9 993.716 366.077 245.833 235.83 184.39
threshold=16.70478439331055 21.655228614807132 123.50000000000001 26.366790771484379 92.76745986938478 202.98333333333338
decision_type=2 2 2 2 2 2
left_child=2 -2 5 -3 -4 -1
right_child=1 3 4 -5 -6 -7
leaf_value=0.043686290394980461 -0.052872829973768957 -0.11981272667807501 -0.027542499189333217 -0.18413197147144991 0.10276629619300365 0.099460583966036034
leaf_weight=63 208 184 40 84 17 454
leaf_count=63 208 184 40 84 17 454
internal_value=-9.12981e-05 -0.102447 0.0848192 -0.140582 0.0124233 0.0927616
internal_weight=1050 476 574 268 57 517
internal_count=1050 476 574 268 57 517
is_linear=0
shrinkage=0.03


Tree=29
num_leaves=7
num_cat=0
split_feature=43 42 12 42 29 22
split_gain=9575.98 821.272 434.466 214.664 193.35 297.477
threshold=131.50000000000003 24.490473747253422 14.990433815350194 18.794781684875492 17.650000000000002 436.9500000000001
decision_type=2 2 2 2 10 2
left_child=2 3 4 -2 -1 -6
right_child=1 -3 -4 -5 5 -7
leaf_value=0.095256260840376458 -0.031284449079118849 -0.1577641336814217 0.017797163452827527 -0.088788820823766115 0.092854384056159422 -0.082200475215911867
leaf_weight=470 82 160 88 216 20 13.999999999999998
leaf_count=470 82 160 88 216 20 14
internal_value=-9.25096e-05 -0.102971 0.0795389 -0.073123 0.0902626 0.0204839
internal_weight=1050 458 592 298 504 34
internal_count=1050 458 592 298 504 34
is_linear=0
shrinkage=0.03


Tree=30
num_leaves=7
num_cat=0
split_feature=20 16 43 41 12 43
split_gain=9022.64 741.519 423.712 329.387 231.457 206.895
threshold=3.5923248053392318 192.6166666666667 120.50000000000001 92.516399383544936 -23.804894327030286 126.50000000000001
decision_type=2 2 2 2 2 2
left_child=2 -2 -1 4 -4 -5
right_child=1 -3 3 5 -6 -7
leaf_value=0.088218252808539843 -0.15130542687007356 -0.071291127497577794 0.12317195144566621 0.19487945207527699 -0.024074370119916765 0.019095305055379867
leaf_weight=489 167 285 9.9999999999999982 13.000000000000002 75 10.999999999999998
leaf_count=489 167 285 10 13 75 11
internal_value=-9.41341e-05 -0.101123 0.0763099 0.02257 -0.00552047 0.118298
internal_weight=1050 452 598 109 85 24
internal_count=1050 452 598 109 85 24
is_linear=0
shrinkage=0.03


Tree=31
num_leaves=7
num_cat=0
split_feature=42 42 43 41 43 16
split_gain=8500.82 648.802 485.534 252.163 234.822 173.136
threshold=17.301234245300297 24.490473747253422 122.50000000000001 92.516399383544936 126.50000000000001 202.98333333333338
decision_type=2 2 2 2 2 2
left_child=2 -2 5 -4 -5 -1
right_child=1 -3 3 4 -6 -7
leaf_value=0.038150810621788392 -0.072489893970434344 -0.14866891311562577 -0.018721430115401744 0.18769457519054406 0.0063691417425870891 0.090670903565104308
leaf_weight=67 280 160 71 11.000000000000002 13.999999999999998 447
leaf_count=67 280 160 71 11 14 447
internal_value=-8.62096e-05 -0.100466 0.0723646 0.0103085 0.0903028 0.0839123
internal_weight=1050 440 610 96 25 514
internal_count=1050 440 610 96 25 514
is_linear=0
shrinkage=0.03


Tree=32
num_leaves=7
num_cat=0
split_feature=45 43 14 41 43 33
split_gain=8012.85 568.105 543.883 268.738 205.127 175.903
threshold=1.8777770996093752 122.50000000000001 30.016666666666669 92.516399383544936 126.50000000000001 23.500000000000004
decision_type=2 2 2 2 2 2
left_child=1 5 -2 -3 -5 -1
right_child=2 3 -4 4 -6 -7
leaf_value=0.14130459251148361 -0.074247184588563483 -0.018311847082804887 -0.14523605014108548 0.18253297507762903 0.012530747875571251 0.075922885310774985
leaf_weight=41 268 87 156 11.000000000000002 13.999999999999998 473
leaf_count=41 268 87 156 11 14 473
internal_value=-8.12537e-05 0.0680848 -0.100646 0.00678685 0.0914753 0.0814024
internal_weight=1050 626 424 112 25 514
internal_count=1050 626 424 112 25 514
is_linear=0
shrinkage=0.03


Tree=33
num_leaves=7
num_cat=0
split_feature=42 45 42 14 26 45
split_gain=7544.24 777.837 233.168 285.495 262.864 274.28
threshold=16.70478439331055 2.2534300088882451 15.735882282257082 22.650000000000002 42.81666666666667 1.7749314308166506
decision_type=2 2 2 2 2 2
left_child=2 -2 -1 4 -4 -6
right_child=1 -3 3 -5 5 -7
leaf_value=0.090077761692389985 -0.043687240844637883 -0.12144077399274805 0.091804899051785474 0.074205617698131082 -0.061509675427805631 0.075972857947150862
leaf_weight=322 204 272 23 165 47 17
leaf_count=322 204 272 23 165 47 17
internal_value=-7.38359e-05 -0.0882793 0.0730985 0.0511324 0.00702687 -0.0243839
internal_weight=1050 476 574 252 87 64
internal_count=1050 476 574 252 87 64
is_linear=0
shrinkage=0.03


Tree=34
num_leaves=7
num_cat=0
split_feature=42 42 43 41 43 33
split_gain=7109.72 526.137 462.834 210.798 220.989 166.847
threshold=17.435417175292972 24.890716552734379 122.50000000000001 92.516399383544936 126.50000000000001 23.500000000000004
decision_type=2 2 2 2 2 2
left_child=2 -2 5 -4 -5 -1
right_child=1 -3 3 4 -6 -7
leaf_value=0.13509113523576941 -0.069000307151361503 -0.13920207810881954 -0.018061368067104084 0.17523457944393153 0.0046275523129631485 0.071492749301192079
leaf_weight=41 284 148 77 11.000000000000002 15.999999999999998 473
leaf_count=41 284 148 77 11 16 473
internal_value=-6.86106e-05 -0.0933169 0.0651601 0.00735902 0.0779101 0.0768182
internal_weight=1050 432 618 104 27 514
internal_count=1050 432 618 104 27 514
is_linear=0
shrinkage=0.03


Tree=35
num_leaves=7
num_cat=0
split_feature=45 14 12 29 24 33
split_gain=6705.93 466.863 462.795 173.56 273.234 163.111
threshold=1.8777770996093752 30.016666666666669 14.990433815350194 17.650000000000002 478.85000000000008 23.500000000000004
decision_type=2 2 2 10 2 2
left_child=2 -2 3 5 -5 -1
right_child=1 -3 -4 4 -6 -7
leaf_value=0.13750386601541098 -0.067611429937266945 -0.13336528166843828 0.0081275814480315407 0.078432651582573149 -0.089235713481903067 0.073600793058005765
leaf_weight=40 268 156 116 20 13.999999999999998 436
leaf_count=40 268 156 116 20 14 436
internal_value=-6.19808e-05 -0.0920608 0.0622977 0.0745788 0.00881571 0.0792478
internal_weight=1050 424 626 510 34 476
internal_count=1050 424 626 510 34 476
is_linear=0
shrinkage=0.03


Tree=36
num_leaves=7
num_cat=1
split_feature=43 20 12 8 39 5
split_gain=6315.97 579.047 308.297 172.359 177.926 259.563
threshold=131.50000000000003 15.574304783092268 14.990433815350194 1.5000000000000002 1.1863711001642037 0
decision_type=2 2 2 2 2 1
left_child=2 -2 3 4 -1 -6
right_child=1 -3 -4 -5 5 -7
leaf_value=0.075803560929551511 -0.046621430554555206 -0.11462055434663612 0.012634643872760318 0.12160732445169668 0.0046178463500150492 0.16145260476253248
leaf_weight=364 210 248 88 60 70 9.9999999999999982
leaf_count=364 210 248 88 60 70 10
internal_value=-5.99089e-05 -0.0836114 0.0646116 0.0736439 0.0669037 0.0259734
internal_weight=1050 458 592 504 444 80
internal_count=1050 458 592 504 444 80
cat_boundaries=0 1
cat_threshold=2
is_linear=0
shrinkage=0.03


Tree=37
num_leaves=7
num_cat=0
split_feature=43 15 16 44 16 45
split_gain=5959.79 695.476 219.015 343.317 206.38 328.535
threshold=126.50000000000001 16.283333333333335 203.01666666666668 2.233284711837769 203.98333333333338 1.7686256766319277
decision_type=2 2 2 2 2 2
left_child=2 -2 3 -1 5 -4
right_child=1 -3 4 -5 -6 -7
leaf_value=-0.1267929870635271 -0.03766328810971524 -0.10952307565645737 0.1418783049261928 0.0457187699755797 0.061482465221543776 0.047509415726128379
leaf_weight=10.999999999999998 227 263 86 77 330 56
leaf_count=11 227 263 86 77 330 56
internal_value=-5.19774e-05 -0.0763774 0.0667499 0.0229725 0.074846 0.105255
internal_weight=1050 490 560 88 472 142
internal_count=1050 490 560 88 472 142
is_linear=0
shrinkage=0.03


Tree=38
num_leaves=7
num_cat=0
split_feature=42 42 43 42 25 42
split_gain=5627.02 591.351 231.186 194.464 194.456 272.024
threshold=16.70478439331055 21.425409317016605 123.50000000000001 26.603199005126957 0.90582123527716119 15.735882282257082
decision_type=2 2 2 2 2 2
left_child=2 -2 4 -3 5 -1
right_child=1 3 -4 -5 -6 -7
leaf_value=0.078316475783745121 -0.035999419099845102 -0.088056705218989673 0.0056951865483203844 -0.14567462580544607 0.089236149058238526 0.018240824641614427
leaf_weight=154 196 204 57 76 241 122
leaf_count=154 196 204 57 76 241 122
internal_value=-4.97738e-05 -0.0762274 0.0631446 -0.104159 0.0694553 0.051923
internal_weight=1050 476 574 280 517 276
internal_count=1050 476 574 280 517 276
is_linear=0
shrinkage=0.03


Tree=39
num_leaves=7
num_cat=0
split_feature=42 15 43 41 29 43
split_gain=5296.58 558.466 221.444 313.348 211.956 200.816
threshold=16.70478439331055 16.283333333333335 118.50000000000001 88.292739868164077 14.65 126.50000000000001
decision_type=2 2 2 2 10 2
left_child=2 -2 -1 -4 5 -5
right_child=1 -3 3 4 -6 -7
leaf_value=0.071189683184160718 -0.037591331509381494 -0.10315602026202461 -0.024373381683602931 0.12506808395215938 -0.053911373181776565 0.00053923374589751744
leaf_weight=447 213 263 59 42 9.9999999999999982 15.999999999999998
leaf_count=447 213 263 59 42 10 16
internal_value=-5.05135e-05 -0.0739575 0.0612603 0.0260286 0.0694793 0.0913067
internal_weight=1050 476 574 127 68 58
internal_count=1050 476 574 127 68 58
is_linear=0
shrinkage=0.03


Tree=40
num_leaves=7
num_cat=0
split_feature=45 15 43 41 29 43
split_gain=5008.31 378.166 369.854 332.654 295.018 206.713
threshold=1.8777770996093752 18.750000000000004 118.50000000000001 88.292739868164077 14.950000000000001 126.50000000000001
decision_type=2 2 2 2 10 2
left_child=2 -2 -1 -4 5 -5
right_child=1 -3 3 4 -6 -7
leaf_value=0.068127763596492877 -0.061815086157576547 -0.12572774789272209 -0.020352271344056542 0.12539227862249719 -0.069660981320417842 0.012166209975662437
leaf_weight=452 308 116 97 43 11.999999999999998 22
leaf_count=452 308 116 97 43 12 22
internal_value=-4.96322e-05 -0.0795553 0.0538419 0.0165541 0.0627114 0.0878346
internal_weight=1050 424 626 174 77 65
internal_count=1050 424 626 174 77 65
is_linear=0
shrinkage=0.03


Tree=41
num_leaves=7
num_cat=0
split_feature=45 45 43 41 29 43
split_gain=4713.69 357.651 347.944 313.245 278.403 194.741
threshold=1.8777770996093752 2.7427060604095463 118.50000000000001 88.292739868164077 14.950000000000001 126.50000000000001
decision_type=2 2 2 2 10 2
left_child=2 -2 -1 -4 5 -5
right_child=1 -3 3 4 -6 -7
leaf_value=0.066088441975464082 -0.059123878413904152 -0.12004813665390013 -0.019747933745170389 0.12171600532464005 -0.067731907625611001 0.011817091677499853
leaf_weight=452 300 124 97 43 11.999999999999998 22
leaf_count=452 300 124 97 43 12 22
internal_value=-5.01953e-05 -0.0771819 0.0522321 0.0160656 0.0608562 0.0852621
internal_weight=1050 424 626 174 77 65
internal_count=1050 424 626 174 77 65
is_linear=0
shrinkage=0.03


Tree=42
num_leaves=7
num_cat=0
split_feature=45 44 20 8 14 16
split_gain=4436.38 338.329 296.833 179.469 162.924 249.357
threshold=1.8777770996093752 3.0568259954452519 1.0727474972190738 1.5000000000000002 22.450000000000003 203.01666666666668
decision_type=2 2 2 2 2 2
left_child=2 -2 3 4 -1 -6
right_child=1 -3 -4 -5 5 -7
leaf_value=0.037436732514816169 -0.057119819722652287 -0.11610066575328196 0.0063477377801210476 0.10904079525540658 0.025118126774376089 0.097040303334292463
leaf_weight=254 298 126 112 60 65 135
leaf_count=254 298 126 112 60 65 135
internal_value=-5.06026e-05 -0.0748791 0.0506705 0.0602973 0.05363 0.0739069
internal_weight=1050 424 626 514 454 200
internal_count=1050 424 626 514 454 200
is_linear=0
shrinkage=0.03


Tree=43
num_leaves=7
num_cat=0
split_feature=45 15 43 41 29 43
split_gain=4175.93 319.648 318.331 291.233 260.753 181.827
threshold=1.8777770996093752 19.383333333333336 118.50000000000001 88.292739868164077 14.950000000000001 126.50000000000001
decision_type=2 2 2 2 10 2
left_child=2 -2 -1 -4 5 -5
right_child=1 -3 3 4 -6 -7
leaf_value=0.062416575869533003 -0.059093864326139348 -0.12386787121946161 -0.019948982523031986 0.11661673704797232 -0.066629827062312796 0.010474186533171198
leaf_weight=452 337 87 97 43 11.999999999999998 22
leaf_count=452 337 87 97 43 12 22
internal_value=-4.61801e-05 -0.0726449 0.0491636 0.0145763 0.0577674 0.0813946
internal_weight=1050 424 626 174 77 65
internal_count=1050 424 626 174 77 65
is_linear=0
shrinkage=0.03


Tree=44
num_leaves=7
num_cat=0
split_feature=45 45 43 41 29 43
split_gain=3930.32 304.47 299.48 274.234 246.073 171.299
threshold=1.8777770996093752 2.7427060604095463 118.50000000000001 88.292739868164077 14.950000000000001 126.50000000000001
decision_type=2 2 2 2 10 2
left_child=2 -2 -1 -4 5 -5
right_child=1 -3 3 4 -6 -7
leaf_value=0.060548212526995222 -0.053821864689505373 -0.11002386451721191 -0.019356619909937891 0.11319774337620897 -0.064784692452790643 0.010173623419326283
leaf_weight=452 300 124 97 43 11.999999999999998 22
leaf_count=452 300 124 97 43 12 22
internal_value=-4.70788e-05 -0.0704785 0.0476936 0.014146 0.0560576 0.0790105
internal_weight=1050 424 626 174 77 65
internal_count=1050 424 626 174 77 65
is_linear=0
shrinkage=0.03


Tree=45
num_leaves=7
num_cat=0
split_feature=42 42 15 23 14 20
split_gain=3728.47 350.349 249.106 215.742 188.931 238.583
threshold=18.154100418090824 16.303387641906742 19.383333333333336 9.6567523561757493 22.450000000000003 1.0000000180025095e-35
decision_type=2 2 2 2 2 2
left_child=1 4 -2 -3 5 -1
right_child=2 3 -4 -5 -6 -7
leaf_value=0.055287899272254928 -0.059183942743630452 0.067034563908682149 -0.11695001254027539 -0.020016639159159518 0.077950358935496178 -0.0063696135642006997
leaf_weight=235 313 33 87 103 205 74
leaf_count=235 313 33 87 103 205 74
internal_value=-4.7495e-05 0.0442787 -0.0720084 0.0014412 0.0555883 0.0405491
internal_weight=1050 650 400 136 514 309
internal_count=1050 650 400 136 514 309
is_linear=0
shrinkage=0.03


Tree=46
num_leaves=7
num_cat=0
split_feature=42 43 42 41 43 25
split_gain=3509.43 336.23 236.498 154.013 187.892 143.011
threshold=18.154100418090824 120.50000000000001 25.934286117553714 92.516399383544936 126.50000000000001 0.90582123527716119
decision_type=2 2 2 2 2 2
left_child=1 5 -2 -3 -5 -1
right_child=2 3 -4 4 -6 -7
leaf_value=0.040138391665671201 -0.055493263709946908 -0.0094154353267154999 -0.10784271561771357 0.14655709798846928 0.0016292647272348403 0.07301646663844584
leaf_weight=265 292 129 108 12.999999999999998 19 224
leaf_count=265 292 129 108 13 19 224
internal_value=-4.61342e-05 0.0429584 -0.0698613 0.00531098 0.0631632 0.0553174
internal_weight=1050 650 400 161 32 489
internal_count=1050 650 400 161 32 489
is_linear=0
shrinkage=0.03


Tree=47
num_leaves=7
num_cat=0
split_feature=15 43 20 41 26 26
split_gain=3284.09 303.61 256.612 174.158 214.543 246.233
threshold=14.41666666666667 122.50000000000001 17.33526140155724 84.136631011962905 39.933333333333344 47.183333333333344
decision_type=2 2 2 2 2 2
left_child=1 3 -2 4 -1 -6
right_child=2 -3 -4 -5 5 -7
leaf_value=0.10017931303557227 -0.039585738512877444 0.0010729653453826905 -0.086968069513638821 0.083108753485787182 0.01239338488048557 0.06572321917919012
leaf_weight=50 195 124 224 132 196 129
leaf_count=50 195 124 224 132 196 129
internal_value=-4.22219e-05 0.0431681 -0.0650634 0.0534412 0.0428049 0.0336979
internal_weight=1050 631 419 507 375 325
internal_count=1050 631 419 507 375 325
is_linear=0
shrinkage=0.03


Tree=48
num_leaves=7
num_cat=0
split_feature=42 42 42 23 14 16
split_gain=3116.99 313.126 213.33 198.462 180.696 254.968
threshold=18.276849746704105 16.303387641906742 26.603199005126957 9.6567523561757493 22.450000000000003 202.91666666666671
decision_type=2 2 2 2 2 2
left_child=1 4 -2 -3 -1 -6
right_child=2 3 -4 -5 5 -7
leaf_value=0.036294944738428439 -0.055320148613547608 0.063587428090326928 -0.11155474941451828 -0.019522493940053714 -0.0048468850620768285 0.087146485059939577
leaf_weight=309 320 33 76 107 32 173
leaf_count=309 320 33 76 107 32 173
internal_value=-3.70753e-05 0.0401657 -0.0663665 0.000379739 0.0509805 0.0728327
internal_weight=1050 654 396 140 514 205
internal_count=1050 654 396 140 514 205
is_linear=0
shrinkage=0.03


Tree=49
num_leaves=7
num_cat=0
split_feature=15 43 14 12 41 22
split_gain=2912.38 279.188 233.523 190.924 182.266 285.972
threshold=14.41666666666667 120.50000000000001 30.016666666666669 -26.085650723025722 84.136631011962905 386.26666666666671
decision_type=2 2 2 2 2 2
left_child=1 4 -2 -3 -1 -6
right_child=2 3 -4 -5 5 -7
leaf_value=0.041440240797556691 -0.043738373205825069 0.096393417716026303 -0.090351739559963243 -0.0077197560525142156 -0.049521366174404439 0.10213884359188379
leaf_weight=371 263 17 156 132 11.999999999999998 99
leaf_count=371 263 17 156 132 12 99
internal_value=-3.60833e-05 0.0406554 -0.061267 0.00472236 0.0517306 0.0854474
internal_weight=1050 631 419 149 482 111
internal_count=1050 631 419 149 482 111
is_linear=0
shrinkage=0.03


Tree=50
num_leaves=7
num_cat=0
split_feature=43 45 14 14 14 45
split_gain=2745.01 379.106 154.307 290.271 242.554 259.531
threshold=126.50000000000001 2.2534300088882451 23.450000000000003 23.950000000000003 22.450000000000003 1.7655883431434634
decision_type=2 2 2 2 2 2
left_child=2 -2 4 -4 -1 -6
right_child=1 -3 3 -5 5 -7
leaf_value=0.033576606860236322 -0.022210349058094495 -0.075406531026730172 -0.044950825985787174 0.093909936001058653 0.10352346605643993 0.032704325796893009
leaf_weight=301 218 272 41 19 122 77
leaf_count=301 218 272 41 19 122 77
internal_value=-3.36122e-05 -0.0518331 0.0453025 -0.000159606 0.0507474 0.0764216
internal_weight=1050 490 560 60 500 199
internal_count=1050 490 560 60 500 199
is_linear=0
shrinkage=0.03


Tree=51
num_leaves=7
num_cat=0
split_feature=42 42 45 30 23 41
split_gain=2615.66 274.434 245.166 239.929 236.684 228.09
threshold=18.276849746704105 15.735882282257082 1.7065842747688296 24.450000000000003 10.271179078719372 72.241607666015639
decision_type=2 2 2 10 2 2
left_child=1 2 5 -4 -3 -1
right_child=-2 4 3 -5 -6 -7
leaf_value=0.13732658743858336 -0.060790747407758111 0.040071143334010434 0.10398791820110785 0.0046753701447908363 -0.010803997389896697 0.021552249674965267
leaf_weight=15.999999999999998 396 185 117 27 147 162
leaf_count=16 396 185 117 27 147 162
internal_value=-2.91458e-05 0.0367989 0.0564986 0.0855275 0.0175803 0.032668
internal_weight=1050 654 322 144 332 178
internal_count=1050 654 322 144 332 178
is_linear=0
shrinkage=0.03


Tree=52
num_leaves=7
num_cat=0
split_feature=42 12 42 8 9 39
split_gain=2462.02 260.335 189.737 155.883 174.546 156.153
threshold=18.276849746704105 14.990433815350194 26.603199005126957 1.5000000000000002 6941.0500000000002 1.1863711001642037
decision_type=2 2 2 2 2 2
left_child=1 3 -2 5 -5 -1
right_child=2 -3 -4 4 -6 -7
leaf_value=0.047785832899547104 -0.048575992765270665 7.9632402301348497e-05 -0.10154336502025654 0.014723433852195739 0.12515995374747685 0.0017757092248194101
leaf_weight=369 320 144 76 19 41 81
leaf_count=369 320 144 76 19 41 81
internal_value=-2.15347e-05 0.0357085 -0.0589716 0.0457486 0.0910031 0.0395263
internal_weight=1050 654 396 510 60 450
internal_count=1050 654 396 510 60 450
is_linear=0
shrinkage=0.03


Tree=53
num_leaves=7
num_cat=0
split_feature=43 45 41 43 33 25
split_gain=2306.86 328.292 143.361 204.333 156.044 166.83
threshold=126.50000000000001 2.2534300088882451 92.516399383544936 120.50000000000001 23.500000000000004 0.90582123527716119
decision_type=2 2 2 2 2 2
left_child=2 -2 3 4 -1 -6
right_child=1 -3 -4 -5 5 -7
leaf_value=0.10168004303625444 -0.01994421073904561 -0.069441272803060311 0.13689487593514579 -0.014003935959347982 0.022888767071593846 0.059662415106115599
leaf_weight=40 218 272 12.999999999999998 58 240 209
leaf_count=40 218 272 13 58 240 209
internal_value=-1.97638e-05 -0.0475056 0.041541 0.0390291 0.0453351 0.0401007
internal_weight=1050 490 560 547 489 449
internal_count=1050 490 560 547 489 449
is_linear=0
shrinkage=0.03


Tree=54
num_leaves=7
num_cat=0
split_feature=15 12 15 8 9 39
split_gain=2176.91 216.761 198.001 139.919 165.829 141.899
threshold=14.41666666666667 14.990433815350194 19.383333333333336 1.5000000000000002 6941.0500000000002 0.62358276643990929
decision_type=2 2 2 2 2 2
left_child=1 3 -2 5 -5 -1
right_child=2 -3 -4 4 -6 -7
leaf_value=-0.033401160030625765 -0.042166245810704321 0.00030213048443371472 -0.093159723132848732 0.012616079449653626 0.12015087630067553 0.042018511440049672
leaf_weight=23 332 128 87 19 41 420
leaf_count=23 332 128 87 19 41 420
internal_value=-1.2956e-05 0.0351674 -0.052951 0.0440215 0.0868633 0.0380364
internal_weight=1050 631 419 503 60 443
internal_count=1050 631 419 503 60 443
is_linear=0
shrinkage=0.03


Tree=55
num_leaves=7
num_cat=0
split_feature=42 42 45 30 12 20
split_gain=2066.87 237.486 229.6 223.247 220.173 196.508
threshold=18.276849746704105 15.735882282257082 1.7065842747688296 24.450000000000003 -37.397997775306095 -3.2335928809789096
decision_type=2 2 2 10 2 2
left_child=1 2 5 -4 -3 -1
right_child=-2 4 3 -5 -6 -7
leaf_value=-0.072712379302829505 -0.054025040938230393 0.089677442181855443 0.096932596787810327 0.001259772925238524 0.006875830355704768 0.037675750602218436
leaf_weight=14.999999999999998 396 31 117 27 301 163
leaf_count=15 396 31 117 27 301 163
internal_value=-1.23856e-05 0.0327251 0.0510487 0.0791263 0.0148534 0.0280191
internal_weight=1050 654 322 144 332 178
internal_count=1050 654 322 144 332 178
is_linear=0
shrinkage=0.03


Tree=56
num_leaves=7
num_cat=0
split_feature=42 43 42 12 10 14
split_gain=1945.61 220.536 168.87 129.662 233.995 120.709
threshold=18.154100418090824 118.50000000000001 26.603199005126957 -26.085650723025722 1930.2338280868405 22.450000000000003
decision_type=2 2 2 2 2 2
left_child=1 5 -2 4 -3 -1
right_child=2 3 -4 -5 -6 -7
leaf_value=0.029365268353074788 -0.042314601062123584 -0.014400831833481785 -0.09216197871542596 -0.0042053441448830237 0.15862492822683774 0.060733102590722191
leaf_weight=249 324 15.000000000000002 76 171 11.999999999999998 203
leaf_count=249 324 15 76 171 12 203
internal_value=-8.99726e-06 0.0320112 -0.0519918 0.00556981 0.0654182 0.043556
internal_weight=1050 650 400 198 27 452
internal_count=1050 650 400 198 27 452
is_linear=0
shrinkage=0.03


Tree=57
num_leaves=7
num_cat=0
split_feature=19 15 11 42 19 23
split_gain=1836.88 246.022 197.99 256.684 251.093 239.087
threshold=134.20144152159278 16.283333333333335 273891.50000000006 15.679297447204592 104.05463859653341 10.271179078719372
decision_type=2 2 2 2 2 2
left_child=2 -2 3 4 -1 -5
right_child=1 -3 -4 5 -6 -7
leaf_value=0.071806752014160161 -0.019434738024670099 -0.063132687873122373 0.069495162818986433 0.030458704460023051 0.0045150116880081203 -0.031020192752281822
leaf_weight=149 209 263 123 133 75 98
leaf_count=149 209 263 123 133 75 98
internal_value=-5.99752e-06 -0.0438654 0.0358239 0.0265891 0.0493962 0.00435546
internal_weight=1050 472 578 455 224 231
internal_count=1050 472 578 455 224 231
is_linear=0
shrinkage=0.03


Tree=58
num_leaves=7
num_cat=0
split_feature=19 20 9 19 13 1
split_gain=1728.89 234.055 186.395 230.852 290.738 271.704
threshold=134.20144152159278 17.33526140155724 9129.716666666669 105.85543668095552 5.6338333333333344 22.500000000000004
decision_type=2 2 2 2 2 2
left_child=2 -2 3 4 5 -1
right_child=1 -3 -4 -5 -6 -7
leaf_value=0.0025503153359750287 -0.022339791047656123 -0.064736638981352249 0.067427121139837481 -0.0005115165940107225 0.1009674643395377 0.074027645491684474
leaf_weight=143 248 224 123 181 60 71
leaf_count=143 248 224 123 181 60 71
internal_value=-4.0281e-06 -0.0425547 0.0347567 0.0257964 0.0431136 0.0264988
internal_weight=1050 472 578 455 274 214
internal_count=1050 472 578 455 274 214
is_linear=0
shrinkage=0.03


Tree=59
num_leaves=7
num_cat=0
split_feature=42 42 25 45 41 30
split_gain=1634.22 200.864 223.944 210.813 209.641 208.32
threshold=18.276849746704105 15.735882282257082 0.90588215629907454 1.7065842747688296 72.241607666015639 24.450000000000003
decision_type=2 2 2 2 2 10
left_child=1 3 -3 4 -1 -5
right_child=-2 2 -4 5 -6 -7
leaf_value=0.12418899136431076 -0.048027412874004818 -0.006486055314845334 0.044215372591279445 0.090055809150118432 0.013314591664478091 -0.0022362984397581642
leaf_weight=15.999999999999998 396 207 125 117 162 27
leaf_count=16 396 207 125 117 162 27
internal_value=5.85107e-07 0.0291107 0.0126788 0.0459612 0.0239189 0.072855
internal_weight=1050 654 332 322 178 144
internal_count=1050 654 332 322 178 144
is_linear=0
shrinkage=0.03


Tree=60
num_leaves=7
num_cat=0
split_feature=19 42 9 42 19 23
split_gain=1539.72 214.281 174.532 228.121 228.033 221.125
threshold=134.20144152159278 21.425409317016605 9129.716666666669 15.679297447204592 101.49354216723376 10.271179078719372
decision_type=2 2 2 2 2 2
left_child=2 -2 3 4 -1 -5
right_child=1 -3 -4 5 -6 -7
leaf_value=0.07076738590864759 -0.015623865891537518 -0.056850104857222888 0.064420324798613302 0.028294659500330017 0.0092227126178782322 -0.030828751739904733
leaf_weight=132 192 280 123 133 92 98
leaf_count=132 192 280 123 133 92 98
internal_value=6.70527e-06 -0.0401486 0.0328106 0.024143 0.0456434 0.00318723
internal_weight=1050 472 578 455 224 231
internal_count=1050 472 578 455 224 231
is_linear=0
shrinkage=0.03


Tree=61
num_leaves=7
num_cat=0
split_feature=43 20 41 43 14 16
split_gain=1456.25 222.165 137.356 168.707 142.764 273.026
threshold=126.50000000000001 17.33526140155724 92.516399383544936 122.50000000000001 22.450000000000003 203.01666666666668
decision_type=2 2 2 2 2 2
left_child=2 -2 3 4 -1 -6
right_child=1 -3 -4 -5 5 -7
leaf_value=0.020589361924294409 -0.019072003522050681 -0.05968182375468313 0.12616895208401341 -0.032437057487356168 0.0045384816744843048 0.074826085972510697
leaf_weight=283 266 224 12.999999999999998 35 73 156
leaf_count=283 266 224 13 35 73 156
internal_value=8.48516e-06 -0.0377202 0.0330295 0.0305898 0.0349531 0.0525371
internal_weight=1050 490 560 547 512 229
internal_count=1050 490 560 547 512 229
is_linear=0
shrinkage=0.03


Tree=62
num_leaves=7
num_cat=0
split_feature=42 43 41 29 43 41
split_gain=1373.35 190.575 168.671 172.683 150.53 148.594
threshold=18.641327857971195 118.50000000000001 88.292739868164077 14.950000000000001 126.50000000000001 81.86139297485353
decision_type=2 2 2 10 2 2
left_child=1 5 -3 4 -4 -1
right_child=-2 2 3 -5 -6 -7
leaf_value=0.023753963244574454 -0.045477169896457635 -0.018884646153652866 0.088980081708128128 -0.055455506555736063 0.0017710527696556621 0.059571742682033274
leaf_weight=287 380 130 43 14.999999999999998 30 165
leaf_count=287 380 130 43 15 30 165
internal_value=1.15114e-05 0.0258404 0.00278013 0.0346375 0.053649 0.0369317
internal_weight=1050 670 218 88 73 452
internal_count=1050 670 218 88 73 452
is_linear=0
shrinkage=0.03


Tree=63
num_leaves=7
num_cat=0
split_feature=42 43 41 29 43 41
split_gain=1292.49 179.347 158.802 162.912 141.831 139.879
threshold=18.641327857971195 118.50000000000001 88.292739868164077 14.950000000000001 126.50000000000001 81.86139297485353
decision_type=2 2 2 10 2 2
left_child=1 5 -3 4 -4 -1
right_child=-2 2 3 -5 -6 -7
leaf_value=0.023043818328878841 -0.044116435831075343 -0.018322431546714125 0.086371347682381208 -0.05389582020405214 0.0017196355898293756 0.057795356013868225
leaf_weight=287 380 130 43 14.999999999999998 30 165
leaf_count=287 380 130 43 15 30 165
internal_value=1.27146e-05 0.0250696 0.00269898 0.0336103 0.0520763 0.0358292
internal_weight=1050 670 218 88 73 452
internal_count=1050 670 218 88 73 452
is_linear=0
shrinkage=0.03


Tree=64
num_leaves=7
num_cat=0
split_feature=15 3 3 43 6 24
split_gain=1212.56 157.224 189.773 191.375 180.934 211.011
threshold=14.41666666666667 173.15000000000001 166.75000000000003 117.50000000000001 6.5000000000000009 515.40000000000009
decision_type=2 2 2 2 2 2
left_child=1 2 3 -1 5 -4
right_child=-2 -3 4 -5 -6 -7
leaf_value=0.055742238992977824 -0.039495436201960339 0.043056840757639811 -0.017015076677340108 -0.0069710233192081033 0.023681334951519965 -0.13469582037890659
leaf_weight=121 419 279 73 68 74 15.999999999999998
leaf_count=121 419 279 73 68 74 16
internal_value=1.38347e-05 0.02627 0.0128802 0.0332608 -0.01081 -0.0394327
internal_weight=1050 631 352 189 163 89
internal_count=1050 631 352 189 163 89
is_linear=0
shrinkage=0.03


Tree=65
num_leaves=7
num_cat=0
split_feature=19 42 9 30 43 19
split_gain=1150.86 184.87 160.027 212.665 207.317 179.583
threshold=134.20144152159278 25.934286117553714 9129.716666666669 20.450000000000003 102.50000000000001 105.85543668095552
decision_type=2 2 2 8 2 2
left_child=2 -2 4 -4 -1 -6
right_child=1 -3 3 -5 5 -7
leaf_value=0.10412414488792419 -0.024356448881251557 -0.069039933142858917 -0.0027252749732468982 0.083754917817158533 0.03106071124400207 -0.0083375706147934703
leaf_weight=24 364 108 36 87 257 174
leaf_count=24 364 108 36 87 257 174
internal_value=1.12591e-05 -0.034705 0.0283718 0.0586258 0.0200827 0.0151727
internal_weight=1050 472 578 123 455 431
internal_count=1050 472 578 123 455 431
is_linear=0
shrinkage=0.03


Tree=66
num_leaves=7
num_cat=0
split_feature=42 42 23 16 25 23
split_gain=1090.48 158.489 204.509 381.92 191.637 192.899
threshold=18.641327857971195 15.735882282257082 8.9679185197392268 205.80000000000004 0.90588215629907454 11.023616180098157
decision_type=2 2 2 2 2 2
left_child=1 2 3 -1 -3 -6
right_child=-2 4 -4 -5 5 -7
leaf_value=0.02602424074183492 -0.040520046868108131 -0.0082448153114041984 0.051865145988003521 -0.14604485264846256 0.060503098444735753 -0.019917822651270973
leaf_weight=67 380 218 242 12.999999999999998 93 37
leaf_count=67 380 218 242 13 93 37
internal_value=1.41889e-05 0.0230299 0.038168 -0.00339481 0.00895358 0.0376367
internal_weight=1050 670 322 80 348 130
internal_count=1050 670 322 80 348 130
is_linear=0
shrinkage=0.03


Tree=67
num_leaves=7
num_cat=0
split_feature=14 23 14 45 28 20
split_gain=1028.21 210.783 163.198 264.113 193.896 169.767
threshold=23.450000000000003 9.2225671675803067 22.450000000000003 1.7655883431434634 54.650000000000013 1.0000000180025095e-35
decision_type=2 2 2 2 8 2
left_child=2 -2 5 4 -4 -1
right_child=1 -3 3 -5 -6 -7
leaf_value=0.027083812991251087 0.043786426134465727 -0.035976642843442416 -0.027830819834023714 0.011277107616289726 0.088652974633692677 -0.023231941147845374
leaf_weight=237 31 471 13.999999999999998 102 115 80
leaf_count=237 31 471 14 102 115 80
internal_value=1.15845e-05 -0.0309738 0.0284007 0.0475337 0.0758945 0.0143527
internal_weight=1050 502 548 231 129 317
internal_count=1050 502 548 231 129 317
is_linear=0
shrinkage=0.03


Tree=68
num_leaves=7
num_cat=0
split_feature=20 42 20 30 25 44
split_gain=973.235 148.616 197.506 261.137 180.853 190.804
threshold=7.7314794215794986 15.735882282257082 -2.8896551724138306 18.750000000000004 0.90588215629907454 2.2472662925720219
decision_type=2 2 2 10 2 2
left_child=1 2 3 -1 5 -3
right_child=-2 4 -4 -5 -6 -7
leaf_value=-0.12634750747680665 -0.038918020853756528 -0.057391525846388604 0.044338445582737522 0.036294323517517608 0.036227061657951427 0.0071293381283558631
leaf_weight=13.999999999999998 372 53 287 21 129 174
leaf_count=14 372 53 287 21 129 174
internal_value=1.36278e-05 0.0214002 0.0361385 -0.0304649 0.00800563 -0.00812065
internal_weight=1050 678 322 35 356 227
internal_count=1050 678 322 35 356 227
is_linear=0
shrinkage=0.03


Tree=69
num_leaves=7
num_cat=0
split_feature=19 15 9 30 43 23
split_gain=918.759 167.127 148.399 193.691 193.321 182.929
threshold=134.20144152159278 19.383333333333336 9129.716666666669 20.450000000000003 102.50000000000001 11.037969778318027
decision_type=2 2 2 8 2 2
left_child=2 -2 4 -4 -1 -6
right_child=1 -3 3 -5 5 -7
leaf_value=0.098516696691513056 -0.022410179118552229 -0.068370170076801004 -0.0040355290905446616 0.078459048489616684 0.02080834164014643 -0.033809715927793429
leaf_weight=24 385 87 36 87 367 64
leaf_count=24 385 87 36 87 367 64
internal_value=1.04027e-05 -0.0310083 0.0253503 0.0544765 0.0173745 0.0126385
internal_weight=1050 472 578 123 455 431
internal_count=1050 472 578 123 455 431
is_linear=0
shrinkage=0.03


Tree=70
num_leaves=7
num_cat=0
split_feature=14 23 14 33 14 16
split_gain=872.721 186.747 157.866 167.891 168.141 157.129
threshold=23.450000000000003 9.2225671675803067 22.450000000000003 24.500000000000004 20.883333333333336 205.8666666666667
decision_type=2 2 2 2 2 2
left_child=2 -2 3 -1 -5 -6
right_child=1 -3 -4 4 5 -7
leaf_value=0.065366099930327867 0.041825575211551037 -0.033244187828544054 0.044981476066308895 0.10867334700547732 0.0058420400252029046 -0.071865388292532709
leaf_weight=45 31 471 231 11.999999999999998 235 25
leaf_count=45 31 471 231 12 235 25
internal_value=1.20644e-05 -0.0285345 0.0261667 0.0123579 0.00338086 -0.00187655
internal_weight=1050 502 548 317 272 260
internal_count=1050 502 548 317 272 260
is_linear=0
shrinkage=0.03


Tree=71
num_leaves=7
num_cat=0
split_feature=42 42 23 16 12 20
split_gain=824.888 147.85 187.688 348.733 180.344 193.613
threshold=19.633919715881351 15.735882282257082 8.9679185197392268 205.80000000000004 -37.397997775306095 -2.152947719688584
decision_type=2 2 2 2 2 2
left_child=1 2 3 -1 -3 -6
right_child=-2 4 -4 -5 5 -7
leaf_value=0.02202241158879855 -0.037686693654302245 0.074194602602510706 0.046781264525136833 -0.14240794339350291 -0.098977254173334903 0.0048099660200748625
leaf_weight=67 348 31 242 12.999999999999998 15.999999999999998 333
leaf_count=67 348 31 242 13 16 333
internal_value=1.63145e-05 0.0187337 0.0336584 -0.00612577 0.00603187 -0.000217385
internal_weight=1050 702 322 80 380 349
internal_count=1050 702 322 80 380 349
is_linear=0
shrinkage=0.03


Tree=72
num_leaves=7
num_cat=0
split_feature=19 44 46 19 13 15
split_gain=778.589 154.873 138.443 267.925 252.623 223.186
threshold=134.20144152159278 3.2957533597946171 282.97834777832037 105.85543668095552 5.6338333333333344 13.216666666666667
decision_type=2 2 2 2 2 2
left_child=2 -2 3 4 -1 -5
right_child=1 -3 -4 5 -6 -7
leaf_value=0.015034267836618563 -0.021504439287624466 -0.070870349780837089 0.045463143422947092 -0.090740627702325577 0.084793961130082612 0.00050538675958347135
leaf_weight=214 406 66 176 31 59 98
leaf_count=214 406 66 176 31 59 98
internal_value=1.20786e-05 -0.0285425 0.0233391 0.0135641 0.030365 -0.0219513
internal_weight=1050 472 578 402 273 129
internal_count=1050 472 578 402 273 129
is_linear=0
shrinkage=0.03


Tree=73
num_leaves=7
num_cat=0
split_feature=14 45 14 45 22 26
split_gain=740.783 158.213 148.947 235.874 185.281 230.927
threshold=23.450000000000003 2.5660885572433476 22.450000000000003 1.7655883431434634 422.40000000000003 43.783333333333339
decision_type=2 2 2 2 2 2
left_child=2 -2 -1 4 5 -4
right_child=1 -3 3 -5 -6 -7
leaf_value=0.01069984214028941 -0.013624614720937312 -0.048745611148489382 0.073071919542394184 0.0081457184855509724 0.1014050343260169 -0.049297921291806483
leaf_weight=317 322 180 37 102 71 21
leaf_count=317 322 180 37 102 71 21
internal_value=1.06506e-05 -0.0262897 0.0241073 0.0423808 0.0691795 0.028681
internal_weight=1050 502 548 231 129 58
internal_count=1050 502 548 231 129 58
is_linear=0
shrinkage=0.03


Tree=74
num_leaves=7
num_cat=0
split_feature=42 43 41 45 43 41
split_gain=701.601 148.15 126.836 289.892 205.515 216.234
threshold=20.288294792175297 118.50000000000001 81.86139297485353 1.658022463321686 111.50000000000001 77.971897125244155
decision_type=2 2 2 2 2 2
left_child=1 2 4 -4 -1 -6
right_child=-2 -3 3 -5 5 -7
leaf_value=0.027929082046704072 -0.036306004180299757 -0.0010469763651636268 -0.083606443021978644 0.059638408423565763 -0.14264372183726381 -0.0046109161906096397
leaf_weight=227 328 270 12.999999999999998 152 11.999999999999998 48
leaf_count=227 328 270 13 152 12 48
internal_value=1.2662e-05 0.0165394 0.0270237 0.0479168 0.0148872 -0.0341033
internal_weight=1050 722 452 165 287 60
internal_count=1050 722 452 165 287 60
is_linear=0
shrinkage=0.03


Tree=75
num_leaves=7
num_cat=0
split_feature=23 42 30 14 42 30
split_gain=666.533 165.598 128.912 117.618 134.687 114.582
threshold=11.037969778318027 15.679297447204592 14.850000000000003 22.383333333333336 27.294469833374027 18.750000000000004
decision_type=2 2 8 2 2 8
left_child=2 -2 -1 -3 -5 -4
right_child=1 3 5 4 -6 -7
leaf_value=0.12405031954700295 0.03834008790114346 -0.1081468804268276 -0.015297289367717895 -0.02113029625888074 -0.072289022623368032 0.025344808212431409
leaf_weight=9.9999999999999982 33 15.999999999999998 71 385 52 483
leaf_count=10 33 16 71 385 52 483
internal_value=7.1259e-06 -0.0257136 0.0221771 -0.030454 -0.027369 0.020118
internal_weight=1050 486 564 453 437 554
internal_count=1050 486 564 453 437 554
is_linear=0
shrinkage=0.03


Tree=76
num_leaves=7
num_cat=0
split_feature=14 23 14 45 28 33
split_gain=631.323 154.011 139.004 216.69 175.73 156.322
threshold=23.450000000000003 9.2225671675803067 22.450000000000003 1.7655883431434634 54.650000000000013 24.500000000000004
decision_type=2 2 2 2 8 2
left_child=2 -2 5 4 -4 -1
right_child=1 -3 3 -5 -6 -7
leaf_value=0.060450934850327341 0.03960047348518856 -0.028552536949321975 -0.032833341807126992 0.0070974074730884677 0.077749622706323865 0.00065106595405837998
leaf_weight=45 31 471 13.999999999999998 102 115 272
leaf_count=45 31 471 14 102 115 272
internal_value=6.08068e-06 -0.0242735 0.0222513 0.039903 0.0655881 0.00930341
internal_weight=1050 502 548 231 129 317
internal_count=1050 502 548 231 129 317
is_linear=0
shrinkage=0.03


Tree=77
num_leaves=7
num_cat=0
split_feature=45 43 41 45 26 26
split_gain=599.053 135.143 119.591 180.639 171.099 209.926
threshold=2.1475059986114506 118.50000000000001 84.136631011962905 1.6710984706878664 39.933333333333344 47.183333333333344
decision_type=2 2 2 2 2 2
left_child=1 2 4 -4 -1 -6
right_child=-2 -3 3 -5 5 -7
leaf_value=0.068142528959478324 -0.034462047696601279 -0.0014225343650851939 -0.046911777074520405 0.075946462343276386 -0.010253051394097429 0.039372479942311918
leaf_weight=51 316 282 11.999999999999998 70 193 126
leaf_count=51 316 282 12 70 193 126
internal_value=9.44231e-06 0.0148767 0.0250264 0.0576186 0.0176675 0.00941004
internal_weight=1050 734 452 82 370 319
internal_count=1050 734 452 82 370 319
is_linear=0
shrinkage=0.03


Tree=78
num_leaves=7
num_cat=0
split_feature=23 44 25 25 23 20
split_gain=568.431 130.056 128.32 240.307 293.918 396.226
threshold=11.037969778318027 3.2957533597946171 0.90582123527716119 0.90718089243483691 9.3914853260624689 -2.3330367074527678
decision_type=2 2 2 2 2 2
left_child=2 -2 -1 -4 5 -5
right_child=1 -3 3 4 -6 -7
leaf_value=0.0081261412306043949 -0.017499098539465237 -0.062607588679043216 0.094950005806544238 -0.15338733717799186 0.056568725272865578 0.01094048761934238
leaf_weight=324 420 66 50 14.999999999999998 100 75
leaf_count=324 420 66 50 15 100 75
internal_value=1.17395e-05 -0.0237409 0.0204853 0.0370671 0.0214174 -0.0178321
internal_weight=1050 486 564 240 190 90
internal_count=1050 486 564 240 190 90
is_linear=0
shrinkage=0.03


Tree=79
num_leaves=7
num_cat=0
split_feature=14 23 44 14 45 24
split_gain=540.636 135.092 133.005 130.725 201.588 169.151
threshold=23.450000000000003 9.2225671675803067 2.2545068264007573 22.450000000000003 1.7655883431434634 472.63333333333338
decision_type=2 2 2 2 2 2
left_child=3 -2 -3 -1 5 -5
right_child=1 2 -4 4 -6 -7
leaf_value=0.008042761454499274 0.037360210355836899 -0.12980874790386721 -0.023948715867916144 0.028269125414706432 0.0060785348655529384 0.09732872927561402
leaf_weight=317 31 9.9999999999999982 461 66 102 63
leaf_count=317 31 10 461 66 102 63
internal_value=9.5919e-06 -0.0224586 -0.0264665 0.0205952 0.0377119 0.0624852
internal_weight=1050 502 471 548 231 129
internal_count=1050 502 471 548 231 129
is_linear=0
shrinkage=0.03


Tree=80
num_leaves=7
num_cat=0
split_feature=23 25 43 45 26 39
split_gain=514.981 128.891 238.015 243.599 221.593 264.672
threshold=12.813358409063389 0.90582123527716119 110.50000000000001 1.658022463321686 42.916666666666671 0.96006144393241166
decision_type=2 2 2 2 2 2
left_child=1 -1 4 -4 5 -3
right_child=-2 2 3 -5 -6 -7
leaf_value=0.0037469131607961439 -0.030497063835001323 0.096338675324805084 -0.11529951068071219 0.019105696023477281 0.11290410885397267 -0.038489705175161364
leaf_weight=419 337 23 11.999999999999998 183 48 28
leaf_count=419 337 23 12 183 48 28
internal_value=9.97e-06 0.0144517 0.0296433 0.0102885 0.0672823 0.0229986
internal_weight=1050 713 294 195 99 51
internal_count=1050 713 294 195 99 51
is_linear=0
shrinkage=0.03


Tree=81
num_leaves=7
num_cat=0
split_feature=14 42 14 45 22 26
split_gain=486.97 124.69 123.731 186.772 161.658 209.959
threshold=23.450000000000003 27.294469833374027 22.450000000000003 1.7655883431434634 422.40000000000003 43.783333333333339
decision_type=2 2 2 2 2 2
left_child=2 -2 -1 4 5 -4
right_child=1 -3 3 -5 -6 -7
leaf_value=0.0073381468839943407 -0.016144961189404297 -0.064886690389435245 0.064706073432768643 0.0057525355909562219 0.090123761439075079 -0.051900581920688797
leaf_weight=317 450 52 37 102 71 21
leaf_count=317 450 52 37 102 71 21
internal_value=1.10358e-05 -0.0213129 0.0195482 0.0362002 0.0600456 0.0223223
internal_weight=1050 502 548 231 129 58
internal_count=1050 502 548 231 129 58
is_linear=0
shrinkage=0.03


Tree=82
num_leaves=7
num_cat=0
split_feature=45 42 20 24 30 42
split_gain=464.512 118.187 173.249 221.011 188.246 164.525
threshold=2.1475059986114506 15.735882282257082 -2.8896551724138306 483.53333333333336 22.050000000000004 15.761117935180666
decision_type=2 2 2 2 10 2
left_child=1 2 3 4 -1 -3
right_child=-2 5 -4 -5 -6 -7
leaf_value=-0.17417423188686365 -0.030343018830504137 -0.10259843930888635 0.034381709968923431 0.059649239640150745 -0.0021601905487477779 0.0058449074121986388
leaf_weight=11.000000000000002 316 11.999999999999998 287 12.999999999999998 10.999999999999998 400
leaf_count=11 316 12 287 13 11 400
internal_value=1.17031e-05 0.0131035 0.0266904 -0.0355812 -0.0920006 0.00244559
internal_weight=1050 734 322 35 22 412
internal_count=1050 734 322 35 22 412
is_linear=0
shrinkage=0.03


Tree=83
num_leaves=7
num_cat=0
split_feature=12 29 22 44 42 1
split_gain=440.588 123.423 217.176 153.163 176.466 153.25
threshold=14.990433815350194 17.650000000000002 436.9500000000001 2.3090513944625859 16.303387641906742 23.500000000000004
decision_type=2 10 2 2 2 2
left_child=1 3 -3 4 5 -1
right_child=-2 2 -4 -5 -6 -7
leaf_value=0.016601731497898158 -0.018863303577888915 0.028887214234897068 -0.12101457107067108 0.085383981790612726 -0.053852187482906239 0.068882500198432964
leaf_weight=358 540 20 13.999999999999998 33 27 58
leaf_count=358 540 20 14 33 27 58
internal_value=5.37483e-06 0.0199818 -0.0345311 0.0239398 0.0191807 0.0240386
internal_weight=1050 510 34 476 443 416
internal_count=1050 510 34 476 443 416
is_linear=0
shrinkage=0.03


Tree=84
num_leaves=7
num_cat=0
split_feature=23 30 25 25 23 16
split_gain=425.269 124.91 118.822 230.498 255.842 273.957
threshold=11.037969778318027 14.850000000000003 0.90582123527716119 0.90759208950420744 8.9368794167705321 205.38333333333335
decision_type=2 8 2 2 2 2
left_child=1 -1 -3 -4 5 -5
right_child=-2 2 3 4 -6 -7
leaf_value=0.1179283259673552 -0.020539567109419211 0.0036559052645000361 0.079398027612743047 -0.0066483976344831964 0.037678617933765049 -0.17459405292164193
leaf_weight=9.9999999999999982 486 317 65 43 119 9.9999999999999982
leaf_count=10 486 317 65 43 119 10
internal_value=5.38551e-06 0.017714 0.0156959 0.031717 0.0133432 -0.0409827
internal_weight=1050 564 554 237 172 53
internal_count=1050 564 554 237 172 53
is_linear=0
shrinkage=0.03


Tree=85
num_leaves=7
num_cat=0
split_feature=15 42 20 24 23 42
split_gain=404.87 112.785 161.009 206.66 257.79 153.694
threshold=15.883333333333335 15.735882282257082 -2.8896551724138306 483.53333333333336 9.9265404446662711 15.761117935180666
decision_type=2 2 2 2 2 2
left_child=1 2 3 4 -1 -3
right_child=-2 5 -4 -5 -6 -7
leaf_value=-0.19449399200352749 -0.030018957423039054 -0.1000151232114205 0.032400886601147552 0.057077416123024055 0.0060791704746393053 0.0046999872933325528
leaf_weight=10.000000000000002 291 11.999999999999998 287 12.999999999999998 11.999999999999998 425
leaf_count=10 291 12 287 13 12 425
internal_value=6.27677e-06 0.0115423 0.0249849 -0.0350367 -0.0895828 0.00160274
internal_weight=1050 759 322 35 22 437
internal_count=1050 759 322 35 22 437
is_linear=0
shrinkage=0.03


Tree=86
num_leaves=7
num_cat=0
split_feature=14 14 45 28 8 28
split_gain=381.846 123.394 169.546 161.519 145.78 160.447
threshold=23.450000000000003 22.450000000000003 1.7655883431434634 54.650000000000013 1.5000000000000002 49.20000000000001
decision_type=2 2 2 8 2 8
left_child=1 4 3 -3 5 -1
right_child=-2 2 -4 -5 -6 -7
leaf_value=0.09361036574840545 -0.018882828141003942 -0.037431769967079163 0.0049237196078722916 0.068322902220975729 0.063821043551844703 -0.0071862019874100527
leaf_weight=13.999999999999998 502 13.999999999999998 102 115 33 270
leaf_count=14 502 14 102 115 33 270
internal_value=-3.13129e-07 0.0173001 0.0339273 0.056646 0.00511513 -0.00190633
internal_weight=1050 548 231 129 317 284
internal_count=1050 548 231 129 317 284
is_linear=0
shrinkage=0.03


Tree=87
num_leaves=7
num_cat=0
split_feature=23 30 25 25 23 12
split_gain=366.663 116.725 110.898 215.931 269.479 211.701
threshold=11.037969778318027 14.850000000000003 0.90582123527716119 0.90718089243483691 9.3914853260624689 -37.397997775306095
decision_type=2 8 2 2 2 2
left_child=1 -1 -3 -4 5 -5
right_child=-2 2 3 4 -6 -7
leaf_value=0.11331403613090514 -0.019072379771561707 0.0028689313662581075 0.084724626453483803 -0.1463224996219982 0.048694902243465184 -0.0056547892895303193
leaf_weight=9.9999999999999982 486 317 50 9.9999999999999982 99 78
leaf_count=10 486 317 50 10 99 78
internal_value=4.46808e-06 0.0164477 0.0144982 0.0299755 0.0149639 -0.0231042
internal_weight=1050 564 554 237 187 88
internal_count=1050 564 554 237 187 88
is_linear=0
shrinkage=0.03


Tree=88
num_leaves=7
num_cat=0
split_feature=15 42 23 16 33 19
split_gain=352.038 100.211 152.001 280.374 153.01 196.594
threshold=15.883333333333335 15.735882282257082 8.9679185197392268 205.80000000000004 27.500000000000004 100.94277787864014
decision_type=2 2 2 2 2 2
left_child=1 2 3 4 -1 -6
right_child=-2 -3 -4 -5 5 -7
leaf_value=-0.029958066617449125 -0.02799122466779097 0.0013947734641140863 0.035249629433577262 -0.13444211048739296 0.13503271300345659 -0.010892492930094401
leaf_weight=35 291 437 242 12.999999999999998 14.999999999999998 17
leaf_count=35 291 437 242 13 15 17
internal_value=6.57632e-06 0.0107636 0.0234348 -0.012299 0.0130289 0.059529
internal_weight=1050 759 322 80 67 32
internal_count=1050 759 322 80 67 32
is_linear=0
shrinkage=0.03


Tree=89
num_leaves=7
num_cat=0
split_feature=23 25 43 45 41 22
split_gain=330.376 102.268 212.031 219.045 195.659 259.959
threshold=12.813358409063389 0.90582123527716119 110.50000000000001 1.658022463321686 80.18127822875978 446.61666666666673
decision_type=2 2 2 2 2 2
left_child=1 -1 -3 -4 5 -5
right_child=-2 2 3 4 -6 -7
leaf_value=0.0020407875700454627 -0.024429313935012763 0.060624810352921478 -0.11220783316172087 0.011577287457883355 0.028727705723696179 -0.17112597063522444
leaf_weight=419 337 99 11.999999999999998 19.000000000000004 154 9.9999999999999982
leaf_count=419 337 99 12 19 154 10
internal_value=5.47701e-06 0.0115726 0.0251042 0.00685333 0.015228 -0.055028
internal_weight=1050 713 294 195 183 29
internal_count=1050 713 294 195 183 29
is_linear=0
shrinkage=0.03


Tree=90
num_leaves=7
num_cat=1
split_feature=42 3 7 25 37 39
split_gain=314.701 97.9628 182.855 185.137 147.453 159.313
threshold=21.213218688964847 173.15000000000001 0 0.90540508163996181 12.500000000000002 1.2922077922077924
decision_type=2 2 1 2 2 2
left_child=1 -1 4 -4 5 -3
right_child=-2 2 3 -5 -6 -7
leaf_value=0.00073966352194263375 -0.026409388091796594 -0.0099834499190646145 0.016291153891390915 0.074456338740365446 0.042618262438397655 -0.11713563030213117
leaf_weight=429 292 76 117 85 37 13.999999999999998
leaf_count=429 292 76 117 85 37 14
internal_value=-5.33046e-07 0.0101942 0.0224828 0.0390873 -0.00656715 -0.0277556
internal_weight=1050 758 329 202 127 90
internal_count=1050 758 329 202 127 90
cat_boundaries=0 1
cat_threshold=4139
is_linear=0
shrinkage=0.03


Tree=91
num_leaves=7
num_cat=0
split_feature=12 14 14 8 44 42
split_gain=300.828 146.079 225.471 111.613 137.233 194.927
threshold=14.990433815350194 23.950000000000003 23.683333333333337 1.5000000000000002 2.2568969726562504 15.735882282257082
decision_type=2 2 2 2 2 2
left_child=1 2 3 4 5 -1
right_child=-2 -3 -4 -5 -6 -7
leaf_value=0.015940057043780518 -0.015592454941525828 0.11585531164533817 -0.093576185387723582 0.056326591005012139 0.044436232649510903 -0.037993482762499697
leaf_weight=254 540 11.999999999999998 15.999999999999998 58 92 78
leaf_count=254 540 12 16 58 92 78
internal_value=-1.07166e-06 0.0165057 0.0138843 0.0176378 0.0122254 0.00319288
internal_weight=1050 510 498 482 424 332
internal_count=1050 510 498 482 424 332
is_linear=0
shrinkage=0.03


Tree=92
num_leaves=7
num_cat=1
split_feature=23 7 3 25 39 20
split_gain=289.086 112.951 206.524 217.698 178.22 132.56
threshold=11.037969778318027 0 169.55000000000004 0.91064965636062667 1.2471198156682031 0.31568409343710208
decision_type=2 1 2 2 2 2
left_child=1 4 3 -3 -1 -4
right_child=-2 2 5 -5 -6 -7
leaf_value=0.0078632967033073157 -0.016937551975132633 0.015114193703305709 0.061932124660714814 -0.086793356071347777 -0.072537776699963225 0.0074058612095641678
leaf_weight=217 486 104 137 22 27 57
leaf_count=217 486 104 137 22 27 57
internal_value=1.39812e-06 0.0146019 0.0258819 -0.00322249 -0.00124258 0.0460317
internal_weight=1050 564 320 126 244 194
internal_count=1050 564 320 126 244 194
cat_boundaries=0 1
cat_threshold=1587
is_linear=0
shrinkage=0.03


Tree=93
num_leaves=7
num_cat=0
split_feature=20 25 30 26 6 37
split_gain=274.729 89.0655 172.867 168.859 150.096 196.635
threshold=13.019021134593968 0.90582123527716119 22.450000000000003 41.616666666666674 6.5000000000000009 12.500000000000002
decision_type=2 2 8 2 2 2
left_child=1 -1 3 -3 5 -4
right_child=-2 2 4 -5 -6 -7
leaf_value=0.0010806523606541657 -0.02515119740815441 0.012175077812746167 -0.048495594915268676 0.088719592841807748 0.034464428756448826 0.033685737060368412
leaf_weight=464 284 49 69 55 88 41
leaf_count=464 284 49 69 55 88 41
internal_value=-1.0403e-06 0.0093442 0.021995 0.0531148 0.00546454 -0.0178369
internal_weight=1050 766 302 104 198 110
internal_count=1050 766 302 104 198 110
is_linear=0
shrinkage=0.03


Tree=94
num_leaves=7
num_cat=1
split_feature=42 7 29 44 42 19
split_gain=260.438 122.126 219.669 253.256 220.521 203.761
threshold=16.303387641906742 0 17.050000000000004 2.1024899482727055 15.702846050262453 102.08071872765208
decision_type=2 1 8 2 2 2
left_child=1 2 -1 -4 5 -5
right_child=-2 -3 3 4 -6 -7
leaf_value=0.052024629020776883 -0.014616051389752527 0.027517919735983012 -0.14565304756164552 0.072852044173675343 -0.046988253537565465 -0.017506577968597413
leaf_weight=51 536 291 11.999999999999998 40 71 49
leaf_count=51 536 291 12 40 71 49
internal_value=1.74492e-06 0.015244 -0.00196478 -0.018295 -0.00789782 0.0234623
internal_weight=1050 514 223 172 160 89
internal_count=1050 514 223 172 160 89
cat_boundaries=0 1
cat_threshold=17305
is_linear=0
shrinkage=0.03


Tree=95
num_leaves=7
num_cat=0
split_feature=20 43 41 4 41 44
split_gain=250.352 95.1788 139.277 166.073 244.23 224.511
threshold=13.63737486095658 102.50000000000001 78.065364837646499 58.350000000000001 76.403549194335952 2.2510975599288945
decision_type=2 2 2 2 2 2
left_child=1 -1 3 -3 -5 -6
right_child=-2 2 -4 4 5 -7
leaf_value=0.053674450255930421 -0.024961075564044907 0.031352454445191795 0.012682482400953749 -0.00094902982276219572 -0.14720721686879792 -0.011925061913207174
leaf_weight=39 268 41 593 64 26 19
leaf_count=39 268 41 593 64 26 19
internal_value=7.48172e-06 0.00858543 0.00614975 -0.0195893 -0.0388617 -0.091589
internal_weight=1050 782 743 150 109 45
internal_count=1050 782 743 150 109 45
is_linear=0
shrinkage=0.03


Tree=96
num_leaves=7
num_cat=0
split_feature=23 30 30 46 15 45
split_gain=240.999 105.881 102.338 223.587 130.623 142.635
threshold=11.037969778318027 14.850000000000003 18.450000000000003 311.61114501953131 12.550000000000002 1.6755517125129702
decision_type=2 8 8 2 2 2
left_child=1 -1 3 -3 -4 -6
right_child=-2 2 4 -5 5 -7
leaf_value=0.10556448324160142 -0.015461332181546026 0.0053185790908687252 0.11840812650593845 -0.13022390784961838 -0.02694070453074441 0.020259355680363324
leaf_weight=9.9999999999999982 486 50 9.9999999999999982 12.999999999999998 66 415
leaf_count=10 486 50 10 13 66 415
internal_value=4.76453e-06 0.0133357 0.0114837 -0.0242482 0.0161084 0.0137404
internal_weight=1050 564 554 63 491 481
internal_count=1050 564 554 63 491 481
is_linear=0
shrinkage=0.03


Tree=97
num_leaves=7
num_cat=0
split_feature=43 44 41 45 1 26
split_gain=233.859 105.767 105.389 228.124 288.758 179.405
threshold=118.50000000000001 3.2957533597946171 81.86139297485353 1.6755517125129702 19.500000000000004 37.116666666666674
decision_type=2 2 2 2 2 2
left_child=2 -2 5 4 -4 -1
right_child=1 -3 3 -5 -6 -7
leaf_value=0.10626018357276916 -0.0078039898382286635 -0.047827566595219854 -0.15459880977869031 0.051211459436352649 0.035998668968677518 -0.00030195631899184334
leaf_weight=13.999999999999998 532 66 11.000000000000002 137 17 273
leaf_count=14 532 66 11 137 17 273
internal_value=6.81722e-06 -0.0122938 0.0162718 0.035301 -0.0416279 0.00524711
internal_weight=1050 598 452 165 28 287
internal_count=1050 598 452 165 28 287
is_linear=0
shrinkage=0.03


Tree=98
num_leaves=7
num_cat=0
split_feature=14 45 43 14 45 28
split_gain=220.163 121.266 166.925 118.119 147.642 149.333
threshold=23.450000000000003 1.7686256766319277 111.50000000000001 22.450000000000003 1.7655883431434634 54.650000000000013
decision_type=2 2 2 2 2 8
left_child=3 -2 -3 -1 5 -5
right_child=1 2 -4 4 -6 -7
leaf_value=0.0012343121731224391 -0.095648681111633771 0.078088482345143956 -0.015040632966330427 -0.039689733564853662 0.0023670200385533056 0.061848225377435825
leaf_weight=317 14.999999999999998 17 470 13.999999999999998 102 115
leaf_count=317 15 17 470 14 102 115
internal_value=6.12572e-06 -0.0143319 -0.0116364 0.0131427 0.0294088 0.0506081
internal_weight=1050 502 487 548 231 129
internal_count=1050 502 487 548 231 129
is_linear=0
shrinkage=0.03


Tree=99
num_leaves=7
num_cat=0
split_feature=25 23 11 10 19 31
split_gain=212.74 147.024 134.002 195.327 167.608 117.885
threshold=0.90198729791872567 9.7556867723592777 259144.50000000003 2294.8225916734427 105.95147989474349 3.5000000000000004
decision_type=2 2 2 2 2 8
left_child=1 2 4 -4 5 -1
right_child=-2 -3 3 -5 -6 -7
leaf_value=-0.016462897095415329 0.013419807791051459 -0.020385646550971182 0.11846254823972349 -0.037312949663451452 -0.11151026080955158 0.091023708848016596
leaf_weight=26 528 441 22 9.9999999999999982 9.9999999999999982 12.999999999999998
leaf_count=26 528 441 22 10 10 13
internal_value=5.74647e-06 -0.0135622 0.0233831 0.0701272 -0.00793558 0.0207458
internal_weight=1050 522 81 32 49 39
internal_count=1050 522 81 32 49 39
is_linear=0
shrinkage=0.03


Tree=100
num_leaves=7
num_cat=0
split_feature=25 23 11 10 25 41
split_gain=200.157 138.45 126.402 184.413 154.258 164.089
threshold=0.90198729791872567 9.7556867723592777 259144.50000000003 2294.8225916734427 0.89923202226611731 85.635692596435561
decision_type=2 2 2 2 2 2
left_child=1 2 4 -4 -1 -6
right_child=-2 -3 3 -5 5 -7
leaf_value=0.060156841513357658 0.013017974455476894 -0.019775460643486523 0.11506318791405014 -0.036295324138958349 -0.093988515802405082 0.048980284346775572
leaf_weight=18 528 441 22 9.9999999999999982 21.000000000000004 9.9999999999999982
leaf_count=18 528 441 22 10 21 10
internal_value=6.63692e-06 -0.013154 0.0226978 0.0680971 -0.00771968 -0.0477801
internal_weight=1050 522 81 32 49 31
internal_count=1050 522 81 32 49 31
is_linear=0
shrinkage=0.03


Tree=101
num_leaves=7
num_cat=0
split_feature=15 16 16 42 42 15
split_gain=188.979 87.6477 115.832 74.1564 148.393 136
threshold=16.283333333333335 206.41666666666671 206.18333333333337 15.735882282257082 15.761117935180666 13.383333333333335
decision_type=2 2 2 2 2 2
left_child=1 2 3 5 -5 -1
right_child=-2 -3 -4 4 -6 -7
leaf_value=0.0068034232306247791 -0.021958618476373058 0.087845589071512228 -0.086392763555049892 -0.099906972984854986 0.0028946783896057638 0.052109353696791136
leaf_weight=220 263 10.999999999999998 10.999999999999998 11.999999999999998 452 81
leaf_count=220 263 11 11 12 452 81
internal_value=8.92562e-06 0.0073686 0.00611623 0.00755747 2.68788e-05 0.0191276
internal_weight=1050 787 776 765 464 301
internal_count=1050 787 776 765 464 301
is_linear=0
shrinkage=0.03


Tree=102
num_leaves=7
num_cat=0
split_feature=43 14 14 23 45 29
split_gain=184.776 102.104 123.672 107.098 281.691 196.798
threshold=118.50000000000001 23.950000000000003 23.683333333333337 9.3842922984478463 1.685870409011841 17.950000000000003
decision_type=2 2 2 2 2 8
left_child=1 2 3 4 -1 -5
right_child=-2 -3 -4 5 -6 -7
leaf_value=-0.061981144897066624 -0.01092684904388805 0.091486762523651122 -0.076016150542667943 0.067187126763406893 0.021011586806603838 0.0094632159138162576
leaf_weight=51 598 13.999999999999998 12.999999999999998 76 125 173
leaf_count=51 598 14 13 76 125 173
internal_value=6.98524e-06 0.0144647 0.0118001 0.0146583 -0.00325175 0.02728
internal_weight=1050 452 438 425 176 249
internal_count=1050 452 438 425 176 249
is_linear=0
shrinkage=0.03


Tree=103
num_leaves=7
num_cat=0
split_feature=25 26 22 43 26 39
split_gain=176.629 116.589 227.308 186.906 167.976 166.403
threshold=0.90198729791872567 47.183333333333344 436.15000000000003 110.50000000000001 44.483333333333341 0.98430141287284145
decision_type=2 2 2 2 2 2
left_child=-1 2 -2 -3 -4 -6
right_child=1 3 4 -5 5 -7
leaf_value=-0.012355013050470166 0.015806484473072677 0.086036437273025512 0.016904118133168066 0.011907226844329615 -0.020673191597685218 -0.12605967554335409
leaf_weight=522 303 44 30 97 29 25
leaf_count=522 303 44 30 97 29 25
internal_value=7.92361e-06 0.0122306 0.00368931 0.0354827 -0.0396908 -0.0708681
internal_weight=1050 528 387 141 84 54
internal_count=1050 528 387 141 84 54
is_linear=0
shrinkage=0.03


Tree=104
num_leaves=7
num_cat=0
split_feature=42 25 43 26 28 45
split_gain=168.155 90.6535 167.863 210.986 222.349 201.393
threshold=24.490473747253422 0.90582123527716119 110.50000000000001 42.916666666666671 71.050000000000011 1.658022463321686
decision_type=2 2 2 2 8 2
left_child=1 -1 3 4 -3 -4
right_child=-2 2 5 -5 -6 -7
leaf_value=-0.0018641383387927144 -0.028209066182803014 0.06506854996599 -0.10721811762877873 0.094619960903323128 -0.055769672704717291 0.010581417833956388
leaf_weight=582 160 28 12.999999999999998 48 25 194
leaf_count=582 160 28 13 48 25 194
internal_value=6.87447e-06 0.00510537 0.0182384 0.0497388 0.00809216 0.00270348
internal_weight=1050 890 308 101 53 207
internal_count=1050 890 308 101 53 207
is_linear=0
shrinkage=0.03


Tree=105
num_leaves=7
num_cat=0
split_feature=23 30 30 13 29 29
split_gain=163.831 99.9596 96.6256 162.751 123.249 151.143
threshold=11.037969778318027 14.850000000000003 18.450000000000003 7.2116666666666669 17.650000000000002 18.850000000000005
decision_type=2 8 8 2 10 8
left_child=1 -1 3 -3 -4 -6
right_child=-2 2 4 -5 5 -7
leaf_value=0.10059005807746541 -0.012745773069275629 -0.00018856420236475327 0.017625640336759469 -0.11591663373368127 -0.13340083024718538 0.0037029071571305391
leaf_weight=9.9999999999999982 486 50 460 12.999999999999998 10.000000000000002 21
leaf_count=10 486 50 460 13 10 21
internal_value=6.01763e-06 0.0109974 0.00920185 -0.025507 0.0136981 -0.0433108
internal_weight=1050 564 554 63 491 31
internal_count=1050 564 554 63 491 31
is_linear=0
shrinkage=0.03


Tree=106
num_leaves=7
num_cat=0
split_feature=43 41 45 23 26 43
split_gain=155.786 101.143 201.615 209.402 164.31 151.337
threshold=118.50000000000001 81.86139297485353 1.6755517125129702 9.1417316409991276 37.116666666666674 111.50000000000001
decision_type=2 2 2 2 2 2
left_child=1 4 3 -3 -1 -6
right_child=-2 2 -4 -5 5 -7
leaf_value=0.099160094261169424 -0.010037704039421804 -0.13004925775986448 0.04687855831117739 0.03056507349014282 0.0088275846474183094 -0.045387406644837584
leaf_weight=13.999999999999998 598 12.000000000000002 137 15.999999999999998 215 58
leaf_count=14 598 12 137 16 215 58
internal_value=1.83152e-06 0.0132771 0.0319169 -0.0403805 0.00248716 -0.00281423
internal_weight=1050 452 165 28 287 273
internal_count=1050 452 165 28 287 273
is_linear=0
shrinkage=0.03


Tree=107
num_leaves=7
num_cat=0
split_feature=42 43 24 23 24 42
split_gain=150.465 84.1531 112.837 109.834 151.493 108.537
threshold=24.490473747253422 102.50000000000001 472.63333333333338 7.7807481090219337 495.21666666666675 15.735882282257082
decision_type=2 2 2 2 2 2
left_child=1 2 -1 4 -3 -5
right_child=-2 3 -4 5 -6 -7
leaf_value=-0.0079297462105751039 -0.026688791817482214 -0.10788470090677338 0.092944156635891298 0.020275850511350474 0.034968418641523877 -0.0028451721536275169
leaf_weight=18 160 17.000000000000004 21 272 9.9999999999999982 552
leaf_count=18 160 17 21 272 10 552
internal_value=1.77523e-06 0.00482465 0.0473527 0.00282236 -0.0556169 0.00480234
internal_weight=1050 890 39 851 27 824
internal_count=1050 890 39 851 27 824
is_linear=0
shrinkage=0.03


Tree=108
num_leaves=7
num_cat=0
split_feature=25 23 9 10 25 26
split_gain=142.812 114.549 115.832 168.051 143.731 106.62
threshold=0.90198729791872567 9.7556867723592777 8638.1500000000015 2294.8225916734427 0.89923202226611731 47.183333333333344
decision_type=2 2 2 2 2 2
left_child=1 2 4 -4 -1 -2
right_child=5 -3 3 -5 -6 -7
leaf_value=0.057901117848722559 0.0028263517469647773 -0.017138748771739636 0.10978615522384644 -0.034698283379389482 -0.046288662920705971 0.033227557295172565
leaf_weight=18 387 441 22 9.9999999999999982 31 141
leaf_count=18 387 441 22 10 31 141
internal_value=1.80317e-06 -0.0111148 0.0214913 0.0649515 -0.00762232 0.0109923
internal_weight=1050 522 81 32 49 528
internal_count=1050 522 81 32 49 528
is_linear=0
shrinkage=0.03


Tree=109
num_leaves=7
num_cat=0
split_feature=25 43 26 41 26 23
split_gain=137.018 150.005 194.968 148.367 145.711 207.086
threshold=0.90582123527716119 110.50000000000001 42.916666666666671 78.908435821533217 40.550000000000004 9.736470122651367
decision_type=2 2 2 2 2 2
left_child=-1 2 4 -3 -2 -6
right_child=1 3 -4 -5 5 -7
leaf_value=-0.0069773673091737438 0.054399874167782913 -0.069781211293909851 0.08971260879416855 0.010988859059589524 -0.1127435293793678 0.052917728563770652
leaf_weight=742 27 22 48 185 15.000000000000002 10.999999999999998
leaf_count=742 27 22 48 185 15 11
internal_value=4.76365e-06 0.0167935 0.0465709 0.00211038 0.00656135 -0.043292
internal_weight=1050 308 101 207 53 26
internal_count=1050 308 101 207 53 26
is_linear=0
shrinkage=0.03


Tree=110
num_leaves=7
num_cat=1
split_feature=42 16 16 42 42 7
split_gain=134.462 85.0874 97.2929 78.1103 135.232 131.243
threshold=25.934286117553714 206.41666666666671 206.18333333333337 15.735882282257082 15.761117935180666 0
decision_type=2 2 2 2 2 1
left_child=1 2 3 5 -5 -1
right_child=-2 -3 -4 4 -6 -7
leaf_value=-0.01091776061160811 -0.031541710341511583 0.083029913231730465 -0.082251669615507131 -0.098108866870976405 -0.00031922938014567511 0.029807180276923421
leaf_weight=105 108 10.999999999999998 10.999999999999998 11.999999999999998 607 196
leaf_count=105 108 11 11 12 607 196
internal_value=5.14924e-06 0.0036516 0.00262564 0.00372869 -0.00237017 0.0162372
internal_weight=1050 942 931 920 619 301
internal_count=1050 942 931 920 619 301
cat_boundaries=0 1
cat_threshold=32817
is_linear=0
shrinkage=0.03


Tree=111
num_leaves=7
num_cat=1
split_feature=23 7 29 28 24 20
split_gain=127.892 95.6669 142.921 182.349 130.672 116.22
threshold=11.037969778318027 0 16.950000000000003 67.600000000000009 475.9500000000001 -2.8896551724138306
decision_type=2 1 8 8 2 2
left_child=1 2 4 -4 -1 -3
right_child=-2 5 3 -5 -6 -7
leaf_value=0.071696887301901963 -0.011259404245063134 -0.04024777621603929 -0.058193663808875355 0.0039862632079095371 -0.019161695539951326 0.026042060566801778
leaf_weight=35 486 25 64 122 23 295
leaf_count=35 486 25 64 122 23 295
internal_value=7.23821e-06 0.00971847 -0.00459243 -0.0176058 0.0359527 0.0201269
internal_weight=1050 564 244 186 58 320
internal_count=1050 564 244 186 58 320
cat_boundaries=0 1
cat_threshold=1587
is_linear=0
shrinkage=0.03


Tree=112
num_leaves=7
num_cat=0
split_feature=15 16 16 25 25 19
split_gain=124.098 79.5486 93.8725 84.652 119.147 135.619
threshold=18.750000000000004 206.41666666666671 206.18333333333337 0.90582123527716119 0.90736974987832064 108.88063984877532
decision_type=2 2 2 2 2 2
left_child=1 2 3 -1 5 -5
right_child=-2 -3 -4 4 -6 -7
leaf_value=-0.0026115581205134754 -0.029121577841922257 0.080398463681340224 -0.080717173740267753 0.097625897353695285 0.0057402928408878465 0.015648824927275595
leaf_weight=615 116 10.999999999999998 10.999999999999998 30 222 45
leaf_count=615 116 11 11 30 222 45
internal_value=6.24656e-06 0.00365111 0.00265044 0.00374328 0.0168669 0.0492927
internal_weight=1050 934 923 912 297 75
internal_count=1050 934 923 912 297 75
is_linear=0
shrinkage=0.03


Tree=113
num_leaves=7
num_cat=0
split_feature=42 43 24 41 14 16
split_gain=119.18 80.7982 101.41 100.138 194.897 194.963
threshold=27.294469833374027 102.50000000000001 472.63333333333338 78.065364837646499 22.583333333333339 202.95000000000002
decision_type=2 2 2 2 2 2
left_child=1 2 -1 4 -3 -6
right_child=-2 3 -4 -5 5 -7
leaf_value=-0.0082609903655554116 -0.043830323466714824 -0.056717058728272852 0.087333827722309659 0.0048537184545995888 -0.028431507250180049 0.064301758956696306
leaf_weight=18 52 73 21 804 48 34
leaf_count=18 52 73 21 804 48 34
internal_value=8.54136e-06 0.00233432 0.0441096 0.000591249 -0.021408 0.0103303
internal_weight=1050 998 39 959 155 82
internal_count=1050 998 39 959 155 82
is_linear=0
shrinkage=0.03


Tree=114
num_leaves=7
num_cat=0
split_feature=43 33 14 41 42 41
split_gain=116.618 98.1725 116.447 155.883 298.614 174.147
threshold=118.50000000000001 23.500000000000004 22.650000000000002 78.065364837646499 15.679297447204592 72.241607666015639
decision_type=2 2 2 2 2 2
left_child=1 -1 3 4 5 -3
right_child=-2 2 -4 -5 -6 -7
leaf_value=0.057010399515812216 -0.0086774109111601178 0.069570855796337122 0.028648743502111457 0.013076266862407943 -0.13472822282995497 -0.032253714483832158
leaf_weight=38 598 19 146 168 20 61
leaf_count=38 598 19 146 168 20 61
internal_value=8.83442e-06 0.0114946 0.00718951 -0.004564 -0.0340357 -0.00751004
internal_weight=1050 452 414 268 100 80
internal_count=1050 452 414 268 100 80
is_linear=0
shrinkage=0.03


Tree=115
num_leaves=7
num_cat=0
split_feature=42 16 16 28 42 14
split_gain=111.451 73.3863 90.5345 218.035 130.313 100.585
threshold=24.490473747253422 206.41666666666671 205.8666666666667 76.250000000000014 15.137839794158937 21.150000000000002
decision_type=2 2 2 8 2 2
left_child=1 2 4 5 -1 -4
right_child=-2 -3 3 -5 -6 -7
leaf_value=0.056590637852038654 -0.022962728374122832 0.077852164879441257 0.079245768866755717 -0.14146647499157833 0.0023820038096431556 -0.046481817290186883
leaf_weight=41 160 10.999999999999998 10.000000000000002 11.999999999999998 805 10.999999999999998
leaf_count=41 160 11 10 12 805 11
internal_value=8.3597e-06 0.00415913 0.0031495 -0.0448571 0.00507285 0.0142692
internal_weight=1050 890 879 33 846 21
internal_count=1050 890 879 33 846 21
is_linear=0
shrinkage=0.03


Tree=116
num_leaves=7
num_cat=0
split_feature=25 30 43 30 25 44
split_gain=112.076 144.796 186.956 125.429 124.03 170.788
threshold=0.90582123527716119 22.450000000000003 111.50000000000001 20.450000000000003 0.91064965636062667 2.2353817224502568
decision_type=2 8 2 10 2 2
left_child=-1 2 -2 -4 -3 -6
right_child=1 4 3 -5 5 -7
leaf_value=-0.006306468774602168 0.08822269419881891 0.016784080301466234 -0.024741359129548071 0.063616741019422593 -0.068061917068606079 0.030469372290372849
leaf_weight=742 46 135 38 22 43 24
leaf_count=742 46 135 38 22 43 24
internal_value=8.25618e-06 0.0151922 0.0434088 0.00816839 0.000244556 -0.0328381
internal_weight=1050 308 106 60 202 67
internal_count=1050 308 106 60 202 67
is_linear=0
shrinkage=0.03


Tree=117
num_leaves=7
num_cat=0
split_feature=42 42 19 23 11 8
split_gain=106.463 74.035 133.457 225.033 173.445 149.16
threshold=27.294469833374027 15.735882282257082 101.49354216723376 8.7356450145395339 242622.50000000003 1.0000000180025095e-35
decision_type=2 2 2 2 2 2
left_child=1 2 -1 5 -5 -4
right_child=-2 -3 3 4 -6 -7
leaf_value=0.036352975397654197 -0.041423305795815733 -0.0034316346718671086 -0.11593351012338762 -0.049971260279417035 0.029608263657851651 0.010452679906572613
leaf_weight=137 52 676 22 30 120 12.999999999999998
leaf_count=137 52 676 22 30 120 13
internal_value=1.08624e-05 0.00220906 0.014025 -0.00261636 0.0134668 -0.0700037
internal_weight=1050 998 322 185 150 35
internal_count=1050 998 322 185 150 35
is_linear=0
shrinkage=0.03


Tree=118
num_leaves=7
num_cat=0
split_feature=25 43 26 28 41 26
split_gain=102.964 130.491 171.835 186.412 134.642 239.054
threshold=0.90582123527716119 110.50000000000001 42.916666666666671 71.050000000000011 80.18127822875978 44.783333333333339
decision_type=2 2 2 8 2 2
left_child=-1 2 3 -2 5 -3
right_child=1 4 -4 -5 -6 -7
leaf_value=-0.0060459031395659266 0.05701142370700836 0.0071309207315030298 0.082832587349171538 -0.053621114950913651 0.011666249078537885 -0.15482830531322039
leaf_weight=742 28 22 48 25 173 11.999999999999998
leaf_count=742 28 22 48 25 173 12
internal_value=6.7018e-06 0.0145604 0.0423331 0.00479967 0.000871012 -0.0528216
internal_weight=1050 308 101 53 207 34
internal_count=1050 308 101 53 207 34
is_linear=0
shrinkage=0.03


Tree=119
num_leaves=7
num_cat=0
split_feature=23 30 30 46 43 6
split_gain=98.9158 93.1434 89.4874 184.348 113.871 148.742
threshold=11.037969778318027 14.850000000000003 18.450000000000003 311.61114501953131 115.50000000000001 5.5000000000000009
decision_type=2 8 8 2 2 2
left_child=1 -1 3 4 5 -3
right_child=-2 2 -4 -5 -6 -7
leaf_value=0.095012827894904395 -0.0099035541164531945 0.09305992583433785 0.011146115833047277 -0.12279699137168271 -0.053586163393088748 -0.037960996723600794
leaf_weight=9.9999999999999982 486 17.000000000000004 491 12.999999999999998 20 12.999999999999998
leaf_count=10 486 17 491 13 20 13
internal_value=4.90642e-06 0.00854546 0.0068163 -0.0265757 0.000359123 0.0368911
internal_weight=1050 564 554 63 50 30
internal_count=1050 564 554 63 50 30
is_linear=0
shrinkage=0.03


Tree=120
num_leaves=7
num_cat=0
split_feature=42 16 16 23 42 33
split_gain=97.9286 70.8399 117.279 331.282 123.75 84.3757
threshold=27.294469833374027 206.31666666666669 205.8666666666667 9.0773179270405162 15.137839794158937 29.500000000000004
decision_type=2 2 2 2 2 2
left_child=1 2 4 -4 5 -1
right_child=-2 -3 3 -5 -6 -7
leaf_value=0.084910623100068833 -0.039734596793522245 0.062829617910525368 -0.18817213004285632 0.019842472837159508 0.00054700858245631254 -0.0035990608669817445
leaf_weight=26 52 15.999999999999998 10.000000000000002 18 913 14.999999999999998
leaf_count=26 52 16 10 18 913 15
internal_value=4.04484e-06 0.0021123 0.0010601 -0.0583754 0.00286384 0.0532143
internal_weight=1050 998 982 28 954 41
internal_count=1050 998 982 28 954 41
is_linear=0
shrinkage=0.03


Tree=121
num_leaves=7
num_cat=0
split_feature=25 26 22 26 44 10
split_gain=94.8144 93.7221 206.787 153.991 166.862 142.032
threshold=0.90198729791872567 47.183333333333344 436.15000000000003 44.483333333333341 2.2356827259063725 1725.9346167097003
decision_type=2 2 2 2 2 2
left_child=-1 2 -2 -4 -5 -3
right_child=1 5 3 4 -6 -7
leaf_value=-0.0090557885173321792 0.012867482000483984 0.062927325503314924 0.01417830919065783 -0.1125782196494666 -0.0056468497411064477 0.0025919932994661454
leaf_weight=522 303 63 30 32 22 78
leaf_count=522 303 63 30 32 22 78
internal_value=2.11439e-06 0.00895728 0.00130485 -0.0400639 -0.0699083 0.0298036
internal_weight=1050 528 387 84 54 141
internal_count=1050 528 387 84 54 141
is_linear=0
shrinkage=0.03


Tree=122
num_leaves=7
num_cat=0
split_feature=42 16 16 23 42 9
split_gain=90.9644 66.5259 110.553 312.965 116.747 78.0513
threshold=27.294469833374027 206.31666666666669 205.8666666666667 9.0773179270405162 15.137839794158937 7242.416666666667
decision_type=2 2 2 2 2 2
left_child=1 2 4 -4 5 -1
right_child=-2 -3 3 -5 -6 -7
leaf_value=0.10137237352483412 -0.038298503209678633 0.060872449804754813 -0.18285052250732067 0.019329631156043001 0.00051429697391399385 0.017184543065153636
leaf_weight=15.999999999999998 52 15.999999999999998 10.000000000000002 18 913 25
leaf_count=16 52 16 10 18 913 25
internal_value=1.06006e-06 0.00203297 0.00101333 -0.0566929 0.0027646 0.0516697
internal_weight=1050 998 982 28 954 41
internal_count=1050 998 982 28 954 41
is_linear=0
shrinkage=0.03


Tree=123
num_leaves=7
num_cat=0
split_feature=25 30 43 6 37 43
split_gain=90.3114 131.829 160.662 118.031 168.755 189.124
threshold=0.90582123527716119 22.450000000000003 111.50000000000001 6.5000000000000009 12.500000000000002 120.50000000000001
decision_type=2 8 2 2 2 2
left_child=-1 2 -2 4 5 -3
right_child=1 3 -4 -5 -6 -7
leaf_value=-0.0056681153275381863 0.082097873446789191 -0.084328579084670285 0.0078799990491300338 0.024803919770887917 0.026942090144647018 0.017202799417651616
leaf_weight=742 46 46 60 90 41 25
leaf_count=742 46 46 60 90 41 25
internal_value=4.03767e-07 0.0136305 0.040554 -0.000627813 -0.0211027 -0.0488357
internal_weight=1050 308 106 202 112 71
internal_count=1050 308 106 202 112 71
is_linear=0
shrinkage=0.03


Tree=124
num_leaves=7
num_cat=0
split_feature=45 16 16 25 43 45
split_gain=85.5321 60.9401 79.2003 64.1347 114.718 138.401
threshold=2.886842012405396 206.41666666666671 206.18333333333337 0.90582123527716119 110.50000000000001 1.658022463321686
decision_type=2 2 2 2 2 2
left_child=1 2 3 -1 -5 -6
right_child=-2 -3 -4 4 5 -7
leaf_value=-0.0026370124316006825 -0.028850034093155577 0.069724982678890227 -0.074897607117891313 0.041389245050518136 -0.10208704623309048 0.0073018934237338677
leaf_weight=647 84 10.999999999999998 10.999999999999998 94 9.9999999999999982 193
leaf_count=647 84 11 11 94 10 193
internal_value=2.35932e-06 0.0025385 0.0016925 0.00266328 0.0141798 0.00143926
internal_weight=1050 966 955 944 297 203
internal_count=1050 966 955 944 297 203
is_linear=0
shrinkage=0.03


Tree=125
num_leaves=7
num_cat=0
split_feature=43 41 45 40 26 43
split_gain=81.7211 96.4865 189.369 167.951 132.513 122.512
threshold=118.50000000000001 81.86139297485353 1.6755517125129702 10.500000000000002 37.116666666666674 107.50000000000001
decision_type=2 2 2 2 2 2
left_child=1 4 3 -3 -1 -6
right_child=-2 2 -4 -5 5 -7
leaf_value=0.085913869380950927 -0.0072716527242518226 0.040847022166618924 0.042330785013087416 -0.10321039217359879 0.017458845649735402 -0.023003256507217882
leaf_weight=13.999999999999998 598 12.000000000000002 137 15.999999999999998 117 156
leaf_count=14 598 12 137 16 117 156
internal_value=-2.82087e-07 0.00961462 0.0278198 -0.0421919 -0.000912012 -0.00566193
internal_weight=1050 452 165 28 287 273
internal_count=1050 452 165 28 287 273
is_linear=0
shrinkage=0.03


Tree=126
num_leaves=7
num_cat=0
split_feature=44 30 23 24 25 30
split_gain=79.5599 61.7443 62.2029 171.577 65.8097 100.099
threshold=3.36790943145752 14.850000000000003 7.7807481090219337 497.56666666666678 0.90582123527716119 22.450000000000003
decision_type=2 8 2 2 2 8
left_child=1 -1 3 -3 -4 -6
right_child=-2 2 4 -5 5 -7
leaf_value=0.060397849440341815 -0.035124609955332495 -0.096602794684861812 -0.0029261607300530121 0.049077459648251533 0.039081309070407418 0.0018102601850358061
leaf_weight=14.999999999999998 54 18.000000000000004 660 10.999999999999998 96 196
leaf_count=15 54 18 660 11 96 196
internal_value=1.24116e-06 0.00193897 0.000984514 -0.0415508 0.00232247 0.0141553
internal_weight=1050 996 981 29 952 292
internal_count=1050 996 981 29 952 292
is_linear=0
shrinkage=0.03


Tree=127
num_leaves=7
num_cat=0
split_feature=42 16 16 30 42 33
split_gain=76.1249 60.4912 108.013 158.014 106.321 78.8481
threshold=27.294469833374027 206.31666666666669 205.8666666666667 27.250000000000004 15.137839794158937 29.500000000000004
decision_type=2 2 2 8 2 2
left_child=1 2 4 -4 5 -1
right_child=-2 -3 3 -5 -6 -7
leaf_value=0.079934337271584402 -0.035034909866890812 0.05796771770891021 -0.0013332386707004744 -0.14573120778257195 0.00047193045399296428 -0.0055038157291710374
leaf_weight=26 52 15.999999999999998 18.000000000000004 9.9999999999999982 913 14.999999999999998
leaf_count=26 52 16 18 10 913 15
internal_value=1.65238e-06 0.00186045 0.000888236 -0.0561509 0.00261938 0.0492897
internal_weight=1050 998 982 28 954 41
internal_count=1050 998 982 28 954 41
is_linear=0
shrinkage=0.03


Tree=128
num_leaves=7
num_cat=1
split_feature=23 7 3 25 39 19
split_gain=76.1871 85.823 165.496 183.582 138.514 122.524
threshold=11.037969778318027 0 169.55000000000004 0.91064965636062667 1.2471198156682031 104.28870120412248
decision_type=2 1 2 2 2 2
left_child=1 4 3 5 -1 -3
right_child=-2 2 -4 -5 -6 -7
leaf_value=0.0019019960634700888 -0.0086956900862299926 0.052054886979025758 0.035239152308768382 -0.085529203538013535 -0.068989574443548918 -0.015629163284826535
leaf_weight=217 486 36 194 22 27 68
leaf_count=217 486 36 194 22 27 68
internal_value=1.97484e-07 0.00749559 0.0173779 -0.00881538 -0.00594931 0.00807256
internal_weight=1050 564 320 126 244 104
internal_count=1050 564 320 126 244 104
cat_boundaries=0 1
cat_threshold=1587
is_linear=0
shrinkage=0.03


Tree=129
num_leaves=7
num_cat=0
split_feature=25 30 26 16 33 20
split_gain=72.1164 114.342 155.588 160.133 114.061 210.236
threshold=0.90582123527716119 22.450000000000003 41.616666666666674 204.75000000000003 26.500000000000004 -2.303225806451664
decision_type=2 8 2 2 2 2
left_child=-1 2 -2 -4 5 -3
right_child=1 4 3 -5 -6 -7
leaf_value=-0.0050677817552409994 -0.0013463512369815041 -0.14817606825381516 0.027310334588674937 0.13025342186912892 0.013386515773599967 -0.0076049255488478398
leaf_weight=742 50 10.999999999999998 33 23 143 48
leaf_count=742 50 11 33 23 143 48
internal_value=-2.36742e-06 0.0121776 0.0372521 0.0711339 -0.00109899 -0.0358459
internal_weight=1050 308 106 56 202 59
internal_count=1050 308 106 56 202 59
is_linear=0
shrinkage=0.03


Tree=130
num_leaves=7
num_cat=0
split_feature=42 12 20 16 43 38
split_gain=70.3416 122.873 171.523 137.206 195.955 189.924
threshold=15.735882282257082 -37.397997775306095 -2.152947719688584 204.01666666666668 105.50000000000001 2.5000000000000004
decision_type=2 2 2 2 2 2
left_child=-1 -2 -3 4 -4 -5
right_child=1 2 3 5 -6 -7
leaf_value=0.011652143323293385 0.052331393435597416 -0.10192793116850012 0.10960902277912413 0.023442920637982232 -0.0039029237398532863 -0.090323191760359592
leaf_weight=322 31 15.999999999999998 12.999999999999998 20 612 36
leaf_count=322 31 16 13 20 612 36
internal_value=-2.04628e-06 -0.0051657 -0.00779427 -0.0054364 -0.00137055 -0.049994
internal_weight=1050 728 697 681 625 56
internal_count=1050 728 697 681 625 56
is_linear=0
shrinkage=0.03


Tree=131
num_leaves=7
num_cat=1
split_feature=42 7 43 22 44 9
split_gain=69.5184 62.3248 92.2616 169.103 143.78 92.8252
threshold=27.294469833374027 0 108.50000000000001 408.11666666666673 2.1208810806274419 6641.5500000000011
decision_type=2 1 2 2 2 2
left_child=1 -1 3 -3 -4 -6
right_child=-2 2 4 -5 5 -7
leaf_value=-0.003439597906998756 -0.033483700378323496 -0.05360216422514482 -0.095487174838781358 0.08151550414594444 -0.029774596724052763 0.018363753036052609
leaf_weight=675 52 9.9999999999999982 10.999999999999998 36 42 224
leaf_count=675 52 10 11 36 42 224
internal_value=-1.95981e-06 0.00177435 0.0123717 0.0516266 0.00613558 0.0106799
internal_weight=1050 998 323 46 277 266
internal_count=1050 998 323 46 277 266
cat_boundaries=0 1
cat_threshold=5043
is_linear=0
shrinkage=0.03


Tree=132
num_leaves=7
num_cat=1
split_feature=23 7 3 25 39 29
split_gain=67.6778 80.3492 153.998 171.162 129.854 137.423
threshold=11.037969778318027 0 169.55000000000004 0.91064965636062667 1.2471198156682031 16.650000000000002
decision_type=2 1 2 2 2 8
left_child=1 4 3 -3 5 -1
right_child=-2 2 -4 -5 -6 -7
leaf_value=0.046503931663464754 -0.0082020810195742068 0.0076608729495533873 0.033848770301538302 -0.082719841819742457 -0.066984027028083801 -0.01094196056767383
leaf_weight=47 486 104 194 22 27 170
leaf_count=47 486 104 194 22 27 170
internal_value=-6.19148e-06 0.00705824 0.0166234 -0.00864697 -0.00593898 0.00165648
internal_weight=1050 564 320 126 244 217
internal_count=1050 564 320 126 244 217
cat_boundaries=0 1
cat_threshold=1587
is_linear=0
shrinkage=0.03


Tree=133
num_leaves=7
num_cat=0
split_feature=14 23 24 3 28 19
split_gain=64.8777 61.7305 148.14 70.1786 111.457 90.6206
threshold=30.016666666666669 7.7807481090219337 497.56666666666678 173.15000000000001 49.20000000000001 81.017036907478357
decision_type=2 2 2 2 8 2
left_child=1 2 -1 -3 -5 -6
right_child=-2 3 -4 4 5 -7
leaf_value=-0.087554643435403687 -0.017796122765696493 -0.0029587922466596884 0.046490910537540911 0.094448075830936423 -0.070242943987250325 0.013641192974719468
leaf_weight=19.000000000000004 156 485 10.999999999999998 13.999999999999998 10.999999999999998 354
leaf_count=19 156 485 11 14 11 354
internal_value=-8.31297e-06 0.00311202 -0.0384904 0.00459937 0.0142538 0.0109282
internal_weight=1050 894 30 864 379 365
internal_count=1050 894 30 864 379 365
is_linear=0
shrinkage=0.03


Tree=134
num_leaves=7
num_cat=0
split_feature=25 43 45 26 28 25
split_gain=66.3415 104.359 155.997 151.235 150.76 118.899
threshold=0.90582123527716119 110.50000000000001 1.658022463321686 42.916666666666671 71.050000000000011 0.91064965636062667
decision_type=2 2 2 2 8 2
left_child=-1 3 -3 4 -2 -4
right_child=1 2 5 -5 -6 -7
leaf_value=-0.0048671133453584208 0.048364833367281944 -0.09728939345904758 0.023195124137902978 0.074501823275064924 -0.051121292263269426 -0.026075586405166367
leaf_weight=742 28 12.999999999999998 128 48 25 66
leaf_count=742 28 13 128 48 25 66
internal_value=-8.74794e-06 0.0116734 -0.000562235 0.03651 0.00135975 0.00638516
internal_weight=1050 308 207 101 53 194
internal_count=1050 308 207 101 53 194
is_linear=0
shrinkage=0.03


Tree=135
num_leaves=7
num_cat=0
split_feature=42 15 42 23 4 25
split_gain=63.4293 131.05 115.998 100.214 109.417 106.503
threshold=15.735882282257082 13.383333333333335 15.761117935180666 8.8890023027169622 71.250000000000014 0.90582123527716119
decision_type=2 2 2 2 2 2
left_child=1 -1 -2 4 -4 -5
right_child=2 -3 3 5 -6 -7
leaf_value=-8.8761688887395641e-05 -0.093728542585785571 0.043817085791265635 0.0086186243292499104 -0.012448556500245744 0.097910099239910342 0.018927406267998662
leaf_weight=241 11.999999999999998 81 46 536 15.999999999999998 118
leaf_count=241 12 81 46 536 16 118
internal_value=-9.4356e-06 0.0110573 -0.00491281 -0.00329563 0.03285 -0.0067672
internal_weight=1050 322 728 716 62 654
internal_count=1050 322 728 716 62 654
is_linear=0
shrinkage=0.03


Tree=136
num_leaves=7
num_cat=0
split_feature=44 16 16 23 42 18
split_gain=60.4337 56.2826 101.967 276.785 93.8613 74.8892
threshold=3.36790943145752 206.31666666666669 205.8666666666667 9.0773179270405162 15.137839794158937 2036.6333333333334
decision_type=2 2 2 2 2 2
left_child=1 2 4 -4 -1 -6
right_child=-2 -3 3 -5 5 -7
leaf_value=0.046275861944471079 -0.030621280732479959 0.055800745715113245 -0.17330617140639903 0.016882493880234266 -0.022228247475202963 0.0036667813679564015
leaf_weight=41 54 15.999999999999998 10.000000000000002 18 114 797
leaf_count=41 54 16 10 18 114 797
internal_value=-7.35394e-06 0.00168149 0.000741925 -0.0546759 0.00242752 0.00040553
internal_weight=1050 996 980 28 952 911
internal_count=1050 996 980 28 952 911
is_linear=0
shrinkage=0.03


Tree=137
num_leaves=7
num_cat=0
split_feature=42 15 14 43 45 43
split_gain=58.8939 123.933 113.368 208.173 198.29 202.944
threshold=15.735882282257082 13.383333333333335 22.616666666666671 105.50000000000001 1.7716745734214785 111.50000000000001
decision_type=2 2 2 2 2 2
left_child=1 -1 4 -4 5 -2
right_child=2 -3 3 -5 -6 -7
leaf_value=-0.00018508313400747854 -0.1672840503496783 0.042511396995495727 0.10331099836265339 -0.0030924043452309163 0.027875552594661714 -0.036239929333025091
leaf_weight=241 12.999999999999998 81 15.999999999999998 622 29 48
leaf_count=241 13 81 16 622 29 48
internal_value=-1.00886e-05 0.0106537 -0.00473491 -0.00026648 -0.0360601 -0.0664151
internal_weight=1050 322 728 638 90 61
internal_count=1050 322 728 638 90 61
is_linear=0
shrinkage=0.03


Tree=138
num_leaves=7
num_cat=0
split_feature=25 30 26 16 33 23
split_gain=58.2403 102.781 142.973 155.809 112.655 147.256
threshold=0.90582123527716119 22.550000000000004 41.616666666666674 204.75000000000003 26.500000000000004 9.3842922984478463
decision_type=2 8 2 2 2 2
left_child=-1 2 -2 -4 5 -3
right_child=1 4 3 -5 -6 -7
leaf_value=-0.0045628036067098462 -0.002225556714603534 -0.095995176253111464 0.02446961662173271 0.12524442460387944 0.01257056015189509 0.0011516236702634676
leaf_weight=742 51 22 34 23 142 36
leaf_count=742 51 22 34 23 142 36
internal_value=-1.07309e-05 0.0109349 0.0343722 0.0665914 -0.0018293 -0.0366996
internal_weight=1050 308 108 57 200 58
internal_count=1050 308 108 57 200 58
is_linear=0
shrinkage=0.03


Tree=139
num_leaves=7
num_cat=0
split_feature=42 23 24 42 14 45
split_gain=56.6476 55.2356 138.745 70.1565 132.233 195
threshold=27.294469833374027 7.7807481090219337 497.56666666666678 15.735882282257082 22.616666666666671 1.7716745734214785
decision_type=2 2 2 2 2 2
left_child=1 2 -1 -3 5 -5
right_child=-2 3 -4 4 -6 -7
leaf_value=-0.085300376487895832 -0.03023247365119322 0.014938518626702618 0.044446544349193574 -0.066885381842367961 0.002702434469005705 0.026880808498710395
leaf_weight=19.000000000000004 52 298 10.999999999999998 60 581 29
leaf_count=19 52 298 11 60 581 29
internal_value=-8.67765e-06 0.0015948 -0.0378274 0.00285433 -0.00253468 -0.0363732
internal_weight=1050 998 30 968 670 89
internal_count=1050 998 30 968 670 89
is_linear=0
shrinkage=0.03


Tree=140
num_leaves=7
num_cat=0
split_feature=16 16 43 41 45 3
split_gain=55.9844 66.2404 57.7629 95.0821 159.012 142.998
threshold=206.41666666666671 206.18333333333337 118.50000000000001 83.288928985595717 1.6710984706878664 172.95000000000002
decision_type=2 2 2 2 2 2
left_child=1 2 3 5 -5 -1
right_child=-2 -3 -4 4 -6 -7
leaf_value=-0.018354253394304423 0.064416693001985548 -0.070830916911363603 -0.0059869815146722525 -0.05916899001598358 0.046168033443727365 0.021616160709410907
leaf_weight=173 10.999999999999998 10.999999999999998 596 13.999999999999998 96 149
leaf_count=173 11 11 596 14 96 149
internal_value=-1.10849e-05 -0.000754472 6.34795e-05 0.00840542 0.0323492 0.000151034
internal_weight=1050 1039 1028 432 110 322
internal_count=1050 1039 1028 432 110 322
is_linear=0
shrinkage=0.03


Tree=141
num_leaves=7
num_cat=0
split_feature=30 25 43 26 45 28
split_gain=54.7593 53.3754 95.7512 144.613 143.048 127.589
threshold=14.850000000000003 0.90582123527716119 110.50000000000001 42.916666666666671 1.658022463321686 71.050000000000011
decision_type=8 2 2 2 2 8
left_child=-1 -2 3 5 -4 -3
right_child=1 2 4 -5 -6 -7
leaf_value=0.05339436129612081 -0.0052964554225566653 0.043177125666822705 -0.09472623339721134 0.070519124956763518 0.0045880249204895808 -0.04911440967940367
leaf_weight=15.999999999999998 729 27 12.999999999999998 48 192 25
leaf_count=16 729 27 13 48 192 25
internal_value=-1.13842e-05 -0.000888569 0.00962988 0.0335388 -0.00213922 -0.0012833
internal_weight=1050 1034 305 100 205 52
internal_count=1050 1034 305 100 205 52
is_linear=0
shrinkage=0.03


Tree=142
num_leaves=7
num_cat=0
split_feature=16 16 23 23 39 12
split_gain=54.1049 90.0391 256.053 80.2839 96.1984 94.6226
threshold=206.31666666666669 205.8666666666667 9.0773179270405162 10.58164740071137 0.55600080144259667 -34.449721913237134
decision_type=2 2 2 2 2 2
left_child=1 3 -3 4 -1 -6
right_child=-2 2 -4 -5 5 -7
leaf_value=-0.060215741220642535 0.053075294073890236 -0.16709556975147935 0.015847972733409779 -0.0071227471112646412 0.045113715788020807 0.0066224819050353769
leaf_weight=15.999999999999998 15.999999999999998 10.000000000000002 18 548 67 375
leaf_count=16 16 10 18 548 67 375
internal_value=-1.03993e-05 -0.000882328 -0.0529979 0.000619394 0.00987825 0.0125458
internal_weight=1050 1034 28 1006 458 442
internal_count=1050 1034 28 1006 458 442
is_linear=0
shrinkage=0.03


Tree=143
num_leaves=7
num_cat=1
split_feature=15 7 4 41 41 23
split_gain=51.8104 53.9059 80.1898 79.8397 119.884 187.76
threshold=20.250000000000004 0 53.850000000000001 78.065364837646499 76.268489837646499 9.3914853260624689
decision_type=2 1 2 2 2 2
left_child=1 3 -3 4 -1 -6
right_child=-2 2 -4 -5 5 -7
leaf_value=-0.0019957336408635935 -0.029508684321361427 0.048844284690916534 0.0056793577788011272 0.0016605021480509345 -0.14204234458944376 -0.018625054900698799
leaf_weight=82 50 44 281 544 15.999999999999998 33
leaf_count=82 50 44 281 544 16 33
internal_value=-1.33351e-05 0.00148944 0.0113082 -0.00336537 -0.0243456 -0.0609594
internal_weight=1050 1000 325 675 131 49
internal_count=1050 1000 325 675 131 49
cat_boundaries=0 1
cat_threshold=5043
is_linear=0
shrinkage=0.03


Tree=144
num_leaves=7
num_cat=0
split_feature=16 16 28 42 33 45
split_gain=51.347 84.9386 153.794 91.2203 76.4418 67.0118
threshold=206.31666666666669 205.8666666666667 50.750000000000007 15.137839794158937 29.500000000000004 1.6755517125129702
decision_type=2 2 10 2 2 2
left_child=1 3 -3 4 -1 -5
right_child=-2 2 -4 5 -6 -7
leaf_value=0.074062252574496792 0.051698222300585579 -0.13986163323575795 0.0023914159834384917 -0.038820847549089571 -0.0098129468411207194 0.00037308658666421001
leaf_weight=26 15.999999999999998 10.000000000000002 18 40 14.999999999999998 925
leaf_count=26 16 10 18 40 15 925
internal_value=-1.68165e-05 -0.000866226 -0.0514842 0.000592351 0.0438732 -0.00129004
internal_weight=1050 1034 28 1006 41 965
internal_count=1050 1034 28 1006 41 965
is_linear=0
shrinkage=0.03


Tree=145
num_leaves=7
num_cat=0
split_feature=25 26 26 10 45 20
split_gain=50.5212 77.8323 208.593 110.417 110.22 143.084
threshold=0.90198729791872567 46.916666666666679 46.650000000000006 1725.9346167097003 1.7291585206985476 -3.0283648498332014
decision_type=2 2 2 2 2 2
left_child=-1 2 4 -3 5 -2
right_child=1 3 -4 -5 -6 -7
leaf_value=-0.0066299200405693483 -0.092441197100438577 0.053466579906308827 -0.11879185025508587 0.0015328088838113358 0.017919562487513759 -0.0047748000190282859
leaf_weight=522 18 66 11.999999999999998 82 207 143
leaf_count=522 18 66 12 82 207 143
internal_value=-1.8024e-05 0.00651891 -0.000684984 0.0248959 0.00347782 -0.0150861
internal_weight=1050 528 380 148 368 161
internal_count=1050 528 380 148 368 161
is_linear=0
shrinkage=0.03


Tree=146
num_leaves=7
num_cat=1
split_feature=16 16 23 42 9 2
split_gain=48.9043 79.0799 236.281 86.0244 69.9584 102.959
threshold=206.31666666666669 205.8666666666667 9.0773179270405162 15.137839794158937 7242.416666666667 0
decision_type=2 2 2 2 2 1
left_child=1 3 -3 4 -1 -6
right_child=-2 2 -4 -5 5 -7
leaf_value=0.089580180855358349 0.05044816842850517 -0.15930563758720045 0.01638426543850648 -0.0012712946908159098 -0.046638782066958283 0.070671250269963182
leaf_weight=15.999999999999998 15.999999999999998 10.000000000000002 18 965 13 12
leaf_count=16 16 10 18 965 13 12
internal_value=-2.17568e-05 -0.00085071 -0.0496918 0.000556679 0.0425868 0.0102224
internal_weight=1050 1034 28 1006 41 25
internal_count=1050 1034 28 1006 41 25
cat_boundaries=0 1
cat_threshold=2
is_linear=0
shrinkage=0.03


Tree=147
num_leaves=7
num_cat=0
split_feature=30 23 22 23 45 45
split_gain=49.9197 49.876 117.568 61.922 217.861 155.742
threshold=14.850000000000003 7.7807481090219337 446.26666666666671 8.6452761105937466 1.6926447749137881 1.7193242907524111
decision_type=8 2 2 2 2 2
left_child=-1 2 -2 4 -3 -6
right_child=1 3 -4 -5 5 -7
leaf_value=0.050970649833188331 -0.087711634760101617 -0.063236111402511591 0.031504268439916459 -0.0017541190008896234 0.14825354796189527 0.027700778682057451
leaf_weight=15.999999999999998 17.000000000000004 17 11.999999999999998 936 11.999999999999998 40
leaf_count=16 17 17 12 936 12 40
internal_value=-2.0537e-05 -0.000858054 -0.0389751 0.000279492 0.0274968 0.057793
internal_weight=1050 1034 29 1005 69 52
internal_count=1050 1034 29 1005 69 52
is_linear=0
shrinkage=0.03


Tree=148
num_leaves=7
num_cat=1
split_feature=44 7 1 3 12 40
split_gain=48.0686 51.4005 78.8005 105.158 103.807 106.905
threshold=3.36790943145752 0 20.500000000000004 173.65000000000001 -5.9914349276976742 10.500000000000002
decision_type=2 1 2 2 2 2
left_child=1 -1 -3 -4 5 -5
right_child=-2 2 3 4 -6 -7
leaf_value=-0.003264850621860976 -0.02731990008327094 0.028626023143246446 -0.021477482684287959 -0.018354490674459017 -0.0098236235456817325 0.085774636638741339
leaf_weight=672 54 137 103 11.999999999999998 42 30
leaf_count=672 54 137 103 12 42 30
internal_value=-1.69029e-05 0.0014893 0.0110887 -0.00125356 0.0235058 0.0562885
internal_weight=1050 996 324 187 84 42
internal_count=1050 996 324 187 84 42
cat_boundaries=0 1
cat_threshold=5043
is_linear=0
shrinkage=0.03


Tree=149
num_leaves=7
num_cat=0
split_feature=30 16 16 23 12 6
split_gain=46.9664 47.9293 87.7186 202.494 70.4116 134.713
threshold=14.850000000000003 206.31666666666669 205.8666666666667 9.0773179270405162 -31.668075639599692 3.5000000000000004
decision_type=8 2 2 2 2 2
left_child=-1 2 4 -4 5 -2
right_child=1 -3 3 -5 -6 -7
leaf_value=0.049443490452626172 -0.029365131921695136 0.049130445841480706 -0.15435124848376616 0.010285314768552781 -0.0029721603807164516 0.044023775241591713
leaf_weight=15.999999999999998 31 15.999999999999998 10.000000000000002 17 884 76
leaf_count=16 31 16 10 17 884 76
internal_value=-1.63526e-05 -0.000828721 -0.00166138 -0.054026 -0.000181669 0.0226865
internal_weight=1050 1034 1018 27 991 107
internal_count=1050 1034 1018 27 991 107
is_linear=0
shrinkage=0.03


Tree=150
num_leaves=7
num_cat=0
split_feature=23 41 23 43 26 45
split_gain=46.363 71.3234 145.649 131.927 125.038 137.245
threshold=11.037969778318027 84.136631011962905 7.8377021730679735 120.50000000000001 39.933333333333344 1.7234635353088381
decision_type=2 2 2 2 2 2
left_child=1 4 -3 -4 -1 -6
right_child=-2 2 3 -5 5 -7
leaf_value=0.04329092029249295 -0.0068003890459766613 -0.085817180424928668 0.051117345170932818 0.0004085903999706109 -0.033073373182366292 0.0069514368249842867
leaf_weight=47 486 9.9999999999999982 95 89 125 198
leaf_count=47 486 10 95 89 125 198
internal_value=-1.68269e-05 0.00583027 0.0205131 0.0267245 -0.00190282 -0.00859231
internal_weight=1050 564 194 184 370 323
internal_count=1050 564 194 184 370 323
is_linear=0
shrinkage=0.03


Tree=151
num_leaves=7
num_cat=0
split_feature=42 14 43 41 26 23
split_gain=45.9157 110.864 187.499 183.822 139.907 127.425
threshold=15.735882282257082 22.616666666666671 105.50000000000001 78.455211639404311 43.850000000000009 9.4736476603111814
decision_type=2 2 2 2 2 2
left_child=-1 3 -3 -2 -5 -6
right_child=1 2 -4 4 5 -7
leaf_value=0.0093987981975655263 -0.11070519740439273 0.098528156245456022 -0.0024535297848391506 0.054242452489478246 0.030149400619899524 -0.071065614709959299
leaf_weight=322 21 15.999999999999998 622 20 15.999999999999998 33
leaf_count=322 21 16 622 20 16 33
internal_value=-1.70052e-05 -0.00418887 0.000229154 -0.0351661 -0.0109229 -0.0380738
internal_weight=1050 728 638 90 69 49
internal_count=1050 728 638 90 69 49
is_linear=0
shrinkage=0.03


Tree=152
num_leaves=7
num_cat=0
split_feature=25 43 45 41 22 26
split_gain=44.8297 92.3774 126.479 123.65 183.108 121.002
threshold=0.90582123527716119 110.50000000000001 1.658022463321686 80.18127822875978 446.61666666666673 42.983333333333341
decision_type=2 2 2 2 2 2
left_child=-1 5 -3 4 -4 -2
right_child=1 2 3 -5 -6 -7
leaf_value=-0.0040100013992428272 0.0021086764572696252 -0.089009165167808532 0.0032554253403629567 0.014651022394949739 -0.14897286480123345 0.067612659255973998
leaf_weight=742 54 12.999999999999998 20.000000000000004 164 9.9999999999999982 47
leaf_count=742 54 13 20 164 10 47
internal_value=-1.62639e-05 0.00958685 -0.0019185 0.00434401 -0.0506561 0.0329548
internal_weight=1050 308 207 194 30 101
internal_count=1050 308 207 194 30 101
is_linear=0
shrinkage=0.03


Tree=153
num_leaves=7
num_cat=1
split_feature=7 43 22 44 41 45
split_gain=44.6012 75.7104 146.92 120.12 94.1436 207.007
threshold=0 108.50000000000001 408.11666666666673 2.1208810806274419 79.959499359130874 1.7428458929061892
decision_type=1 2 2 2 2 2
left_child=-1 2 -2 -3 5 -5
right_child=1 3 -4 4 -6 -7
leaf_value=-0.0043255683188969619 -0.053562153794548727 -0.089678503870964058 0.072220329271780473 -0.13976169519126413 0.01413849312558605 0.0081396164093166593
leaf_weight=706 9.9999999999999982 10.999999999999998 36 10.999999999999998 247 29
leaf_count=706 10 11 36 11 247 29
internal_value=-2.01823e-05 0.00867668 0.0443185 0.00333529 0.00719929 -0.03495
internal_weight=1050 344 46 298 287 40
internal_count=1050 344 46 298 287 40
cat_boundaries=0 1
cat_threshold=5043
is_linear=0
shrinkage=0.03


Tree=154
num_leaves=7
num_cat=0
split_feature=42 23 24 23 45 45
split_gain=44.2483 46.964 118.414 56.7409 208.019 137.306
threshold=27.294469833374027 7.7807481090219337 497.56666666666678 8.6452761105937466 1.6926447749137881 1.7193242907524111
decision_type=2 2 2 2 2 2
left_child=1 2 -1 4 -3 -6
right_child=-2 3 -4 -5 5 -7
leaf_value=-0.07881646585464476 -0.02673828378600894 -0.060532678167025247 0.041048183403909207 0.00051051137384231329 0.14274429834806002 0.029718692304034316
leaf_weight=19.000000000000004 52 17 10.999999999999998 898 11.999999999999998 41
leaf_count=19 52 17 11 898 12 41
internal_value=-2.63156e-05 0.00139086 -0.0349597 0.00255235 0.02837 0.0574789
internal_weight=1050 998 30 968 70 53
internal_count=1050 998 30 968 70 53
is_linear=0
shrinkage=0.03


Tree=155
num_leaves=7
num_cat=1
split_feature=30 43 41 5 14 15
split_gain=43.4579 44.0888 82.1096 159.711 153.154 158.926
threshold=14.850000000000003 101.50000000000001 78.065364837646499 0 22.583333333333339 13.950000000000001
decision_type=8 2 2 1 2 2
left_child=-1 -2 3 4 -3 -6
right_child=1 2 -4 -5 5 -7
leaf_value=0.047552461663589757 0.032792419760542757 -0.062749177209892593 0.0017967035953695819 0.060305811943192227 0.042624779067732196 -0.047223012632526019
leaf_weight=15.999999999999998 33 72 842 18 36 33
leaf_count=16 33 72 842 18 36 33
internal_value=-2.41578e-05 -0.000805586 -0.00194483 -0.0216459 -0.0324588 -0.000406651
internal_weight=1050 1034 1001 159 141 69
internal_count=1050 1034 1001 159 141 69
cat_boundaries=0 1
cat_threshold=2
is_linear=0
shrinkage=0.03


Tree=156
num_leaves=7
num_cat=0
split_feature=16 16 23 42 33 44
split_gain=44.8652 66.5306 206.675 79.659 68.7979 60.7083
threshold=206.31666666666669 205.8666666666667 9.0773179270405162 15.137839794158937 29.500000000000004 2.1208810806274419
decision_type=2 2 2 2 2 2
left_child=1 3 -3 4 -1 -5
right_child=-2 2 -4 5 -6 -7
leaf_value=0.069564027256435818 0.048319549052154312 -0.14813808775760903 0.016143253335827275 -0.063300458959170747 -0.0099718068167567245 -0.00037091697810035965
leaf_weight=26 15.999999999999998 10.000000000000002 18 12.999999999999998 14.999999999999998 952
leaf_count=26 16 10 18 13 15 952
internal_value=-2.12895e-05 -0.000815273 -0.0456137 0.00047566 0.0409209 -0.00128332
internal_weight=1050 1034 28 1006 41 965
internal_count=1050 1034 28 1006 41 965
is_linear=0
shrinkage=0.03


Tree=157
num_leaves=7
num_cat=0
split_feature=42 15 16 43 15 30
split_gain=43.8465 113.193 108.117 167.704 134.63 104.864
threshold=15.735882282257082 13.383333333333335 204.01666666666668 105.50000000000001 13.483333333333336 29.450000000000003
decision_type=2 2 2 2 2 8
left_child=1 -1 3 -2 -4 -3
right_child=2 5 4 -5 -6 -7
leaf_value=-0.0011763795114253179 0.092502807519015143 0.015540842118539981 -0.0052088990692908945 -0.002946995835054594 -0.093949917572048985 0.08810757991340426
leaf_weight=241 15.999999999999998 55 38 649 25 26
leaf_count=241 16 55 38 649 25 26
internal_value=-2.31556e-05 0.00917804 -0.00409992 -0.000515014 -0.0413413 0.0396243
internal_weight=1050 322 728 665 63 81
internal_count=1050 322 728 665 63 81
is_linear=0
shrinkage=0.03


Tree=158
num_leaves=7
num_cat=0
split_feature=16 16 28 42 9 33
split_gain=42.4386 62.8787 138.859 74.9501 65.6802 94.3664
threshold=206.31666666666669 205.8666666666667 50.750000000000007 15.137839794158937 7242.416666666667 28.500000000000004
decision_type=2 2 10 2 2 2
left_child=1 3 -3 4 -1 -6
right_child=-2 2 -4 -5 5 -7
leaf_value=0.085217406749725333 0.046995564295965082 -0.12833404313434249 0.006616343499014252 -0.0012432248356923105 0.054613755047321307 -0.059576533165845005
leaf_weight=15.999999999999998 15.999999999999998 10.000000000000002 18 965 15.000000000000002 9.9999999999999982
leaf_count=16 16 10 18 965 15 10
internal_value=-1.98101e-05 -0.000792024 -0.0443436 0.000462978 0.0396946 0.00840301
internal_weight=1050 1034 28 1006 41 25
internal_count=1050 1034 28 1006 41 25
is_linear=0
shrinkage=0.03


Tree=159
num_leaves=7
num_cat=0
split_feature=25 30 43 30 10 41
split_gain=42.1242 83.9394 120.402 102.883 81.0422 78.25
threshold=0.90582123527716119 22.450000000000003 111.50000000000001 20.450000000000003 1836.0235867919957 78.065364837646499
decision_type=2 8 2 10 2 2
left_child=5 2 4 -4 -2 -1
right_child=1 -3 3 -5 -6 -7
leaf_value=-0.027626338541925512 0.097823017768818757 -0.0020802627988343167 -0.027155187175824089 0.052847931799681287 0.015763361532437174 0.00010270470543965562
leaf_weight=106 28 202 38 22 18 636
leaf_count=106 28 202 38 22 18 636
internal_value=-1.90934e-05 0.00928974 0.030774 0.00256476 0.0667313 -0.00389044
internal_weight=1050 308 106 60 46 742
internal_count=1050 308 106 60 46 742
is_linear=0
shrinkage=0.03


Tree=160
num_leaves=7
num_cat=1
split_feature=7 3 12 11 10 18
split_gain=41.9039 70.4012 123.25 88.6369 163.896 110.619
threshold=0 173.15000000000001 3.1592880978864302 199246.50000000003 1632.8645799660469 2099.4000000000005
decision_type=1 2 2 2 2 2
left_child=-1 3 -3 -2 -5 -6
right_child=1 2 -4 4 5 -7
leaf_value=-0.0041886368859997683 -0.056742633926868437 0.050198478016715779 -0.0017163226457143372 0.089275892376899715 -0.086900485115391862 0.0019751136270113375
leaf_weight=706 24 77 87 17 12.999999999999998 126
leaf_count=706 24 77 87 17 13 126
internal_value=-1.539e-05 0.0084143 0.0228148 -0.00429485 0.00408407 -0.00689834
internal_weight=1050 344 164 180 156 139
internal_count=1050 344 164 180 156 139
cat_boundaries=0 1
cat_threshold=5043
is_linear=0
shrinkage=0.03


Tree=161
num_leaves=7
num_cat=1
split_feature=23 24 42 7 30 42
split_gain=42.3011 108.832 66.2529 152.608 138.739 167.531
threshold=7.7807481090219337 497.56666666666678 15.735882282257082 0 24.450000000000003 15.617525577545168
decision_type=2 2 2 1 10 2
left_child=1 -1 3 -2 5 -5
right_child=2 -3 -4 4 -6 -7
leaf_value=-0.076567891627550108 -0.011113374126143754 0.038383939713239668 -0.0038812327866635235 0.031129715751889532 -0.022642782032489775 0.12225329819050702
leaf_weight=19.000000000000004 133 10.999999999999998 722 112 32 21
leaf_count=19 133 11 722 112 32 21
internal_value=-1.6355e-05 -0.0345403 0.00103189 0.0129087 0.0310228 0.0463226
internal_weight=1050 30 1020 298 165 133
internal_count=1050 30 1020 298 165 133
cat_boundaries=0 1
cat_threshold=18489
is_linear=0
shrinkage=0.03


Tree=162
num_leaves=7
num_cat=0
split_feature=33 20 3 23 24 23
split_gain=41.8434 68.8723 62.7504 49.5122 79.0948 68.3447
threshold=23.500000000000004 1.0000000180025095e-35 170.85000000000005 7.7807481090219337 497.56666666666678 8.6452761105937466
decision_type=2 2 2 2 2 2
left_child=1 2 -1 4 -2 -5
right_child=3 -3 -4 5 -6 -7
leaf_value=0.0067645580172538732 -0.074385705359280102 -0.00044229210753526005 0.091969070235888156 0.028369348753955873 0.026837416941469364 -0.0028612627883795949
leaf_weight=14.000000000000002 19.000000000000004 55 17 67 9.9999999999999982 868
leaf_count=14 19 55 17 67 10 868
internal_value=-1.68229e-05 0.0199097 0.0549035 -0.00181329 -0.0397501 -0.000595429
internal_weight=1050 86 31 964 29 935
internal_count=1050 86 31 964 29 935
is_linear=0
shrinkage=0.03


Tree=163
num_leaves=7
num_cat=1
split_feature=44 7 41 23 41 18
split_gain=40.7929 42.4936 68.1407 106.1 158.623 105.633
threshold=3.36790943145752 0 78.065364837646499 9.3842922984478463 76.268489837646499 2109.8000000000006
decision_type=2 1 2 2 2 2
left_child=1 2 3 4 5 -1
right_child=-2 -3 -4 -5 -6 -7
leaf_value=0.053818705100566133 -0.025166093888607889 0.010101297771599866 0.0017186390875171347 -0.0039009948692970225 -0.13243960582158143 -0.065701689004898076
leaf_weight=11.000000000000002 54 324 541 90 15.999999999999998 13.999999999999998
leaf_count=11 54 324 541 90 16 14
internal_value=-1.41415e-05 0.00137339 -0.00294973 -0.0223194 -0.0616946 -0.0130654
internal_weight=1050 996 672 131 41 25
internal_count=1050 996 672 131 41 25
cat_boundaries=0 1
cat_threshold=5043
is_linear=0
shrinkage=0.03


Tree=164
num_leaves=7
num_cat=0
split_feature=16 16 23 42 18 19
split_gain=40.5185 59.1271 191.421 67.0807 60.7482 156.692
threshold=206.31666666666669 205.8666666666667 9.0773179270405162 15.137839794158937 2036.6333333333334 98.491261974274806
decision_type=2 2 2 2 2 2
left_child=1 3 -3 -1 -5 -6
right_child=-2 2 -4 4 5 -7
leaf_value=0.037561972865036555 0.045924002966460063 -0.14167899628254496 0.016389535026330695 -0.021632809351350223 0.053678625654809332 -0.0015795475066521763
leaf_weight=41 15.999999999999998 10.000000000000002 18 114 48 803
leaf_count=41 16 10 18 114 48 803
internal_value=-1.54458e-05 -0.000769992 -0.0430023 0.000446997 -0.00116716 0.00159659
internal_weight=1050 1034 28 1006 965 851
internal_count=1050 1034 28 1006 965 851
is_linear=0
shrinkage=0.03


Tree=165
num_leaves=7
num_cat=0
split_feature=30 15 23 24 23 45
split_gain=39.5635 40.5518 54.4344 128.005 73.321 123.611
threshold=14.850000000000003 12.550000000000002 7.7807481090219337 497.56666666666678 8.6452761105937466 1.6926447749137881
decision_type=8 2 2 2 2 2
left_child=-1 -2 3 -3 5 -4
right_child=1 2 4 -5 -6 -7
leaf_value=0.045379534587264056 0.051891988212099442 -0.091515541275342296 -0.041497622377732225 0.035908278897404673 -0.0024674457241894081 0.051830708795701556
leaf_weight=15.999999999999998 11.999999999999998 17.000000000000004 15.999999999999998 10.999999999999998 926 52
leaf_count=16 12 17 16 11 926 52
internal_value=-1.53061e-05 -0.000760907 -0.00142926 -0.0419442 -0.000246989 0.0295879
internal_weight=1050 1034 1022 28 994 68
internal_count=1050 1034 1022 28 994 68
is_linear=0
shrinkage=0.03


Tree=166
num_leaves=7
num_cat=0
split_feature=33 43 36 14 23 22
split_gain=38.891 84.2087 59.3386 45.3325 61.4034 80.5672
threshold=23.500000000000004 120.50000000000001 3.5000000000000004 20.883333333333336 7.7807481090219337 446.26666666666671
decision_type=2 2 2 2 2 2
left_child=1 2 -1 -2 5 -5
right_child=3 -3 -4 4 -6 -7
leaf_value=0.087533467054367056 0.051849457472562789 -0.0084962577832506051 0.014491475847634402 -0.087310460442129284 -0.0012040678452236288 0.015656017288565638
leaf_weight=19 12.999999999999998 46 21 16.000000000000004 924 10.999999999999998
leaf_count=19 13 46 21 16 924 11
internal_value=-1.34332e-05 0.0191972 0.0504752 -0.00174536 -0.00253169 -0.0463002
internal_weight=1050 86 40 964 951 27
internal_count=1050 86 40 964 951 27
is_linear=0
shrinkage=0.03


Tree=167
num_leaves=7
num_cat=1
split_feature=15 7 1 43 30 30
split_gain=38.5242 40.1223 65.2676 112.55 93.6956 242.106
threshold=20.250000000000004 0 20.500000000000004 125.50000000000001 25.950000000000003 21.250000000000004
decision_type=2 1 2 2 8 10
left_child=1 2 3 4 5 -1
right_child=-2 -3 -4 -5 -6 -7
leaf_value=0.088887518172744998 -0.025444805236423715 -0.0022511423909056826 -0.0014995506976185173 -0.0028143344243180073 0.10514817548834759 -0.067653783440589893
leaf_weight=21 50 747 144 52 22 13.999999999999998
leaf_count=21 50 747 144 52 22 14
internal_value=-1.09599e-05 0.00128488 0.0113353 0.0291815 0.057916 0.0261311
internal_weight=1050 1000 253 109 57 35
internal_count=1050 1000 253 109 57 35
cat_boundaries=0 1
cat_threshold=44100
is_linear=0
shrinkage=0.03


Tree=168
num_leaves=7
num_cat=0
split_feature=25 18 3 12 42 42
split_gain=37.0433 85.8379 107.754 163.312 64.0464 141.58
threshold=0.90198729791872567 2047.5833333333335 171.75000000000003 1.0000000180025095e-35 15.796253681182863 15.691343307495119
decision_type=2 2 2 2 2 2
left_child=1 2 3 -1 5 -3
right_child=-2 4 -4 -5 -6 -7
leaf_value=-0.15487421074083868 0.0055888920547070937 0.0022473286894651558 0.00010517717897891998 -0.0092630212604999547 -0.0052518886392245419 0.12051091849803923
leaf_weight=13.000000000000002 528 38 29 13.999999999999998 417 10.999999999999998
leaf_count=13 528 38 29 14 417 11
internal_value=-8.58008e-06 -0.00567025 -0.0404216 -0.0823994 -0.00141652 0.0306755
internal_weight=1050 522 56 27 466 49
internal_count=1050 522 56 27 466 49
is_linear=0
shrinkage=0.03


Tree=169
num_leaves=7
num_cat=0
split_feature=16 23 19 23 10 25
split_gain=37.0007 47.9332 55.245 52.3412 153.633 100.477
threshold=206.41666666666671 7.7807481090219337 102.47442882764459 8.6452761105937466 1940.9919673817249 0.90864828397357156
decision_type=2 2 2 2 2 2
left_child=1 2 -1 4 5 -3
right_child=-2 3 -4 -5 -6 -7
leaf_value=0.0098716684946647017 0.052367975562810892 0.078380962437704982 -0.073466934592408287 -0.0013961339508966322 -0.037152277445420621 -0.026313487074591895
leaf_weight=12.000000000000002 10.999999999999998 37 15.999999999999998 941 23 9.9999999999999982
leaf_count=12 11 37 16 941 23 10
internal_value=-9.49107e-06 -0.000613837 -0.0386416 0.000476497 0.0253151 0.0560214
internal_weight=1050 1039 28 1011 70 47
internal_count=1050 1039 28 1011 70 47
is_linear=0
shrinkage=0.03


Tree=170
num_leaves=7
num_cat=0
split_feature=33 43 36 30 23 43
split_gain=36.727 78.2785 55.8491 41.7784 119.612 53.4835
threshold=23.500000000000004 120.50000000000001 3.5000000000000004 29.450000000000003 9.9265404446662711 101.50000000000001
decision_type=2 2 2 10 2 2
left_child=1 2 -1 5 -5 -2
right_child=3 -3 -4 4 -6 -7
leaf_value=0.084766030222177505 0.035128578934818508 -0.008043900774197376 0.013914122838865627 0.10311204185279516 -0.0074036698123174059 -0.00434664079751273
leaf_weight=19 31 46 21 11.999999999999998 27 894
leaf_count=19 31 46 21 12 27 894
internal_value=-9.14104e-06 0.0186594 0.0488154 -0.0016922 0.0283288 -0.00298718
internal_weight=1050 86 40 964 39 925
internal_count=1050 86 40 964 39 925
is_linear=0
shrinkage=0.03


Tree=171
num_leaves=7
num_cat=1
split_feature=15 44 22 44 19 7
split_gain=36.0547 51.9832 80.7865 70.6692 120.478 73.2136
threshold=12.550000000000002 2.1159207820892338 431.88333333333338 2.145043253898621 107.40419721378031 0
decision_type=2 2 2 2 2 1
left_child=-1 2 -2 4 -3 -5
right_child=1 3 -4 5 -6 -7
leaf_value=0.049648606739938254 0.0093251490657744185 0.085596223778050873 -0.069889627546072003 0.013358827197211392 -0.012121100710785907 -0.0056613837831073497
leaf_weight=11.999999999999998 22 22 23 232 22 717
leaf_count=12 22 22 23 232 22 717
internal_value=-2.66917e-06 -0.000623905 -0.0318016 0.000819553 0.037554 -0.00092136
internal_weight=1050 1038 45 993 44 949
internal_count=1050 1038 45 993 44 949
cat_boundaries=0 1
cat_threshold=43021
is_linear=0
shrinkage=0.03


Tree=172
num_leaves=7
num_cat=0
split_feature=30 29 10 26 33 43
split_gain=35.838 38.8745 65.255 50.0596 45.8743 100.53
threshold=14.850000000000003 17.850000000000005 1583.4897411247032 36.81666666666667 23.500000000000004 120.50000000000001
decision_type=8 10 2 2 2 2
left_child=-1 3 -3 -2 5 -5
right_child=1 2 -4 4 -6 -7
leaf_value=0.043206288367509837 0.051835637811352225 -0.073642653402160196 -0.0053031371064484112 0.058751291334629058 -0.0020623861122360701 -0.0093783448186031595
leaf_weight=15.999999999999998 15.999999999999998 15.999999999999998 49 35 876 42
leaf_count=16 16 16 49 35 876 42
internal_value=1.61353e-06 -0.00070803 -0.0229861 0.000808527 -0.000101609 0.0219459
internal_weight=1050 1034 65 969 953 77
internal_count=1050 1034 65 969 953 77
is_linear=0
shrinkage=0.03


Tree=173
num_leaves=7
num_cat=1
split_feature=15 7 3 12 9 1
split_gain=35.0271 36.6751 77.8538 132.226 108.355 94.8314
threshold=20.250000000000004 0 172.95000000000002 -5.9914349276976742 6679.5500000000002 18.500000000000004
decision_type=2 1 2 2 2 2
left_child=1 2 4 -4 -1 -6
right_child=-2 -3 3 -5 5 -7
leaf_value=-0.069534359201788895 -0.024248622629572364 -0.0021419634853826349 0.062885544879023314 0.001273183094689975 0.069369202405214311 -0.006011468986724759
leaf_weight=19 50 747 54 73 17 90
leaf_count=19 50 747 54 73 17 90
internal_value=3.37509e-06 0.00123899 0.0108479 0.0277572 -0.00542587 0.00649631
internal_weight=1050 1000 253 127 126 107
internal_count=1050 1000 253 127 126 107
cat_boundaries=0 1
cat_threshold=44100
is_linear=0
shrinkage=0.03


Tree=174
num_leaves=7
num_cat=0
split_feature=19 10 4 18 18 19
split_gain=34.7354 132.266 94.1088 65.5683 48.9882 62.0476
threshold=83.183364206453135 974.6061265840201 62.050000000000004 1990.7 1999.3833333333334 101.49354216723376
decision_type=2 2 2 2 2 2
left_child=1 -1 -3 -2 -5 -6
right_child=3 2 -4 4 5 -7
leaf_value=0.0370307947229594 0.065504662916064257 -0.13844618175517426 -0.010182600373571568 -0.060122561752796171 0.017655637270347638 -0.0024910687566549261
leaf_weight=14.999999999999998 12.999999999999998 10.000000000000002 9.9999999999999982 10.999999999999998 164 827
leaf_count=15 13 10 10 11 164 827
internal_value=3.5641e-06 -0.0289562 -0.0778532 0.00102969 0.000128718 0.000857435
internal_weight=1050 35 20 1015 1002 991
internal_count=1050 35 20 1015 1002 991
is_linear=0
shrinkage=0.03


Tree=175
num_leaves=7
num_cat=0
split_feature=30 23 3 28 23 14
split_gain=34.1694 113.032 47.3922 77.9033 73.1329 83.8161
threshold=29.450000000000003 9.9265404446662711 173.15000000000001 49.20000000000001 7.7807481090219337 21.383333333333336
decision_type=10 2 2 8 2 2
left_child=2 -2 -1 -4 -5 -6
right_child=1 -3 3 4 5 -7
leaf_value=-0.0069882350074555221 0.10003516797836011 -0.0062284076437354088 0.069083338800598595 -0.063867801502346985 0.05698139264558752 0.0023616017121415203
leaf_weight=554 11.999999999999998 29 15.999999999999998 12.999999999999998 26 400
leaf_count=554 12 29 16 13 26 400
internal_value=8.58184e-07 0.0265144 -0.00110169 0.00606528 0.00361671 0.00582084
internal_weight=1050 41 1009 455 439 426
internal_count=1050 41 1009 455 439 426
is_linear=0
shrinkage=0.03


Tree=176
num_leaves=7
num_cat=0
split_feature=25 43 45 41 22 26
split_gain=33.4535 74.3798 108.662 108.834 137.102 97.0221
threshold=0.90582123527716119 110.50000000000001 1.658022463321686 79.959499359130874 437.18333333333339 42.983333333333341
decision_type=2 2 2 2 2 2
left_child=-1 5 -3 4 -4 -2
right_child=1 2 3 -5 -6 -7
leaf_value=-0.0034448507212738234 0.001652795060114427 -0.082744772774832581 0.0077933727437630275 0.012700833140024447 -0.1277697603404522 0.060303455498069529
leaf_weight=742 54 12.999999999999998 15.000000000000002 168 10.999999999999998 47
leaf_count=742 54 13 15 168 11 47
internal_value=5.1535e-06 0.00830078 -0.00202177 0.00378409 -0.0521683 0.0292693
internal_weight=1050 308 207 194 26 101
internal_count=1050 308 207 194 26 101
is_linear=0
shrinkage=0.03


Tree=177
num_leaves=7
num_cat=0
split_feature=15 44 36 44 10 4
split_gain=32.9843 49.8959 127.533 64.9358 99.5024 56.0112
threshold=12.550000000000002 2.1159207820892338 2.5000000000000004 2.145043253898621 1755.526419580892 69.250000000000014
decision_type=2 2 2 2 2 2
left_child=-1 2 -2 4 -3 -4
right_child=1 3 5 -5 -6 -7
leaf_value=0.047491347285417408 0.059293201348998327 0.083732305424553996 -0.081113520304744058 -0.000847626160490204 -0.0054740408152341834 0.002214985110542991
leaf_weight=11.999999999999998 9.9999999999999982 20 25 949 24 9.9999999999999982
leaf_count=12 10 20 25 949 24 10
internal_value=1.24508e-06 -0.000592954 -0.0311383 0.00082121 0.0360339 -0.0579052
internal_weight=1050 1038 45 993 44 35
internal_count=1050 1038 45 993 44 35
is_linear=0
shrinkage=0.03


Tree=178
num_leaves=7
num_cat=0
split_feature=19 39 37 18 18 19
split_gain=33.1002 126.803 98.6805 61.1485 46.6052 55.6162
threshold=83.183364206453135 0.91372912801484241 11.500000000000002 1990.7 1999.3833333333334 101.49354216723376
decision_type=2 2 2 2 2 2
left_child=1 -1 -3 -2 -5 -6
right_child=3 2 -4 4 5 -7
leaf_value=0.048215215870967276 0.06326991546366896 -0.0070750432174939348 -0.12936555236577987 -0.058631762638688086 0.016750340500677172 -0.0023236850253854665
leaf_weight=11.999999999999998 12.999999999999998 12.000000000000002 10.999999999999998 10.999999999999998 164 827
leaf_count=12 13 12 11 11 164 827
internal_value=4.21338e-06 -0.0282657 -0.0685151 0.0010059 0.000135806 0.000846568
internal_weight=1050 35 23 1015 1002 991
internal_count=1050 35 23 1015 1002 991
is_linear=0
shrinkage=0.03


Tree=179
num_leaves=7
num_cat=0
split_feature=16 16 23 14 19 42
split_gain=32.8113 46.4821 121.83 109.732 93.5162 88.4233
threshold=206.41666666666671 205.51666666666668 8.8890023027169622 21.416666666666668 99.09243918086797 15.221745491027834
decision_type=2 2 2 2 2 2
left_child=1 5 -3 4 -4 -1
right_child=-2 2 3 -5 -6 -7
leaf_value=0.0416081867399423 0.049325275681912896 -0.11643805398182434 0.090258647203445425 -0.077259375367845801 -0.011254639542446687 -0.00099539804930174822
leaf_weight=45 10.999999999999998 9.9999999999999982 10.999999999999998 12.999999999999998 25 935
leaf_count=45 11 10 11 13 25 935
internal_value=2.11286e-06 -0.000567003 -0.0261994 -0.00582296 0.0213644 0.00100131
internal_weight=1050 1039 59 49 36 980
internal_count=1050 1039 59 49 36 980
is_linear=0
shrinkage=0.03


Tree=180
num_leaves=7
num_cat=0
split_feature=30 45 43 4 41 14
split_gain=32.3638 89.6321 45.3722 96.0511 59.1739 137.154
threshold=29.450000000000003 1.7320489287376406 101.50000000000001 58.250000000000007 78.065364837646499 22.583333333333339
decision_type=10 2 2 2 2 2
left_child=2 -2 3 -1 5 -4
right_child=1 -3 4 -5 -6 -7
leaf_value=-0.04082904615185478 0.099376961426301424 -0.00029194048605859276 -0.047009083518310436 0.067632349114055218 0.00099996233455862025 0.008799135424196719
leaf_weight=9.9999999999999982 9.9999999999999982 31 78 22 820 79
leaf_count=10 10 31 78 22 820 79
internal_value=1.34283e-06 0.0258049 -0.00107168 0.033528 -0.00223805 -0.0190493
internal_weight=1050 41 1009 32 977 157
internal_count=1050 41 1009 32 977 157
is_linear=0
shrinkage=0.03


Tree=181
num_leaves=7
num_cat=0
split_feature=33 43 36 23 24 23
split_gain=32.306 65.9643 48.615 39.4965 62.1438 53.5255
threshold=23.500000000000004 120.50000000000001 3.5000000000000004 7.7807481090219337 497.56666666666678 8.6452761105937466
decision_type=2 2 2 2 2 2
left_child=1 2 -1 4 -2 -5
right_child=3 -3 -4 5 -6 -7
leaf_value=0.078732199609279629 -0.066155544747132797 -0.007007393586508771 0.012650507268580522 0.025145844598026833 0.0235796967419711 -0.002492245994163977
leaf_weight=19 19.000000000000004 46 21 67 9.9999999999999982 868
leaf_count=19 19 46 21 67 10 868
internal_value=3.83357e-06 0.0175127 0.045194 -0.00157469 -0.0354578 -0.000487013
internal_weight=1050 86 40 964 29 935
internal_count=1050 86 40 964 29 935
is_linear=0
shrinkage=0.03


Tree=182
num_leaves=7
num_cat=0
split_feature=26 3 23 24 42 14
split_gain=32.3626 77.2435 45.1438 103.979 54.9747 145.686
threshold=36.81666666666667 169.05000000000004 7.7807481090219337 497.56666666666678 15.735882282257082 22.616666666666671
decision_type=2 2 2 2 2 2
left_child=1 -1 3 -2 -4 -6
right_child=2 -3 4 -5 5 -7
leaf_value=0.091933748667890336 -0.082325517299274592 -0.021537951244549318 0.011363731574228479 0.032511856630444529 -0.040764242294569347 0.0008647804758760945
leaf_weight=10.000000000000002 17.000000000000004 9.9999999999999982 288 10.999999999999998 85 629
leaf_count=10 17 10 288 11 85 629
internal_value=5.55854e-06 0.036874 -0.000745404 -0.0376454 0.000322239 -0.00414114
internal_weight=1050 20 1030 28 1002 714
internal_count=1050 20 1030 28 1002 714
is_linear=0
shrinkage=0.03


Tree=183
num_leaves=7
num_cat=0
split_feature=44 39 6 44 14 4
split_gain=32.0854 38.4675 80.9649 100.34 132.783 102.689
threshold=3.3904626369476323 1.1863711001642037 5.5000000000000009 2.3060649633407597 23.050000000000004 60.850000000000001
decision_type=2 2 2 2 2 2
left_child=1 -1 3 4 5 -3
right_child=-2 2 -4 -5 -6 -7
leaf_value=0.0037298843469301102 -0.023206100634792271 0.042739966362714765 0.0087083032738451884 0.012192988412321677 -0.15166727933016691 -0.061679962866008277
leaf_weight=843 50 10.999999999999998 80 27 9.9999999999999982 29
leaf_count=843 50 11 80 27 10 29
internal_value=5.16473e-06 0.00118775 -0.0123993 -0.0341597 -0.0589384 -0.0326224
internal_weight=1050 1000 157 77 50 40
internal_count=1050 1000 157 77 50 40
is_linear=0
shrinkage=0.03


Tree=184
num_leaves=7
num_cat=0
split_feature=19 10 4 18 18 19
split_gain=31.6904 121.976 85.816 56.9103 43.4649 49.9445
threshold=83.183364206453135 974.6061265840201 62.050000000000004 1990.7 1999.3833333333334 101.49354216723376
decision_type=2 2 2 2 2 2
left_child=1 -1 -3 -2 -5 -6
right_child=3 2 -4 4 5 -7
leaf_value=0.035701049789786339 0.061047811880707736 -0.13248365513303056 -0.0099724788015538978 -0.056612267084419722 0.015898317727133293 -0.0021769978128630073
leaf_weight=14.999999999999998 12.999999999999998 10.000000000000002 9.9999999999999982 10.999999999999998 164 827
leaf_count=15 13 10 10 11 164 827
internal_value=1.80514e-07 -0.0276611 -0.0746199 0.000980306 0.000140898 0.000827287
internal_weight=1050 35 20 1015 1002 991
internal_count=1050 35 20 1015 1002 991
is_linear=0
shrinkage=0.03


Tree=185
num_leaves=7
num_cat=0
split_feature=30 29 18 30 33 20
split_gain=31.5793 36.2905 52.2265 45.5765 121.581 186.115
threshold=14.850000000000003 17.850000000000005 2054.9666666666672 18.750000000000004 26.500000000000004 -0.41078976640718073
decision_type=8 10 2 8 2 2
left_child=-1 3 -3 4 -2 -6
right_child=1 2 -4 -5 5 -7
leaf_value=0.040554107583182696 0.028913061158535511 -0.067520490551696094 -0.0063383490979671475 0.0032943173312146136 -0.087807998259862255 0.0009107785011237522
leaf_weight=15.999999999999998 37 15.999999999999998 49 845 35 52
leaf_count=16 37 16 49 845 35 52
internal_value=-2.35381e-06 -0.000668496 -0.0221934 0.000796775 -0.016113 -0.0353729
internal_weight=1050 1034 65 969 124 87
internal_count=1050 1034 65 969 124 87
is_linear=0
shrinkage=0.03


Tree=186
num_leaves=7
num_cat=1
split_feature=3 7 20 16 42 28
split_gain=30.8281 97.7262 115.571 118.045 222.132 80.402
threshold=173.15000000000001 0 0.97842046718571052 203.71666666666667 15.840642452239992 69.450000000000017
decision_type=2 1 2 2 2 10
left_child=-1 -2 3 -3 5 -5
right_child=1 2 -4 4 -6 -7
leaf_value=-0.0044968552306144435 -0.0060754325557584787 0.089654379998272124 -0.0034407033753949541 0.063405628977343434 -0.091633432759688438 -0.017250252038240432
leaf_weight=595 264 33 85 47 11.999999999999998 13.999999999999998
leaf_count=595 264 33 85 47 12 14
internal_value=-4.79492e-06 0.00586642 0.021514 0.0433807 0.0215335 0.0449148
internal_weight=1050 455 191 106 73 61
internal_count=1050 455 191 106 73 61
cat_boundaries=0 1
cat_threshold=12347
is_linear=0
shrinkage=0.03


Tree=187
num_leaves=7
num_cat=1
split_feature=30 23 3 25 7 14
split_gain=30.8337 101.394 41.933 93.3878 88.1631 84.6956
threshold=29.450000000000003 9.9265404446662711 173.15000000000001 0.91517911910850824 0 21.31666666666667
decision_type=10 2 2 2 1 2
left_child=2 -2 -1 4 -4 -6
right_child=1 -3 3 -5 5 -7
leaf_value=-0.0065899901474830757 0.094813446563023776 -0.0058329028040170665 -0.0080316920940968518 0.081977131835051939 0.10033733465454794 0.01430391685111182
leaf_weight=554 11.999999999999998 29 258 12.999999999999998 9.9999999999999982 174
leaf_count=554 12 29 258 13 10 174
internal_value=-5.52427e-06 0.0251807 -0.00105287 0.00568871 0.00326495 0.0184969
internal_weight=1050 41 1009 455 442 184
internal_count=1050 41 1009 455 442 184
cat_boundaries=0 1
cat_threshold=12347
is_linear=0
shrinkage=0.03


Tree=188
num_leaves=7
num_cat=0
split_feature=42 41 43 44 29 37
split_gain=29.9679 34.7935 88.9463 153.189 180.302 237.082
threshold=27.294469833374027 80.336299896240249 108.50000000000001 2.2393841743469243 12.750000000000002 11.500000000000002
decision_type=2 2 2 2 10 2
left_child=1 2 -1 4 5 -4
right_child=-2 -3 3 -5 -6 -7
leaf_value=0.0097878575118932314 -0.021982887494114207 0.0047850790603898782 -0.018931943217049475 -8.7993525690874264e-05 0.034428516307047435 -0.15766646617132685
leaf_weight=140 52 704 22 97 12.999999999999998 22
leaf_count=140 52 704 22 97 13 22
internal_value=8.37835e-08 0.00116635 -0.00748576 -0.0231509 -0.0617201 -0.0902614
internal_weight=1050 998 294 154 57 44
internal_count=1050 998 294 154 57 44
is_linear=0
shrinkage=0.03


Tree=189
num_leaves=7
num_cat=0
split_feature=39 6 44 14 24 43
split_gain=30.6114 74.6416 94.1286 122.825 65.2279 121.499
threshold=1.1863711001642037 5.5000000000000009 2.3060649633407597 23.050000000000004 404.35000000000008 115.50000000000001
decision_type=2 2 2 2 2 2
left_child=4 2 3 -2 5 -1
right_child=1 -3 -4 -5 -6 -7
leaf_value=0.097785764684279755 -0.03180384297378179 0.0080590565010433927 0.010989662492326621 -0.14632237087596547 0.00024961360155378555 -0.001392024029046297
leaf_weight=17 40 81 28 9.9999999999999982 845 29
leaf_count=17 40 81 28 10 845 29
internal_value=-4.19091e-06 -0.0120873 -0.0328456 -0.0571275 0.00216318 0.0365613
internal_weight=1050 159 78 50 891 46
internal_count=1050 159 78 50 891 46
is_linear=0
shrinkage=0.03


Tree=190
num_leaves=7
num_cat=0
split_feature=29 10 26 23 24 23
split_gain=29.5461 64.4007 39.9771 43.6849 104.524 59.5285
threshold=17.650000000000002 1583.4897411247032 36.81666666666667 7.7807481090219337 497.56666666666678 8.6452761105937466
decision_type=10 2 2 2 2 2
left_child=2 -2 -1 4 -4 -5
right_child=1 -3 3 5 -6 -7
leaf_value=0.045662867973248158 -0.069562772512435908 -0.0028405554102439627 -0.079957553458710487 0.03004663631800682 0.038217675577510483 -0.00037488370131886638
leaf_weight=17 15.999999999999998 56 17.000000000000004 61 9.9999999999999982 873
leaf_count=17 16 56 17 61 10 873
internal_value=-5.84739e-06 -0.0184175 0.00136704 0.0005368 -0.0363872 0.00164197
internal_weight=1050 72 978 961 27 934
internal_count=1050 72 978 961 27 934
is_linear=0
shrinkage=0.03


Tree=191
num_leaves=7
num_cat=0
split_feature=33 43 36 14 16 23
split_gain=29.4979 60.9626 43.757 36.4142 54.9317 127.047
threshold=23.500000000000004 120.50000000000001 3.5000000000000004 20.883333333333336 205.8666666666667 8.9939315201628887
decision_type=2 2 2 2 2 2
left_child=1 2 -1 -2 -5 -6
right_child=3 -3 -4 4 5 -7
leaf_value=0.075158290117979046 0.046519224448503725 -0.0068462529508991447 0.012435741898688402 -0.00091902305255013377 -0.11780329357832667 0.0078171021961852133
leaf_weight=19 12.999999999999998 46 21 922 11.000000000000002 18
leaf_count=19 13 46 21 922 11 18
internal_value=-6.77972e-06 0.0167239 0.0433354 -0.00151513 -0.00221993 -0.0421705
internal_weight=1050 86 40 964 951 29
internal_count=1050 86 40 964 951 29
is_linear=0
shrinkage=0.03


Tree=192
num_leaves=7
num_cat=1
split_feature=15 44 36 44 10 7
split_gain=29.689 48.9028 116.277 59.1429 89.1313 61.4003
threshold=12.550000000000002 2.1159207820892338 2.5000000000000004 2.145043253898621 1755.526419580892 0
decision_type=2 2 2 2 2 1
left_child=-1 2 -2 4 -3 -5
right_child=1 3 -4 5 -6 -7
leaf_value=0.045049321611340225 0.055587741949341511 0.079578764779227124 -0.056353046329071121 0.012312844702686516 -0.0048622051119804385 -0.0051049968894365735
leaf_weight=11.999999999999998 9.9999999999999982 20 35 232 24 717
leaf_count=12 10 20 35 232 24 717
internal_value=-6.10929e-06 -0.000569838 -0.0308097 0.000830163 0.0344355 -0.000762544
internal_weight=1050 1038 45 993 44 949
internal_count=1050 1038 45 993 44 949
cat_boundaries=0 1
cat_threshold=43021
is_linear=0
shrinkage=0.03


Tree=193
num_leaves=7
num_cat=1
split_feature=30 23 3 25 7 20
split_gain=29.4001 95.1241 39.7105 87.0366 81.7436 83.4747
threshold=29.450000000000003 9.9265404446662711 173.15000000000001 0.91517911910850824 0 0.97842046718571052
decision_type=10 2 2 2 1 2
left_child=2 -2 -1 4 -4 -6
right_child=1 -3 3 -5 5 -7
leaf_value=-0.0064113672332385104 0.092038024182503037 -0.0054523464888334271 -0.0076830069634190945 0.079186236964804785 0.037007965710671512 -0.003471258325568799
leaf_weight=554 11.999999999999998 29 258 12.999999999999998 101 83
leaf_count=554 12 29 258 13 101 83
internal_value=-2.66077e-07 0.0245934 -0.00102297 0.00553751 0.00319751 0.0178627
internal_weight=1050 41 1009 455 442 184
internal_count=1050 41 1009 455 442 184
cat_boundaries=0 1
cat_threshold=12347
is_linear=0
shrinkage=0.03


Tree=194
num_leaves=7
num_cat=0
split_feature=13 46 9 19 45 43
split_gain=28.3381 139.176 67.5924 131.013 93.5296 83.1079
threshold=4.9830000000000014 221.58986663818362 7219.9833333333345 100.94277787864014 1.7470923066139223 117.50000000000001
decision_type=2 2 2 2 2 2
left_child=-1 -2 4 -4 -3 -6
right_child=1 2 3 -5 5 -7
leaf_value=-0.01133193127412215 0.071918620982766149 -0.083900615279562774 0.055197683237493037 -0.00048952455877163137 0.062415269613265982 -0.034978129595275152
leaf_weight=166 24 19 39 769 10.999999999999998 22
leaf_count=166 24 19 39 769 11 22
internal_value=2.83575e-06 0.00214171 0.000113179 0.00226326 -0.032708 -0.00163276
internal_weight=1050 884 860 808 52 33
internal_count=1050 884 860 808 52 33
is_linear=0
shrinkage=0.03


Tree=195
num_leaves=7
num_cat=0
split_feature=39 20 12 12 24 43
split_gain=29.2167 71.4675 164.947 92.4817 60.1637 112.271
threshold=1.1863711001642037 -3.0283648498332014 -34.449721913237134 -12.483759733036893 404.35000000000008 115.50000000000001
decision_type=2 2 2 2 2 2
left_child=4 -2 -3 -4 5 -1
right_child=1 2 3 -5 -6 -7
leaf_value=0.094011260072390232 -0.085615687397393309 0.091831131002732672 -0.064927459949893601 -0.0037629218187860466 0.0002840073831343911 -0.0013263362050056457
leaf_weight=17 9.9999999999999982 12.999999999999998 27 109 845 29
leaf_count=17 10 13 27 109 845 29
internal_value=4.42991e-06 -0.0118002 -0.00630836 -0.0162912 0.00212184 0.0351577
internal_weight=1050 159 149 136 891 46
internal_count=1050 159 149 136 891 46
is_linear=0
shrinkage=0.03


Tree=196
num_leaves=7
num_cat=1
split_feature=15 44 36 44 10 7
split_gain=28.3076 46.343 110.168 54.8682 82.6559 56.5119
threshold=12.550000000000002 2.1159207820892338 2.5000000000000004 2.145043253898621 1755.526419580892 0
decision_type=2 2 2 2 2 1
left_child=-1 2 -2 4 -3 -5
right_child=1 3 -4 5 -6 -7
leaf_value=0.043999891120653882 0.054113742763345886 0.076658108064106528 -0.054846448382983602 0.011827179721389884 -0.0046585735023021695 -0.0048828394857288347
leaf_weight=11.999999999999998 9.9999999999999982 20 35 232 24 717
leaf_count=12 10 20 35 232 24 717
internal_value=5.16753e-06 -0.000545301 -0.0299831 0.000817559 0.0331857 -0.000716529
internal_weight=1050 1038 45 993 44 949
internal_count=1050 1038 45 993 44 949
cat_boundaries=0 1
cat_threshold=43021
is_linear=0
shrinkage=0.03


Tree=197
num_leaves=7
num_cat=0
split_feature=30 45 20 12 45 1
split_gain=27.6849 78.0888 33.9431 125.089 109.987 70.2314
threshold=29.450000000000003 1.7320489287376406 -3.0283648498332014 -45.144382647386145 1.7409737110137942 20.500000000000004
decision_type=10 2 2 2 2 2
left_child=2 -2 4 -4 5 -1
right_child=1 -3 3 -5 -6 -7
leaf_value=-0.10464470007922497 0.092547412081198266 -0.00047594531904906031 0.083429566025733939 -0.0011579222449682109 0.029217426225543023 -0.0099264030371393457
leaf_weight=15.000000000000002 9.9999999999999982 31 14.999999999999998 947 19 12.999999999999998
leaf_count=15 10 31 15 947 19 13
internal_value=1.04831e-05 0.023876 -0.000981954 0.000246275 -0.0256028 -0.0625271
internal_weight=1050 41 1009 962 47 28
internal_count=1050 41 1009 962 47 28
is_linear=0
shrinkage=0.03


Tree=198
num_leaves=7
num_cat=0
split_feature=29 18 26 23 24 23
split_gain=28.5843 53.0632 35.1445 41.193 96.1093 53.9618
threshold=17.650000000000002 2054.9666666666672 36.81666666666667 7.7807481090219337 497.56666666666678 8.6452761105937466
decision_type=10 2 2 2 2 2
left_child=2 -2 -1 4 -4 -5
right_child=1 -3 3 5 -6 -7
leaf_value=0.042895375043153765 -0.064526750164873456 -0.0039318363782704664 -0.077043966924150761 0.028701596043763621 0.036291279088367115 -0.00026270271740583127
leaf_weight=17 15.999999999999998 56 17.000000000000004 61 9.9999999999999982 873
leaf_count=17 16 56 17 61 10 873
internal_value=1.27086e-05 -0.0180968 0.00136305 0.000584521 -0.035271 0.00165764
internal_weight=1050 72 978 961 27 934
internal_count=1050 72 978 961 27 934
is_linear=0
shrinkage=0.03


Tree=199
num_leaves=7
num_cat=0
split_feature=15 41 41 4 18 40
split_gain=27.4501 33.7742 108.4 174.697 134.111 173.907
threshold=20.250000000000004 78.065364837646499 76.035320281982436 58.350000000000001 2038.4000000000003 9.5000000000000018
decision_type=2 2 2 2 2 2
left_child=1 2 -1 -4 -5 -6
right_child=-2 -3 3 4 5 -7
leaf_value=0.0084880380387064702 -0.021458016287754563 0.0038114763608907321 0.029748560696840284 -0.13983606638386845 -0.13766185998916625 0.0017305948128623345
leaf_weight=115 50 806 24 14.999999999999998 9.9999999999999982 30
leaf_count=115 50 806 24 15 10 30
internal_value=1.12464e-05 0.00110507 -0.0101009 -0.0369287 -0.0660359 -0.0356252
internal_weight=1050 1000 194 79 55 40
internal_count=1050 1000 194 79 55 40
is_linear=0
shrinkage=0.03


Tree=200
num_leaves=7
num_cat=0
split_feature=29 10 19 18 1 42
split_gain=27.3538 59.0469 33.5627 134.661 93.3785 105.83
threshold=17.650000000000002 1583.4897411247032 101.49354216723376 2073.9500000000003 22.500000000000004 15.672328472137453
decision_type=10 2 2 2 2 2
left_child=2 -2 3 4 5 -1
right_child=1 -3 -4 -5 -6 -7
leaf_value=0.01058834347128868 -0.066685262076994947 -0.0027949951768019479 -0.0014969542058684178 0.077408129739761342 0.032687463446129716 -0.047661885134875771
leaf_weight=69 15.999999999999998 56 778 24 61 46
leaf_count=69 16 56 778 24 61 46
internal_value=3.62504e-06 -0.0177118 0.00132459 0.0122532 0.00298135 -0.0129218
internal_weight=1050 72 978 200 176 115
internal_count=1050 72 978 200 176 115
is_linear=0
shrinkage=0.03


Tree=201
num_leaves=7
num_cat=0
split_feature=33 43 36 44 44 22
split_gain=27.3005 54.1749 39.5169 35.2272 180.598 282.318
threshold=23.500000000000004 120.50000000000001 3.5000000000000004 2.2403222322463994 2.2203639745712285 462.18333333333339
decision_type=2 2 2 2 2 2
left_child=1 2 -1 4 -2 -6
right_child=3 -3 -4 -5 5 -7
leaf_value=0.071426026850938795 0.00085111150180455287 -0.0061264128523304106 0.01181972785429521 0.0028724487077171896 -0.021877089398247857 -0.18008688596578745
leaf_weight=19 289 46 21 615 48 11.999999999999998
leaf_count=19 289 46 21 615 48 12
internal_value=3.57468e-06 0.016099 0.0411843 -0.00144752 -0.00904653 -0.0559526
internal_weight=1050 86 40 964 349 60
internal_count=1050 86 40 964 349 60
is_linear=0
shrinkage=0.03


Tree=202
num_leaves=7
num_cat=0
split_feature=39 20 12 12 23 24
split_gain=26.9525 65.8848 151.29 86.7398 103 55.7407
threshold=1.1863711001642037 -3.0283648498332014 -34.449721913237134 -12.483759733036893 9.7556867723592777 404.35000000000008
decision_type=2 2 2 2 2 2
left_child=5 -2 -3 4 -4 -1
right_child=1 2 3 -5 -6 -7
leaf_value=0.033832096644538512 -0.082211842157623977 0.087924385805215152 -0.015470052277669307 -0.0034938085994429208 -0.13435505130074241 0.00026474749842314034
leaf_weight=46 9.9999999999999982 12.999999999999998 17.000000000000004 109 9.9999999999999982 845
leaf_count=46 10 13 17 109 10 845
internal_value=1.00973e-08 -0.011338 -0.00606496 -0.0156254 -0.0627274 0.00203373
internal_weight=1050 159 149 136 27 891
internal_count=1050 159 149 136 27 891
is_linear=0
shrinkage=0.03


Tree=203
num_leaves=7
num_cat=1
split_feature=15 44 36 44 10 7
split_gain=26.9575 43.8232 105.216 50.5957 76.1074 52.7267
threshold=12.550000000000002 2.1159207820892338 2.5000000000000004 2.145043253898621 1755.526419580892 0
decision_type=2 2 2 2 2 1
left_child=-1 2 -2 4 -3 -5
right_child=1 3 -4 5 -6 -7
leaf_value=0.042929591272885981 0.053012362556024033 0.073581996134349278 -0.053466744398077325 -0.0065499992386480093 -0.0044478322327136987 0.0076445535606523935
leaf_weight=11.999999999999998 9.9999999999999982 20 35 558 24 391
leaf_count=12 10 20 35 558 24 391
internal_value=-3.2303e-06 -0.000540404 -0.0291667 0.000784896 0.0318672 -0.000688252
internal_weight=1050 1038 45 993 44 949
internal_count=1050 1038 45 993 44 949
cat_boundaries=0 1
cat_threshold=5040
is_linear=0
shrinkage=0.03


Tree=204
num_leaves=7
num_cat=0
split_feature=14 16 14 28 42 42
split_gain=26.5192 49.7076 91.9925 86.3592 73.0491 73.5161
threshold=20.883333333333336 205.51666666666668 21.416666666666668 54.650000000000013 15.221745491027834 15.422868728637697
decision_type=2 2 2 10 2 2
left_child=-1 4 3 -3 -2 -6
right_child=1 2 -4 -5 5 -7
leaf_value=0.039604275643825529 0.037918784722037933 -0.050846598297357555 -0.091590083599090572 0.033573754336684941 -0.031839245273731651 0.001471721393536677
leaf_weight=13.999999999999998 45 19 13.999999999999998 23 63 872
leaf_count=14 45 19 14 23 63 872
internal_value=3.95999e-07 -0.000572467 -0.0278072 -0.00491074 0.00101057 -0.000804379
internal_weight=1050 1036 56 42 980 935
internal_count=1050 1036 56 42 980 935
is_linear=0
shrinkage=0.03


Tree=205
num_leaves=7
num_cat=0
split_feature=30 30 33 20 41 41
split_gain=26.7235 34.8553 98.3211 171.322 199.976 146.708
threshold=14.850000000000003 18.750000000000004 26.500000000000004 -0.41078976640718073 79.478805541992202 83.245079040527358
decision_type=8 8 2 2 2 2
left_child=-1 2 -2 4 -4 -6
right_child=1 -3 3 -5 5 -7
leaf_value=0.037306937629028279 0.023786240257322788 0.0014891422466751995 -0.18966366323557768 0.0014102087378185908 0.040176478853592497 -0.098136759281158448
leaf_weight=15.999999999999998 40 903 9.9999999999999982 55 12.000000000000002 13.999999999999998
leaf_count=16 40 903 10 55 12 14
internal_value=-1.37715e-06 -0.000614169 -0.015014 -0.0321422 -0.0820556 -0.0351762
internal_weight=1050 1034 131 91 36 26
internal_count=1050 1034 131 91 36 26
is_linear=0
shrinkage=0.03


Tree=206
num_leaves=7
num_cat=0
split_feature=25 25 12 39 43 45
split_gain=26.8009 69.8639 68.9282 101.262 93.5826 79.0394
threshold=0.90582123527716119 0.90600595025195096 -4.2443826473861224 0.62358276643990929 123.50000000000001 1.7588029503822329
decision_type=2 2 2 2 2 2
left_child=-1 -2 3 -3 5 -5
right_child=1 2 -4 4 -6 -7
leaf_value=-0.0030945419435076602 0.075497051018934988 -0.061712717158453806 -0.013549508611934307 0.016981121280972483 -0.049492139995098113 0.067533794990866564
leaf_weight=742 11.999999999999998 12.999999999999998 116 117 13.999999999999998 36
leaf_count=742 12 13 116 117 14 36
internal_value=-6.57747e-06 0.00741855 0.0044137 0.0160009 0.0223818 0.0292372
internal_weight=1050 308 296 180 167 153
internal_count=1050 308 296 180 167 153
is_linear=0
shrinkage=0.03


Tree=207
num_leaves=7
num_cat=1
split_feature=23 24 3 7 19 14
split_gain=26.4811 59.6796 36.3295 79.1713 91.5472 92.0203
threshold=7.7807481090219337 497.56666666666678 173.15000000000001 0 135.02276838517864 22.683333333333337
decision_type=2 2 2 1 2 2
left_child=1 -1 -2 -4 5 -5
right_child=2 -3 3 4 -6 -7
leaf_value=-0.058415055871009813 -0.0041146218375632026 0.026778634339570999 -0.0035019625499604873 0.017272064499557017 -0.0025271534067578612 0.07418990470976991
leaf_weight=19.000000000000004 579 10.999999999999998 261 63 74 43
leaf_count=19 579 11 261 63 74 43
internal_value=-5.46199e-06 -0.0273212 0.000823915 0.00730248 0.021886 0.040839
internal_weight=1050 30 1020 441 180 106
internal_count=1050 30 1020 441 180 106
cat_boundaries=0 1
cat_threshold=4283
is_linear=0
shrinkage=0.03


Tree=208
num_leaves=7
num_cat=0
split_feature=29 18 14 23 45 30
split_gain=26.1175 46.0144 32.2862 31.9925 98.7969 97.8711
threshold=17.650000000000002 2054.9666666666672 22.416666666666668 11.037969778318027 1.7234635353088381 18.450000000000003
decision_type=10 2 2 2 2 10
left_child=3 -2 -3 4 5 -1
right_child=1 2 -4 -5 -6 -7
leaf_value=-0.030606357834292847 -0.060553479405010449 0.042234874110330237 -0.014876511458163842 -0.0045981139941761893 0.016777628875686786 0.010198697097377356
leaf_weight=102 15.999999999999998 9.9999999999999982 46 449 319 108
leaf_count=102 16 10 46 449 319 108
internal_value=-4.87964e-06 -0.0173154 -0.00411601 0.0012859 0.00627933 -0.00967202
internal_weight=1050 72 56 978 529 210
internal_count=1050 72 56 978 529 210
is_linear=0
shrinkage=0.03


Tree=209
num_leaves=7
num_cat=0
split_feature=16 16 23 14 19 42
split_gain=25.8541 40.3573 108.788 93.7216 78.0421 69.8094
threshold=206.41666666666671 205.51666666666668 8.8890023027169622 21.416666666666668 99.09243918086797 15.221745491027834
decision_type=2 2 2 2 2 2
left_child=1 5 -3 4 -4 -1
right_child=-2 2 3 -5 -6 -7
leaf_value=0.037030765764091325 0.043776988834142681 -0.10966532350792972 0.082905608862638466 -0.071171006645475113 -0.009840964388388853 -0.00082398084374103633
leaf_weight=45 10.999999999999998 9.9999999999999982 10.999999999999998 12.999999999999998 25 935
leaf_count=45 11 10 11 13 25 935
internal_value=-5.9157e-06 -0.000511097 -0.0243952 -0.00514784 0.019973 0.000950223
internal_weight=1050 1039 59 49 36 980
internal_count=1050 1039 59 49 36 980
is_linear=0
shrinkage=0.03


Tree=210
num_leaves=7
num_cat=1
split_feature=30 23 25 3 25 7
split_gain=25.7237 84.2037 39.4562 34.5923 75.999 68.6371
threshold=29.450000000000003 9.9265404446662711 0.90298911285204586 173.15000000000001 0.91517911910850824 0
decision_type=10 2 2 2 2 1
left_child=3 -2 -3 -1 5 -5
right_child=1 2 -4 4 -6 -7
leaf_value=-0.0059923171467160348 0.086453990523631757 0.020013671200722453 -0.050750293826515025 -0.0069991196538053352 0.073980499250548226 0.016410182886112196
leaf_weight=554 11.999999999999998 19.000000000000004 9.9999999999999982 258 12.999999999999998 184
leaf_count=554 12 19 10 258 13 184
internal_value=-6.53138e-06 0.0229981 -0.00526599 -0.000963155 0.00515998 0.00297341
internal_weight=1050 41 29 1009 455 442
internal_count=1050 41 29 1009 455 442
cat_boundaries=0 1
cat_threshold=12347
is_linear=0
shrinkage=0.03


Tree=211
num_leaves=7
num_cat=1
split_feature=42 38 7 20 33 9
split_gain=25.2501 29.3253 88.5513 83.1148 85.5138 105.306
threshold=27.294469833374027 2.5000000000000004 0 1.0926585094549077 28.500000000000004 7219.9833333333345
decision_type=2 2 1 2 2 2
left_child=1 2 -1 4 -4 -6
right_child=-2 -3 3 -5 5 -7
leaf_value=-0.012281937469628506 -0.020178393792571886 -0.0020469051019910327 0.01844758975682622 -0.00089206196010521005 0.0030275504405681899 0.11072431656030508
leaf_weight=101 52 730 58 72 11.999999999999998 25
leaf_count=101 52 730 58 72 12 25
internal_value=1.50487e-07 0.00107068 0.00953866 0.0221431 0.0417354 0.0767945
internal_weight=1050 998 268 167 95 37
internal_count=1050 998 268 167 95 37
cat_boundaries=0 1
cat_threshold=8664
is_linear=0
shrinkage=0.03


Tree=212
num_leaves=7
num_cat=0
split_feature=39 6 44 14 4 24
split_gain=25.4837 65.5056 85.0277 109.715 87.8649 52.7458
threshold=1.1863711001642037 5.5000000000000009 2.3060649633407597 23.050000000000004 60.850000000000001 404.35000000000008
decision_type=2 2 2 2 2 2
left_child=5 2 3 4 -2 -1
right_child=1 -3 -4 -5 -6 -7
leaf_value=0.032909237080590514 0.040051513537764552 0.0078449421123851365 0.01116830572750869 -0.13784276994791897 -0.05651878245174885 0.00025613297856947844
leaf_weight=46 10.999999999999998 81 28 9.9999999999999982 29 845
leaf_count=46 11 81 28 10 29 845
internal_value=-5.96592e-07 -0.0110253 -0.0304726 -0.0535533 -0.0296328 0.00197693
internal_weight=1050 159 78 50 40 891
internal_count=1050 159 78 50 40 891
is_linear=0
shrinkage=0.03


Tree=213
num_leaves=7
num_cat=0
split_feature=41 14 42 16 42 44
split_gain=25.1777 100.141 181.767 123.81 128.158 110.144
threshold=78.065364837646499 22.583333333333339 15.679297447204592 202.95000000000002 16.157872200012211 2.299851775169373
decision_type=2 2 2 2 2 2
left_child=1 2 -1 5 -5 -3
right_child=-2 3 -4 4 -6 -7
leaf_value=-0.0091817800478055708 0.0022103576671020772 -0.086811679959297186 -0.10656009037386287 0.080607588305720124 -0.039399091885848482 0.0093526729715890013
leaf_weight=81 856 13.999999999999998 21 31 9.9999999999999982 37
leaf_count=81 856 14 21 31 10 37
internal_value=-3.49405e-06 -0.00973307 -0.0300702 0.0128955 0.0510965 -0.0182072
internal_weight=1050 194 102 92 41 51
internal_count=1050 194 102 92 41 51
is_linear=0
shrinkage=0.03


Tree=214
num_leaves=7
num_cat=0
split_feature=23 24 26 26 41 15
split_gain=25.1521 56.5443 34.5741 89.6559 68.2018 87.3377
threshold=7.7807481090219337 497.56666666666678 43.783333333333339 43.583333333333343 76.612777709960952 12.750000000000002
decision_type=2 2 2 2 2 2
left_child=1 -1 3 4 -2 -6
right_child=2 -3 -4 -5 5 -7
leaf_value=-0.056894647344946848 -0.028121917810693214 0.026032461524009703 -0.0026231481098405243 0.08996365755796433 -0.069977017099207103 0.016731267662888221
leaf_weight=19.000000000000004 43 10.999999999999998 737 10.999999999999998 9.9999999999999982 219
leaf_count=19 43 11 737 11 10 219
internal_value=-7.66461e-06 -0.0266291 0.000800635 0.00969483 0.00613102 0.0126571
internal_weight=1050 30 1020 283 272 229
internal_count=1050 30 1020 283 272 229
is_linear=0
shrinkage=0.03


Tree=215
num_leaves=7
num_cat=0
split_feature=15 41 14 15 25 15
split_gain=25.3942 41.1631 134.237 145.675 130.135 111.18
threshold=12.550000000000002 78.065364837646499 22.583333333333339 13.583333333333334 0.90519522067334113 13.950000000000001
decision_type=2 2 2 2 2 2
left_child=-1 2 3 4 -2 -4
right_child=1 -3 5 -5 -6 -7
leaf_value=0.041661200231084453 -0.069355835287886511 0.002283721368559598 0.043143051101267337 -0.13589166894555091 0.0060193030030097601 -0.022295004830441691
leaf_weight=11.999999999999998 33 850 49 10.999999999999998 52 43
leaf_count=12 33 850 49 11 52 43
internal_value=-8.14514e-06 -0.000529505 -0.0131937 -0.0378327 -0.0237102 0.012647
internal_weight=1050 1038 188 96 85 92
internal_count=1050 1038 188 96 85 92
is_linear=0
shrinkage=0.03


Tree=216
num_leaves=7
num_cat=0
split_feature=12 45 22 40 12 30
split_gain=24.7088 131.551 184.231 143.949 96.2742 96.0188
threshold=-31.668075639599692 1.7470923066139223 420.08333333333343 10.500000000000002 -29.686095661846689 16.250000000000004
decision_type=2 2 2 2 2 10
left_child=1 2 3 -1 -2 -4
right_child=4 -3 5 -5 -6 -7
leaf_value=0.0083052439428865886 -0.082758948676861246 0.053527359609802559 -0.035868219236532849 -0.13195881597697734 -0.00054001735386656751 0.048831363608305513
leaf_weight=11.000000000000002 11.999999999999998 44 17 14.999999999999998 915 36
leaf_count=11 12 44 17 15 915 36
internal_value=-1.1738e-05 0.012566 -0.0106318 -0.0745066 -0.00169237 0.0215025
internal_weight=1050 123 79 26 927 53
internal_count=1050 123 79 26 927 53
is_linear=0
shrinkage=0.03


Tree=217
num_leaves=7
num_cat=0
split_feature=16 16 25 18 28 45
split_gain=24.2256 37.5367 29.7305 82.3741 83.7012 66.0224
threshold=206.41666666666671 206.18333333333337 0.90198729791872567 2047.5833333333335 49.45000000000001 1.7553131580352785
decision_type=2 2 2 2 10 2
left_child=1 2 3 4 -1 -6
right_child=-2 -3 -4 -5 5 -7
leaf_value=0.017149457892074303 0.042366177067160601 -0.053256383538246153 0.0052179476337422207 -0.00083378072966770083 -0.11322054034471511 -0.031021964970231054
leaf_weight=15.999999999999998 10.999999999999998 10.999999999999998 513 461 13.999999999999998 24
leaf_count=16 11 11 513 461 14 24
internal_value=-1.53954e-05 -0.000504399 0.000111275 -0.00497582 -0.0396785 -0.0634322
internal_weight=1050 1039 1028 515 54 38
internal_count=1050 1039 1028 515 54 38
is_linear=0
shrinkage=0.03


Tree=218
num_leaves=7
num_cat=0
split_feature=44 39 6 44 14 28
split_gain=24.1448 29.0002 61.5368 77.5875 104.204 57.7326
threshold=3.3904626369476323 1.1863711001642037 5.5000000000000009 2.3060649633407597 23.050000000000004 61.550000000000004
decision_type=2 2 2 2 2 8
left_child=1 -1 3 4 5 -3
right_child=-2 2 -4 -5 -6 -7
leaf_value=0.0032144159952568118 -0.02015396808876711 0.031901549561457195 0.0076114966169525686 0.010990803913612452 -0.1336803785237399 -0.048694333206982375
leaf_weight=843 50 9.9999999999999982 80 27 9.9999999999999982 30
leaf_count=843 50 10 80 27 10 30
internal_value=-1.87469e-05 0.00100714 -0.01079 -0.0297609 -0.0515508 -0.0282587
internal_weight=1050 1000 157 77 50 40
internal_count=1050 1000 157 77 50 40
is_linear=0
shrinkage=0.03


Tree=219
num_leaves=7
num_cat=0
split_feature=30 23 25 43 4 31
split_gain=24.1315 79.549 37.1277 33.796 79.8864 48.7455
threshold=29.450000000000003 9.9265404446662711 0.90298911285204586 101.50000000000001 58.250000000000007 1.5000000000000002
decision_type=10 2 2 2 2 10
left_child=3 -2 -3 4 -1 -6
right_child=1 2 -4 -5 5 -7
leaf_value=-0.038806526444175031 0.083936394453048707 0.019316107280552382 -0.049329087219455024 -0.0019555869988705731 0.10194721207022664 0.013134800717234611
leaf_weight=9.9999999999999982 11.999999999999998 19.000000000000004 9.9999999999999982 977 11.000000000000002 10.999999999999998
leaf_count=10 12 19 10 977 11 11
internal_value=-2.24324e-05 0.0222589 -0.00520993 -0.000948962 0.0289125 0.0600428
internal_weight=1050 41 29 1009 32 22
internal_count=1050 41 29 1009 32 22
is_linear=0
shrinkage=0.03


Tree=220
num_leaves=7
num_cat=1
split_feature=23 24 42 7 30 42
split_gain=24.0008 53.2674 34.4604 128.134 111.558 146.397
threshold=7.7807481090219337 497.56666666666678 15.735882282257082 0 24.450000000000003 15.617525577545168
decision_type=2 2 2 1 10 2
left_child=1 -1 3 -2 5 -5
right_child=2 -3 -4 4 -6 -7
leaf_value=-0.055395846202969543 -0.012417938409683605 0.025099836438894269 -0.002771894469742733 0.025479123820509531 -0.022170297029343516 0.11056540204720063
leaf_weight=19.000000000000004 133 10.999999999999998 722 112 32 21
leaf_count=19 133 11 722 112 32 21
internal_value=-1.80987e-05 -0.0260232 0.000771496 0.00933705 0.0260225 0.0396387
internal_weight=1050 30 1020 298 165 133
internal_count=1050 30 1020 298 165 133
cat_boundaries=0 1
cat_threshold=18489
is_linear=0
shrinkage=0.03


Tree=221
num_leaves=7
num_cat=0
split_feature=30 30 33 20 41 41
split_gain=24.0671 32.1446 88.5571 157.988 178.902 134.243
threshold=14.850000000000003 18.750000000000004 26.500000000000004 -0.41078976640718073 79.478805541992202 83.245079040527358
decision_type=8 8 2 2 2 2
left_child=-1 2 -2 4 -4 -6
right_child=1 -3 3 -5 5 -7
leaf_value=0.035386353672536855 0.02239661661135714 0.0014192100458333384 -0.18041692517020486 0.001533236044592091 0.037882695794105518 -0.094444679737091072
leaf_weight=15.999999999999998 40 903 9.9999999999999982 55 12.000000000000002 13.999999999999998
leaf_count=16 40 903 10 55 12 14
internal_value=-1.91484e-05 -0.00060067 -0.0144292 -0.0306839 -0.0786157 -0.0342295
internal_weight=1050 1034 131 91 36 26
internal_count=1050 1034 131 91 36 26
is_linear=0
shrinkage=0.03


Tree=222
num_leaves=7
num_cat=0
split_feature=31 46 18 3 25 37
split_gain=23.9044 71.4667 29.8042 77.735 106.599 176.32
threshold=3.5000000000000004 299.21279907226568 2036.6333333333334 184.05000000000004 0.90636197605531388 11.500000000000002
decision_type=10 2 2 2 2 2
left_child=2 -2 3 4 5 -1
right_child=1 -3 -4 -5 -6 -7
leaf_value=-0.0052002533460035914 0.070945097955409431 -0.015504986196756363 0.0011214436328343769 0.04586381824577556 0.011556736938655377 -0.10301983991059763
leaf_weight=39 14.999999999999998 18 887 15.999999999999998 47 28
leaf_count=39 15 18 887 16 47 28
internal_value=-2.36046e-05 0.0247214 -0.000850035 -0.0142075 -0.022964 -0.0469939
internal_weight=1050 33 1017 130 114 67
internal_count=1050 33 1017 130 114 67
is_linear=0
shrinkage=0.03


Tree=223
num_leaves=7
num_cat=1
split_feature=15 44 36 44 19 7
split_gain=23.635 38.4145 92.8432 49.382 82.6099 46.6598
threshold=12.550000000000002 2.1159207820892338 2.5000000000000004 2.145043253898621 107.40419721378031 0
decision_type=2 2 2 2 2 1
left_child=-1 2 -2 4 -3 -5
right_child=1 3 -4 5 -6 -7
leaf_value=0.040177419208563291 0.049865567629987541 0.071202689054543564 -0.05015487136940161 0.010660079092356479 -0.0097239228176034011 -0.004524113144482496
leaf_weight=11.999999999999998 9.9999999999999982 22 35 232 22 717
leaf_count=12 10 22 35 232 22 717
internal_value=-2.27319e-05 -0.000525696 -0.0273273 0.000715147 0.0314225 -0.000740163
internal_weight=1050 1038 45 993 44 949
internal_count=1050 1038 45 993 44 949
cat_boundaries=0 1
cat_threshold=43021
is_linear=0
shrinkage=0.03


Tree=224
num_leaves=7
num_cat=0
split_feature=29 10 23 45 19 18
split_gain=23.5529 49.5999 29.1764 91.8149 92.4314 121.059
threshold=17.650000000000002 1583.4897411247032 11.037969778318027 1.7234635353088381 104.62366367033106 2068.9166666666674
decision_type=10 2 2 2 2 2
left_child=2 -2 3 4 5 -1
right_child=1 -3 -4 -5 -6 -7
leaf_value=-0.009433109291173792 -0.061341553014867448 -0.0027801830507814883 -0.0044105015326601762 0.016097791993583088 -0.02993771196288221 0.061144295841455455
leaf_weight=80 15.999999999999998 56 449 319 101 29
leaf_count=80 16 56 449 319 101 29
internal_value=-1.723e-05 -0.0164558 0.00120855 0.00597716 -0.0094 0.00972952
internal_weight=1050 72 978 529 210 109
internal_count=1050 72 978 529 210 109
is_linear=0
shrinkage=0.03


Tree=225
num_leaves=7
num_cat=0
split_feature=14 16 23 14 42 45
split_gain=23.6979 39.9412 95.8575 87.7207 65.5048 78.7769
threshold=20.883333333333336 205.51666666666668 8.8890023027169622 21.416666666666668 15.221745491027834 1.6755517125129702
decision_type=2 2 2 2 2 2
left_child=-1 4 -3 -4 -2 -6
right_child=1 2 3 -5 5 -7
leaf_value=0.037420379757881164 0.03581042631812717 -0.1045452985980294 0.020333420384456131 -0.068910895841462261 -0.047117342893034216 0.00077800989142253743
leaf_weight=13.999999999999998 45 9.9999999999999982 33 12.999999999999998 31 904
leaf_count=14 45 10 33 13 31 904
internal_value=-1.75882e-05 -0.000559104 -0.0249722 -0.00581737 0.000859963 -0.000858607
internal_weight=1050 1036 56 46 980 935
internal_count=1050 1036 56 46 980 935
is_linear=0
shrinkage=0.03


Tree=226
num_leaves=7
num_cat=0
split_feature=33 43 36 46 19 32
split_gain=23.0867 47.1327 35.174 30.2274 105.968 31.4537
threshold=23.500000000000004 120.50000000000001 3.5000000000000004 151.98428344726565 82.053446003519497 19.500000000000004
decision_type=2 2 2 2 2 2
left_child=1 2 -1 -2 -5 -6
right_child=3 -3 -4 4 5 -7
leaf_value=0.066704595655202856 0.039539388357661666 -0.0059456280799225925 0.010512108369307084 -0.081148362636566163 -0.0050644877352679779 0.0062661850418744627
leaf_weight=19 14.999999999999998 46 21 13.999999999999998 581 354
leaf_count=19 15 46 21 14 581 354
internal_value=-2.06638e-05 0.0147806 0.0381795 -0.00135506 -0.00204238 -0.000772475
internal_weight=1050 86 40 964 949 935
internal_count=1050 86 40 964 949 935
is_linear=0
shrinkage=0.03


Tree=227
num_leaves=7
num_cat=0
split_feature=23 15 42 42 45 28
split_gain=22.9953 48.8362 33.6481 98.7943 92.1948 107.748
threshold=7.7807481090219337 13.15 15.735882282257082 15.761117935180666 1.7065842747688296 72.250000000000014
decision_type=2 2 2 2 2 10
left_child=1 -1 4 -4 -2 -6
right_child=2 -3 3 -5 5 -7
leaf_value=-0.072864101752638785 -0.005762750875563865 0.0042343027442693706 -0.088110005408525455 -0.0013051056062069843 0.038722415956790032 -0.037018147090449927
leaf_weight=11.000000000000002 165 19 10.999999999999998 711 114 19
leaf_count=11 165 19 11 711 114 19
internal_value=-1.91629e-05 -0.0254737 0.000753715 -0.00274766 0.00921772 0.0277068
internal_weight=1050 30 1020 722 298 133
internal_count=1050 30 1020 722 298 133
is_linear=0
shrinkage=0.03


Tree=228
num_leaves=7
num_cat=0
split_feature=30 45 43 30 45 30
split_gain=23.3204 69.2856 31.8046 55.772 45.8873 106.515
threshold=29.450000000000003 1.7320489287376406 101.50000000000001 22.350000000000005 1.7065842747688296 22.150000000000002
decision_type=10 2 2 8 2 8
left_child=2 -2 3 -1 5 -4
right_child=1 -3 4 -5 -6 -7
leaf_value=-0.025208905041217804 0.086565966335209923 -0.0010388706461526454 0.012842321525449337 0.055801727487282314 0.0010688661000972247 -0.035483772298868961
leaf_weight=10.999999999999998 9.9999999999999982 31 68 21 808 101
leaf_count=11 10 31 68 21 808 101
internal_value=-2.3215e-05 0.0218805 -0.00093404 0.0280343 -0.00191054 -0.0160778
internal_weight=1050 41 1009 32 977 169
internal_count=1050 41 1009 32 977 169
is_linear=0
shrinkage=0.03


Tree=229
num_leaves=7
num_cat=0
split_feature=14 16 28 12 39 12
split_gain=23.1143 36.9776 91.682 45.0567 96.8386 87.8392
threshold=20.883333333333336 205.8666666666667 56.150000000000013 -31.668075639599692 0.70276497695852547 -29.686095661846689
decision_type=2 2 10 2 2 2
left_child=-1 3 -3 4 -2 -5
right_child=1 2 -4 5 -6 -7
leaf_value=0.036954311728477476 -0.066126416542313313 -0.076866094470024085 0.026141194894111579 -0.079185782762674184 0.027886004204099826 -0.00063296611711126675
leaf_weight=13.999999999999998 9.9999999999999982 17.000000000000004 12.999999999999998 11.999999999999998 98 886
leaf_count=14 10 17 13 12 98 886
internal_value=-1.98198e-05 -0.000554624 -0.0328262 0.000439392 0.0186543 -0.00176958
internal_weight=1050 1036 30 1006 108 898
internal_count=1050 1036 30 1006 108 898
is_linear=0
shrinkage=0.03


Tree=230
num_leaves=7
num_cat=0
split_feature=31 29 18 18 9 19
split_gain=22.5425 67.2326 27.1925 74.6269 89.473 70.1229
threshold=3.5000000000000004 13.450000000000001 2036.6333333333334 2029.7833333333335 6288.5833333333339 98.491261974274806
decision_type=10 10 2 2 2 2
left_child=2 -2 3 4 -1 -4
right_child=1 -3 5 -5 -6 -7
leaf_value=-0.013499972390607722 -0.0087889300278303287 0.077660476794609662 0.033866372852162874 -0.07032598162690798 0.073068804144859306 -0.0011073161118283614
leaf_weight=102 21 11.999999999999998 54 17 10.999999999999998 833
leaf_count=102 21 12 54 17 11 833
internal_value=-2.29882e-05 0.0240068 -0.000825531 -0.0135843 -0.00450589 0.0010576
internal_weight=1050 33 1017 130 113 887
internal_count=1050 33 1017 130 113 887
is_linear=0
shrinkage=0.03


Tree=231
num_leaves=7
num_cat=0
split_feature=15 41 14 15 25 15
split_gain=22.8644 36.1266 119.958 136.469 115.76 102.217
threshold=12.550000000000002 78.065364837646499 22.583333333333339 13.583333333333334 0.90519522067334113 13.950000000000001
decision_type=2 2 2 2 2 2
left_child=-1 2 3 4 -2 -4
right_child=1 -3 5 -5 -6 -7
leaf_value=0.039519675568892403 -0.065066525480326473 0.0021211227381489205 0.041289999077841637 -0.13056421644985677 0.0060185621028660602 -0.021454365532474845
leaf_weight=11.999999999999998 33 850 49 10.999999999999998 52 43
leaf_count=12 33 850 49 11 52 43
internal_value=-1.97046e-05 -0.000514404 -0.0123785 -0.0356706 -0.0220149 0.0120485
internal_weight=1050 1038 188 96 85 92
internal_count=1050 1038 188 96 85 92
is_linear=0
shrinkage=0.03


Tree=232
num_leaves=7
num_cat=0
split_feature=42 39 32 30 24 43
split_gain=22.4592 25.8723 53.7784 83.666 49.3792 95.8993
threshold=27.294469833374027 1.1863711001642037 19.500000000000004 24.950000000000003 404.35000000000008 115.50000000000001
decision_type=2 2 2 10 2 2
left_child=1 4 3 -3 5 -1
right_child=-2 2 -4 -5 -6 -7
leaf_value=0.087269717156887042 -0.019053487430660512 -0.0086843602031668916 0.02382784535092386 -0.077265297850888023 0.0013309521184473783 -0.0020523401057497333
leaf_weight=17 52 104 32 18 800 27
leaf_count=17 52 104 32 18 800 27
internal_value=-2.27711e-05 0.000986889 -0.0102812 -0.0193488 0.00305264 0.0336309
internal_weight=1050 998 154 122 844 44
internal_count=1050 998 154 122 844 44
is_linear=0
shrinkage=0.03


Tree=233
num_leaves=7
num_cat=0
split_feature=29 29 42 12 20 12
split_gain=22.2084 65.8798 57.7447 33.2438 26.5618 105.995
threshold=17.950000000000003 18.850000000000005 15.835319042205812 16.041268075639454 -3.0283648498332014 -45.144382647386145
decision_type=10 10 2 2 2 2
left_child=4 -2 -3 -4 -1 -6
right_child=1 2 3 -5 5 -7
leaf_value=-0.020467468568561027 -0.07217977556586265 0.049060471951961518 -0.064497813934629611 -0.0010416302346857266 0.07874519554898142 0.00086428715728945169
leaf_weight=48 13.999999999999998 13.999999999999998 9.9999999999999982 23 14.999999999999998 926
leaf_count=48 14 14 10 23 15 926
internal_value=-2.19346e-05 -0.0174398 2.98333e-05 -0.0216022 0.0010689 0.00218802
internal_weight=1050 61 47 33 989 941
internal_count=1050 61 47 33 989 941
is_linear=0
shrinkage=0.03


Tree=234
num_leaves=7
num_cat=0
split_feature=36 19 41 41 44 42
split_gain=22.207 69.3355 28.7684 72.7644 135.489 171.465
threshold=7.5000000000000009 131.08013659741934 78.065364837646499 76.035320281982436 2.2393841743469243 15.679297447204592
decision_type=2 2 2 2 2 2
left_child=2 -2 3 -1 5 -5
right_child=1 -3 -4 4 -6 -7
leaf_value=0.0045652809414408494 0.075664075337923464 -0.024960568111855538 0.0016996867125677678 -0.027490800829494701 0.013224912548766416 -0.1539354430777686
leaf_weight=110 12.000000000000002 10.999999999999998 838 33 33 12.999999999999998
leaf_count=110 12 11 838 33 33 13
internal_value=-2.21188e-05 0.0285044 -0.000688087 -0.0112284 -0.0330017 -0.0657401
internal_weight=1050 23 1027 189 79 46
internal_count=1050 23 1027 189 79 46
is_linear=0
shrinkage=0.03


Tree=235
num_leaves=7
num_cat=1
split_feature=23 24 42 7 16 38
split_gain=22.2529 47.9905 30.9691 117.187 91.7448 142.265
threshold=7.7807481090219337 497.56666666666678 15.735882282257082 0 204.01666666666668 3.5000000000000004
decision_type=2 2 2 1 2 2
left_child=1 -1 3 -2 -4 -6
right_child=2 -3 4 -5 5 -7
leaf_value=-0.052939084231853478 -0.011941942494595424 0.023480857461690902 0.00070586065103469251 0.024815363734960554 0.003694998634358247 -0.086056124228855654
leaf_weight=19.000000000000004 133 10.999999999999998 659 165 35 28
leaf_count=19 133 11 659 165 35 28
internal_value=-2.46306e-05 -0.0250649 0.000735675 0.00885573 -0.00262343 -0.0369157
internal_weight=1050 30 1020 298 722 63
internal_count=1050 30 1020 298 722 63
cat_boundaries=0 1
cat_threshold=18489
is_linear=0
shrinkage=0.03


Tree=236
num_leaves=7
num_cat=0
split_feature=30 23 25 20 12 14
split_gain=22.0366 72.3714 35.0412 30.1122 105.805 88.2039
threshold=29.450000000000003 9.9265404446662711 0.90298911285204586 -3.0283648498332014 -45.144382647386145 22.750000000000004
decision_type=10 2 2 2 2 2
left_child=3 -2 -3 5 -5 -1
right_child=1 2 -4 4 -6 -7
leaf_value=-0.049154011168650216 0.080098259678253764 0.01889002941548824 -0.047797141549262137 0.076751585248857737 -0.0010430475824407177 0.040262096151709552
leaf_weight=34 11.999999999999998 19.000000000000004 9.9999999999999982 14.999999999999998 947 12.999999999999998
leaf_count=34 12 19 10 15 947 13
internal_value=-2.30213e-05 0.0212693 -0.00493227 -0.000908421 0.000248407 -0.0240984
internal_weight=1050 41 29 1009 962 47
internal_count=1050 41 29 1009 962 47
is_linear=0
shrinkage=0.03


Tree=237
num_leaves=7
num_cat=0
split_feature=33 43 36 13 19 1
split_gain=21.6191 43.0492 32.8789 28.5417 141.905 98.8937
threshold=23.500000000000004 120.50000000000001 3.5000000000000004 5.5973333333333342 98.491261974274806 22.500000000000004
decision_type=2 2 2 2 2 2
left_child=1 2 -1 5 -5 -2
right_child=3 -3 -4 4 -6 -7
leaf_value=0.064242313742637627 -0.023473204486964348 -0.0055072288627320146 0.0099296522953293536 0.099979118200448844 -5.5186264567808908e-05 0.015847033341838554
leaf_weight=19 166 46 21 11.999999999999998 699 87
leaf_count=19 166 46 21 12 699 87
internal_value=-1.89621e-05 0.0143041 0.0366658 -0.00131025 0.00177121 -0.00994286
internal_weight=1050 86 40 964 711 253
internal_count=1050 86 40 964 711 253
is_linear=0
shrinkage=0.03


Tree=238
num_leaves=7
num_cat=0
split_feature=15 44 36 44 14 45
split_gain=21.7898 34.2899 84.0326 48.2593 62.3478 65.2981
threshold=12.550000000000002 2.1159207820892338 2.5000000000000004 2.145043253898621 21.750000000000004 1.6755517125129702
decision_type=2 2 2 2 2 2
left_child=-1 2 -2 4 -3 -6
right_child=1 3 -4 -5 5 -7
leaf_value=0.038585190251469607 0.047612090137871828 -0.0048610210312408919 -0.047538569172223405 -0.00076304079338136179 0.0071941819245165016 0.10993091473212609
leaf_weight=11.999999999999998 9.9999999999999982 22 35 949 10.000000000000002 11.999999999999998
leaf_count=12 10 22 35 949 10 12
internal_value=-1.37986e-05 -0.000496737 -0.0258186 0.000675599 0.0310319 0.0655756
internal_weight=1050 1038 45 993 44 22
internal_count=1050 1038 45 993 44 22
is_linear=0
shrinkage=0.03


Tree=239
num_leaves=7
num_cat=0
split_feature=15 14 15 9 45 12
split_gain=21.296 25.5338 68.0744 125.737 67.6081 65.3954
threshold=20.250000000000004 22.450000000000003 13.583333333333334 9246.7833333333347 1.7749314308166506 -18.693103448276059
decision_type=2 2 2 2 2 2
left_child=1 2 4 -4 5 -1
right_child=-2 -3 3 -5 -6 -7
leaf_value=0.011494549374374758 -0.018919222833561327 0.0042188327293505561 -0.080469099117649934 0.026454112976789474 0.06359381637402943 -0.018341195939675623
leaf_weight=126 50 683 26 14.999999999999998 12.999999999999998 137
leaf_count=126 50 683 26 15 13 137
internal_value=-9.09846e-06 0.000954364 -0.00607033 -0.0416524 -0.000653299 -0.00405787
internal_weight=1050 1000 317 41 276 263
internal_count=1050 1000 317 41 276 263
is_linear=0
shrinkage=0.03


Tree=240
num_leaves=7
num_cat=0
split_feature=45 14 44 39 23 15
split_gain=21.4294 59.2027 53.1601 59.2632 39.2794 73.9939
threshold=1.6265861988067629 21.383333333333336 2.1024899482727055 0.99450549450549464 7.7807481090219337 13.250000000000002
decision_type=2 2 2 2 2 2
left_child=1 -1 3 -2 5 -4
right_child=2 -3 4 -5 -6 -7
leaf_value=0.078236772959882545 0.0022795355319976799 -0.020979309732263737 -0.095224182063882959 -0.095994937988844786 0.0013644088693949813 0.0055300453831167778
leaf_weight=10.000000000000002 11.000000000000002 9.9999999999999982 10.000000000000002 9.9999999999999982 983 15.999999999999998
leaf_count=10 11 10 10 10 983 16
internal_value=-9.16717e-06 0.029992 -0.000620239 -0.0467541 0.00038527 -0.0353132
internal_weight=1050 20 1030 21 1009 26
internal_count=1050 20 1030 21 1009 26
is_linear=0
shrinkage=0.03


Tree=241
num_leaves=7
num_cat=0
split_feature=29 29 14 25 41 14
split_gain=21.2562 61.7369 49.7486 24.7387 63.9351 196.615
threshold=17.950000000000003 18.850000000000005 22.350000000000005 0.90582123527716119 78.065364837646499 22.516666666666669
decision_type=10 10 2 2 2 2
left_child=3 -2 -3 4 5 -1
right_child=1 2 -4 -5 -6 -7
leaf_value=-0.077969299836182282 -0.070043639689683912 0.050167924005251663 -0.018299977899660008 0.0083520370384687747 0.001691082825768489 0.0085753734334416323
leaf_weight=37 13.999999999999998 11.999999999999998 35 293 597 62
leaf_count=37 14 12 35 293 597 62
internal_value=-1.24541e-05 -0.0170528 -0.000137837 0.00105473 -0.00202485 -0.0242258
internal_weight=1050 61 47 989 696 99
internal_count=1050 61 47 989 696 99
is_linear=0
shrinkage=0.03


Tree=242
num_leaves=7
num_cat=0
split_feature=36 19 41 16 25 29
split_gain=20.8209 64.2616 24.9213 72.062 167.846 136.924
threshold=7.5000000000000009 131.08013659741934 78.065364837646499 204.08333333333334 0.90540508163996181 12.850000000000003
decision_type=2 2 2 2 2 10
left_child=2 -2 3 -1 5 -5
right_child=1 -3 -4 4 -6 -7
leaf_value=0.008124290273328753 0.07300526453898501 -0.023874847944825885 0.0015626916549952769 -0.11646385066784345 0.0032913736446555388 0.0055977329382529625
leaf_weight=94 12.000000000000002 10.999999999999998 838 25 58 11.999999999999998
leaf_count=94 12 11 838 25 58 12
internal_value=-1.48643e-05 0.0276071 -0.00065972 -0.01047 -0.0287614 -0.0777708
internal_weight=1050 23 1027 189 95 37
internal_count=1050 23 1027 189 95 37
is_linear=0
shrinkage=0.03


Tree=243
num_leaves=7
num_cat=0
split_feature=43 15 30 39 45 1
split_gain=20.828 107.673 124.256 121.46 78.989 88.843
threshold=107.50000000000001 13.350000000000003 22.950000000000003 0.76080432172869161 1.6695590019226076 21.500000000000004
decision_type=2 2 10 2 2 2
left_child=1 3 -3 -1 -5 -6
right_child=-2 2 -4 4 5 -7
leaf_value=0.059736527279019354 -0.0015588235671591597 0.074387400375830165 -0.020754911654726847 0.0049418471409724309 -0.02623611187934875 -0.13523353977636857
leaf_weight=14.999999999999998 927 36 18 25 19.000000000000004 9.9999999999999982
leaf_count=15 927 36 18 25 19 10
internal_value=-1.58102e-05 0.011532 0.0428726 -0.0132574 -0.034251 -0.0670764
internal_weight=1050 123 54 69 54 29
internal_count=1050 123 54 69 54 29
is_linear=0
shrinkage=0.03


Tree=244
num_leaves=7
num_cat=0
split_feature=30 23 25 43 4 31
split_gain=20.8435 67.3211 32.8033 28.7936 69.6826 42.9496
threshold=29.450000000000003 9.9265404446662711 0.90262735957333307 101.50000000000001 58.250000000000007 1.5000000000000002
decision_type=10 2 2 2 2 10
left_child=3 -2 -3 4 -1 -6
right_child=1 2 -4 -5 5 -7
leaf_value=-0.03654375688596205 0.077429707233722389 0.020096491112520817 -0.043282205108553171 -0.0018068564900388495 0.095092187821865057 0.011790682794526219
leaf_weight=9.9999999999999982 11.999999999999998 18.000000000000004 10.999999999999998 977 11.000000000000002 10.999999999999998
leaf_count=10 12 18 11 977 11 11
internal_value=-1.66122e-05 0.0206913 -0.0045851 -0.000877715 0.0266852 0.055765
internal_weight=1050 41 29 1009 32 22
internal_count=1050 41 29 1009 32 22
is_linear=0
shrinkage=0.03


Tree=245
num_leaves=7
num_cat=0
split_feature=46 19 10 6 45 44
split_gain=20.6311 101.465 37.4172 27.5323 24.954 46.449
threshold=151.98428344726565 82.053446003519497 1145.5453164353808 3.5000000000000004 1.6302720904350283 2.1024899482727055
decision_type=2 2 2 2 2 2
left_child=3 -2 -3 -1 -4 -6
right_child=1 2 4 -5 5 -7
leaf_value=0.062202819748358271 -0.07557130347937345 0.055598501834002403 0.030190307535231112 -0.0060288170521909544 -0.049929564104360689 9.3718804965903761e-05
leaf_weight=10.000000000000002 14.999999999999998 9.9999999999999982 23 9.9999999999999982 15.999999999999998 966
leaf_count=10 15 10 23 10 16 966
internal_value=-1.26094e-05 -0.000612189 0.000568872 0.0294245 -3.34087e-05 -0.000771288
internal_weight=1050 1030 1015 20 1005 982
internal_count=1050 1030 1015 20 1005 982
is_linear=0
shrinkage=0.03


Tree=246
num_leaves=7
num_cat=0
split_feature=14 16 23 14 42 45
split_gain=20.3204 33.9655 85.249 77.54 62.7014 69.7439
threshold=20.883333333333336 205.51666666666668 8.8890023027169622 21.416666666666668 15.221745491027834 1.6755517125129702
decision_type=2 2 2 2 2 2
left_child=-1 4 -3 -4 -2 -6
right_child=1 2 3 -5 5 -7
leaf_value=0.034655848145484926 0.034989833468976224 -0.098064328587867997 0.019601243510842324 -0.06430159628391266 -0.044411771418526765 0.00065407312454402345
leaf_weight=13.999999999999998 45 9.9999999999999982 33 12.999999999999998 31 904
leaf_count=14 45 10 33 13 31 904
internal_value=-1.17584e-05 -0.000513207 -0.0230261 -0.00497404 0.000795405 -0.000885941
internal_weight=1050 1036 56 46 980 935
internal_count=1050 1036 56 46 980 935
is_linear=0
shrinkage=0.03


Tree=247
num_leaves=7
num_cat=1
split_feature=44 38 7 39 12 12
split_gain=20.3442 22.9129 83.3168 112.006 114.244 68.5941
threshold=3.3904626369476323 2.5000000000000004 0 1.1863711001642037 34.65795328142358 -10.996440489432885
decision_type=2 2 1 2 2 2
left_child=1 2 -1 4 5 -4
right_child=-2 -3 3 -5 -6 -7
leaf_value=-0.012286792992897656 -0.018497440569541033 -0.0018362201768959072 0.033948444771766659 -0.027739907851950688 0.00076533088876333619 0.092202261686325074
leaf_weight=104 50 730 49 32 55 30
leaf_count=104 50 730 49 32 55 30
internal_value=-1.47419e-05 0.000926949 0.00837695 0.0208087 0.0340633 0.0569462
internal_weight=1050 1000 270 166 134 79
internal_count=1050 1000 270 166 134 79
cat_boundaries=0 1
cat_threshold=8658
is_linear=0
shrinkage=0.03


Tree=248
num_leaves=7
num_cat=0
split_feature=30 30 45 46 45 9
split_gain=20.1801 31.6251 69.1708 121.201 86.4794 61.4898
threshold=14.850000000000003 18.750000000000004 1.7398706674575808 311.61114501953131 1.6952003240585329 7759.4333333333343
decision_type=8 8 2 2 2 2
left_child=-1 2 3 4 -2 -6
right_child=1 -3 -4 -5 5 -7
leaf_value=0.032404670812846981 0.040922045290470124 0.0014550406287735394 0.0015996657546352721 -0.12600930929183959 -0.10246240269054063 0.00029473409056663514
leaf_weight=15.999999999999998 13.999999999999998 903 86 10.999999999999998 10.000000000000002 9.9999999999999982
leaf_count=16 14 903 86 11 10 10
internal_value=-1.59071e-05 -0.000548404 -0.0142648 -0.0439592 -0.0145718 -0.0535164
internal_weight=1050 1034 131 45 34 20
internal_count=1050 1034 131 45 34 20
is_linear=0
shrinkage=0.03


Tree=249
num_leaves=7
num_cat=0
split_feature=29 29 14 26 22 20
split_gain=20.0872 57.2477 46.1767 27.5062 31.9992 157.869
threshold=17.950000000000003 18.850000000000005 22.350000000000005 36.81666666666667 413.65000000000003 -1.4517241379310928
decision_type=10 10 2 2 2 2
left_child=3 -2 -3 -1 5 -5
right_child=1 2 -4 4 -6 -7
leaf_value=0.037764245867729189 -0.067612795591354372 0.048176325215743138 -0.017787836490121358 -0.053648147220977327 0.0042557568047673321 0.0019729133144331472
leaf_weight=17 13.999999999999998 11.999999999999998 35 54 640 278
leaf_count=17 14 12 35 54 640 278
internal_value=-1.97627e-05 -0.0165849 -0.000293123 0.00101767 0.000336829 -0.00720782
internal_weight=1050 61 47 989 972 332
internal_count=1050 61 47 989 972 332
is_linear=0
shrinkage=0.03


Tree=250
num_leaves=7
num_cat=0
split_feature=12 1 41 12 25 45
split_gain=21.1286 115.764 93.2113 80.1466 71.6 69.2816
threshold=-31.668075639599692 20.500000000000004 83.334060668945327 -29.686095661846689 0.90588215629907454 1.7482320666313174
decision_type=2 2 2 2 2 2
left_child=1 2 -1 -2 5 -3
right_child=3 4 -4 -5 -6 -7
leaf_value=0.0055304272879253729 -0.075540162009688522 -0.025173701190948486 -0.081239991976934323 -0.00052316357985069761 0.064618337757105154 0.054795362055301666
leaf_weight=32 11.999999999999998 24 15.999999999999998 915 36 14.999999999999998
leaf_count=32 12 24 16 915 36 15
internal_value=-2.0508e-05 0.0116104 -0.0244607 -0.00157461 0.034714 0.00618458
internal_weight=1050 123 48 927 75 39
internal_count=1050 123 48 927 75 39
is_linear=0
shrinkage=0.03


Tree=251
num_leaves=7
num_cat=1
split_feature=23 24 42 7 30 42
split_gain=20.0094 44.6979 30.1027 107.003 93.1117 131.897
threshold=7.7807481090219337 497.56666666666678 15.735882282257082 0 24.450000000000003 15.617525577545168
decision_type=2 2 2 1 10 2
left_child=1 -1 3 -2 5 -5
right_child=2 -3 -4 4 -6 -7
leaf_value=-0.050673550844192491 -0.011192335663363338 0.023060420304536818 -0.0026123323682135289 0.022969679951140309 -0.0200754582204602 0.10370189569213173
leaf_weight=19.000000000000004 133 10.999999999999998 722 112 32 21
leaf_count=19 133 11 722 112 32 21
internal_value=-2.15349e-05 -0.023766 0.000699425 0.00870511 0.0239462 0.0363956
internal_weight=1050 30 1020 298 165 133
internal_count=1050 30 1020 298 165 133
cat_boundaries=0 1
cat_threshold=18489
is_linear=0
shrinkage=0.03


Tree=252
num_leaves=7
num_cat=0
split_feature=31 18 13 19 1 25
split_gain=20.0744 59.8684 23.2753 108.909 90.8318 101.801
threshold=3.5000000000000004 2135.1333333333337 5.5973333333333342 98.491261974274806 22.500000000000004 0.90160813604279866
decision_type=10 2 2 2 2 2
left_child=2 -2 4 -4 -1 -6
right_child=1 -3 3 -5 5 -7
leaf_value=-0.020859253145963621 0.067521772027015675 -0.012129644120112061 0.084831438660621636 0.00036415193792376866 -0.024109096570561331 0.040200486070765505
leaf_weight=177 13.999999999999998 19 12.999999999999998 735 35 57
leaf_count=177 14 19 13 735 35 57
internal_value=-2.22233e-05 0.0226539 -0.000779558 0.00194347 -0.00833054 0.0157387
internal_weight=1050 33 1017 748 269 92
internal_count=1050 33 1017 748 269 92
is_linear=0
shrinkage=0.03


Tree=253
num_leaves=7
num_cat=0
split_feature=46 19 10 43 9 19
split_gain=20.1106 94.3874 34.408 28.5165 22.2243 42.9906
threshold=151.98428344726565 82.053446003519497 1145.5453164353808 114.50000000000001 6031.5000000000009 98.491261974274806
decision_type=2 2 2 2 2 2
left_child=3 -2 -3 -1 -4 -6
right_child=1 2 4 -5 5 -7
leaf_value=0.062412475672635144 -0.072907025227323174 0.053299937302416021 -0.020418569745252961 -0.0069615779749371788 0.01944292723026016 -0.0012460040676574634
leaf_weight=10.000000000000002 14.999999999999998 9.9999999999999982 45 9.9999999999999982 100 860
leaf_count=10 15 10 45 10 100 860
internal_value=-1.76796e-05 -0.000609642 0.000529499 0.0290457 -4.80398e-05 0.000927082
internal_weight=1050 1030 1015 20 1005 960
internal_count=1050 1030 1015 20 1005 960
is_linear=0
shrinkage=0.03


Tree=254
num_leaves=7
num_cat=0
split_feature=12 39 12 1 43 39
split_gain=19.4917 176.608 76.4087 66.1044 90.7749 71.2342
threshold=-31.668075639599692 0.65434565434565439 -29.686095661846689 20.500000000000004 110.50000000000001 0.97680890538033405
decision_type=2 2 2 2 2 2
left_child=1 -1 -2 -3 5 -5
right_child=2 3 -4 4 -6 -7
leaf_value=-0.1037750421328978 -0.073728999736217354 -0.0065294230418900647 -0.00048227591944251442 -0.065602321587502926 0.063407940533943483 0.038201576557296973
leaf_weight=9.9999999999999982 11.999999999999998 44 915 10.000000000000002 47 11.999999999999998
leaf_count=10 12 44 915 10 47 12
internal_value=-1.61895e-05 0.0111551 -0.00150888 0.0221469 0.0402654 -0.00978283
internal_weight=1050 123 927 113 69 22
internal_count=1050 123 927 113 69 22
is_linear=0
shrinkage=0.03


Tree=255
num_leaves=7
num_cat=1
split_feature=7 4 20 36 39 23
split_gain=19.3203 72.4729 110.496 109.51 77.2666 69.9168
threshold=0 56.250000000000007 -0.25595105672973528 3.5000000000000004 0.57792207792207806 10.376919569787823
decision_type=1 2 2 2 2 2
left_child=1 2 3 -1 -3 -6
right_child=-2 4 -4 -5 5 -7
leaf_value=0.0092523602396249773 0.0042240910801596985 -0.05614666291326284 -0.0046739953190088265 -0.1035484057188034 0.01925371812922614 -0.0055994525791998075
leaf_weight=10.999999999999998 497 19 74 24 167 258
leaf_count=11 497 19 74 24 167 258
internal_value=-1.99429e-05 -0.00384184 -0.0257112 -0.0688245 0.00148637 0.00418865
internal_weight=1050 553 109 35 444 425
internal_count=1050 553 109 35 444 425
cat_boundaries=0 1
cat_threshold=5009
is_linear=0
shrinkage=0.03


Tree=256
num_leaves=7
num_cat=1
split_feature=15 44 36 44 19 7
split_gain=19.4659 31.8709 74.2495 46.1691 68.2644 39.7685
threshold=12.550000000000002 2.1159207820892338 2.5000000000000004 2.145043253898621 107.40419721378031 0
decision_type=2 2 2 2 2 1
left_child=-1 2 -2 4 -3 -5
right_child=1 3 -4 5 -6 -7
leaf_value=0.036460598959372592 0.044161609411239623 0.066496561132371429 -0.04529879555106163 0.0097712256897810011 -0.0071291893364294713 -0.0042473178717754414
leaf_weight=11.999999999999998 9.9999999999999982 22 35 232 22 717
leaf_count=12 10 22 35 232 22 717
internal_value=-2.20563e-05 -0.000478507 -0.0248908 0.00065172 0.0303433 -0.00075541
internal_weight=1050 1038 45 993 44 949
internal_count=1050 1038 45 993 44 949
cat_boundaries=0 1
cat_threshold=43021
is_linear=0
shrinkage=0.03


Tree=257
num_leaves=7
num_cat=0
split_feature=30 23 4 20 12 14
split_gain=19.2903 60.3282 30.7574 26.969 93.8267 72.7634
threshold=29.450000000000003 9.9265404446662711 78.600000000000009 -3.0283648498332014 -45.144382647386145 22.750000000000004
decision_type=10 2 2 2 2 2
left_child=3 -2 -3 5 -5 -1
right_child=1 2 -4 4 -6 -7
leaf_value=-0.045537282394511353 0.073613946896332952 0.036401730911298218 -0.026070764130447059 0.072291907221078866 -0.0009667519059494916 0.035700568508888995
leaf_weight=34 11.999999999999998 10.000000000000002 19 14.999999999999998 947 12.999999999999998
leaf_count=34 12 10 19 15 947 13
internal_value=-1.69573e-05 0.0199044 -0.00403321 -0.000845354 0.000249418 -0.0227916
internal_weight=1050 41 29 1009 962 47
internal_count=1050 41 29 1009 962 47
is_linear=0
shrinkage=0.03


Tree=258
num_leaves=7
num_cat=0
split_feature=30 30 33 20 19 26
split_gain=18.9144 28.4422 75.052 138.531 131.475 110.653
threshold=14.850000000000003 18.750000000000004 26.500000000000004 -0.41078976640718073 114.73575726838619 42.716666666666676
decision_type=8 8 2 2 2 2
left_child=-1 2 -2 4 5 -4
right_child=1 -3 3 -5 -6 -7
leaf_value=0.031375093479805133 0.02036963913635146 0.0013721344461566686 0.035471908152103417 0.0016655484753261719 -0.16079221015626732 -0.085755309462547294
leaf_weight=15.999999999999998 40 903 11.000000000000002 55 9.9999999999999982 14.999999999999998
leaf_count=16 40 903 11 55 10 15
internal_value=-1.22972e-05 -0.000527827 -0.0135357 -0.0284985 -0.0733821 -0.0350527
internal_weight=1050 1034 131 91 36 26
internal_count=1050 1034 131 91 36 26
is_linear=0
shrinkage=0.03


Tree=259
num_leaves=7
num_cat=0
split_feature=14 16 23 14 42 45
split_gain=19.79 32.767 77.5816 72.6917 56.3383 63.9947
threshold=20.883333333333336 205.51666666666668 8.8890023027169622 21.416666666666668 15.221745491027834 1.6755517125129702
decision_type=2 2 2 2 2 2
left_child=-1 4 -3 -4 -2 -6
right_child=1 2 3 -5 5 -7
leaf_value=0.03419571852684021 0.033187001975982088 -0.094210956506431104 0.018420077082427107 -0.062820917538234156 -0.042512980615720154 0.00065545054185538664
leaf_weight=13.999999999999998 45 9.9999999999999982 33 12.999999999999998 31 904
leaf_count=14 45 10 33 13 31 904
internal_value=-1.63896e-05 -0.000511245 -0.0226233 -0.00538745 0.000774077 -0.000819693
internal_weight=1050 1036 56 46 980 935
internal_count=1050 1036 56 46 980 935
is_linear=0
shrinkage=0.03


Tree=260
num_leaves=7
num_cat=0
split_feature=29 29 44 26 23 15
split_gain=19.2134 52.6141 41.4234 25.3901 29.3917 59.828
threshold=17.950000000000003 18.850000000000005 2.1881823539733891 36.81666666666667 7.7807481090219337 13.15
decision_type=10 10 2 2 2 2
left_child=3 -2 -3 -1 5 -5
right_child=1 2 -4 4 -6 -7
leaf_value=0.036300283372402188 -0.06513938045501709 0.050685109035535289 -0.015423221663620911 -0.084537517645142266 0.001253927222475232 0.00405694654113368
leaf_weight=17 13.999999999999998 9.9999999999999982 37 10.000000000000002 944 18
leaf_count=17 14 10 37 10 944 18
internal_value=-1.91259e-05 -0.01622 -0.000594713 0.000995491 0.000341347 -0.029408
internal_weight=1050 61 47 989 972 28
internal_count=1050 61 47 989 972 28
is_linear=0
shrinkage=0.03


Tree=261
num_leaves=7
num_cat=0
split_feature=44 14 16 44 16 29
split_gain=19.0198 22.7404 67.6121 178.929 94.3833 74.6823
threshold=3.3904626369476323 22.450000000000003 203.01666666666668 2.233284711837769 203.25000000000003 13.550000000000002
decision_type=2 2 2 2 2 8
left_child=1 -1 3 -3 -4 -6
right_child=-2 2 4 -5 5 -7
leaf_value=-0.0057394026385901385 -0.017891592098783479 -0.11632462307810783 0.06706223038656095 0.00095035660901303561 0.073525706350803369 0.0032039276974237694
leaf_weight=317 50 10.999999999999998 30 482 13.999999999999998 146
leaf_count=317 50 11 30 482 14 146
internal_value=-2.06302e-05 0.000889899 0.00397064 -0.0018965 0.0191246 0.00977555
internal_weight=1050 1000 683 493 190 160
internal_count=1050 1000 683 493 190 160
is_linear=0
shrinkage=0.03


Tree=262
num_leaves=7
num_cat=0
split_feature=14 16 28 42 9 33
split_gain=18.8786 30.8585 75.7747 40.8212 52.1277 61.1862
threshold=20.883333333333336 205.8666666666667 50.750000000000007 15.137839794158937 7242.416666666667 28.500000000000004
decision_type=2 2 10 2 2 2
left_child=-1 3 -3 4 -2 -6
right_child=1 2 -4 -5 5 -7
leaf_value=0.033395229816436764 0.069889103630009816 -0.085212397758777286 0.0093820298169004293 -0.00085439079082574583 0.039110157117247572 -0.052804540937597101
leaf_weight=13.999999999999998 15.999999999999998 12.000000000000002 18 965 15.000000000000002 9.9999999999999982
leaf_count=14 16 12 18 965 15 10
internal_value=-1.98747e-05 -0.000503198 -0.029984 0.000404852 0.0293578 0.00172741
internal_weight=1050 1036 30 1006 41 25
internal_count=1050 1036 30 1006 41 25
is_linear=0
shrinkage=0.03


Tree=263
num_leaves=7
num_cat=0
split_feature=12 39 12 4 3 3
split_gain=18.8557 160.624 71.1605 61.0183 60.7971 75.5053
threshold=-31.668075639599692 0.65434565434565439 -29.686095661846689 64.15000000000002 173.65000000000001 168.75000000000003
decision_type=2 2 2 2 2 2
left_child=1 -1 -2 4 5 -3
right_child=2 3 -4 -5 -6 -7
leaf_value=-0.098642543500119986 -0.071182804577625713 0.010116146621959549 -0.0004962889479377153 0.041908082888904408 0.038113189637660978 -0.080288463554212014
leaf_weight=9.9999999999999982 11.999999999999998 20 915 60 20 12.999999999999998
leaf_count=10 12 20 915 60 20 13
internal_value=-1.89101e-05 0.0109686 -0.00148704 0.0214489 -0.00205967 -0.0268117
internal_weight=1050 123 927 113 53 33
internal_count=1050 123 927 113 53 33
is_linear=0
shrinkage=0.03


Tree=264
num_leaves=7
num_cat=0
split_feature=36 19 14 16 44 45
split_gain=18.5953 54.7334 22.8267 70.3018 164.872 90.3897
threshold=7.5000000000000009 131.08013659741934 22.450000000000003 203.01666666666668 2.233284711837769 1.7655883431434634
decision_type=2 2 2 2 2 2
left_child=2 -2 -1 4 -4 -5
right_child=1 -3 3 5 -6 -7
leaf_value=-0.0074366334110081587 0.067967290053000798 -0.021469191703945397 -0.11314161494374275 0.034783330695017385 -0.00067442555434868803 -0.0084254581234614601
leaf_weight=309 12.000000000000002 10.999999999999998 10.999999999999998 113 524 70
leaf_count=309 12 11 11 113 524 70
internal_value=-2.29234e-05 0.026081 -0.000632332 0.00230225 -0.00319361 0.0182994
internal_weight=1050 23 1027 718 535 183
internal_count=1050 23 1027 718 535 183
is_linear=0
shrinkage=0.03


Tree=265
num_leaves=7
num_cat=0
split_feature=15 41 14 15 16 42
split_gain=18.6212 28.565 96.0989 124.683 97.9984 104.858
threshold=12.550000000000002 78.065364837646499 22.583333333333339 13.583333333333334 202.95000000000002 16.157872200012211
decision_type=2 2 2 2 2 2
left_child=-1 2 3 -2 -4 -6
right_child=1 -3 4 -5 5 -7
leaf_value=0.035658702454887899 -0.018845454904055873 0.001873495006365001 -0.016819439695145075 -0.12253504365682602 0.071542007387615736 -0.0369393422386863
leaf_weight=11.999999999999998 85 850 51 10.999999999999998 31 9.9999999999999982
leaf_count=12 85 850 51 11 31 10
internal_value=-2.36172e-05 -0.000470053 -0.0110197 -0.0318673 0.010843 0.0448336
internal_weight=1050 1038 188 96 92 41
internal_count=1050 1038 188 96 92 41
is_linear=0
shrinkage=0.03


Tree=266
num_leaves=7
num_cat=0
split_feature=45 14 16 42 36 45
split_gain=18.6683 49.2601 28.5865 64.6261 52.5536 44.9045
threshold=1.6265861988067629 21.383333333333336 205.51666666666668 15.109181404113771 2.5000000000000004 1.6755517125129702
decision_type=2 2 2 2 2 2
left_child=1 -1 3 -2 -4 -5
right_child=2 -3 4 5 -6 -7
leaf_value=0.071972288489341701 0.052670244063649854 -0.018562724265185269 0.027696989655494691 -0.032489841384323016 -0.037824466627004533 0.00079016551025192026
leaf_weight=10.000000000000002 20 9.9999999999999982 13.999999999999998 37 42 917
leaf_count=10 20 10 14 37 42 917
internal_value=-2.53653e-05 0.0279764 -0.000595698 0.000612137 -0.0212456 -0.000533238
internal_weight=1050 20 1030 974 56 954
internal_count=1050 20 1030 974 56 954
is_linear=0
shrinkage=0.03


Tree=267
num_leaves=7
num_cat=0
split_feature=31 29 18 19 46 23
split_gain=18.1814 59.4855 22.8599 111.008 83.6178 82.9743
threshold=3.5000000000000004 13.450000000000001 2097.7666666666669 107.40419721378031 261.46131896972662 8.669870666198868
decision_type=10 10 2 2 2 2
left_child=2 -2 4 -4 5 -1
right_child=1 -3 3 -5 -6 -7
leaf_value=0.032084763506427402 -0.0092491573264653019 0.072034161411798914 0.056090732434386149 -0.00031289188865384158 -0.088497379042885516 -0.010611092872967545
leaf_weight=47 21 11.999999999999998 32 649 9.9999999999999982 279
leaf_count=47 21 12 32 649 10 279
internal_value=-2.27702e-05 0.0215577 -0.000743511 0.00241586 -0.00713504 -0.00437626
internal_weight=1050 33 1017 681 336 326
internal_count=1050 33 1017 681 336 326
is_linear=0
shrinkage=0.03


Tree=268
num_leaves=7
num_cat=0
split_feature=23 15 26 26 39 26
split_gain=18.7816 38.0307 29.236 78.3247 60.0942 63.8756
threshold=7.7807481090219337 13.15 43.783333333333339 43.583333333333343 1.2343647136273865 41.983333333333341
decision_type=2 2 2 2 2 2
left_child=1 -1 3 4 -2 -6
right_child=2 -3 -4 -5 5 -7
leaf_value=-0.064843004643917068 0.010795905227154436 0.0032169868201017381 -0.0024704637378548857 0.083880648016929626 -0.07064394755288958 0.011136300660231534
leaf_weight=11.000000000000002 239 19 737 10.999999999999998 17 15.999999999999998
leaf_count=11 239 19 737 11 17 16
internal_value=-2.06161e-05 -0.023025 0.000677874 0.00885673 0.00552653 -0.0318316
internal_weight=1050 30 1020 283 272 33
internal_count=1050 30 1020 283 272 33
is_linear=0
shrinkage=0.03


Tree=269
num_leaves=7
num_cat=1
split_feature=7 4 12 42 14 4
split_gain=18.2214 65.741 88.2924 56.1663 120.093 77.8442
threshold=0 56.250000000000007 -26.085650723025722 15.709536552429201 22.250000000000004 67.250000000000014
decision_type=1 2 2 2 2 2
left_child=1 2 -1 5 -5 -3
right_child=-2 3 -4 4 -6 -7
leaf_value=-0.085386902987956995 0.0041007790038525768 0.041884349250190314 -0.012526039671032659 -0.067028940179600163 0.00019947362263191703 -0.0059799861446954315
leaf_weight=17 497 62 92 25 298 59
leaf_count=17 497 62 92 25 298 59
internal_value=-2.08232e-05 -0.00373241 -0.0245626 0.00134113 -0.00519478 0.0186878
internal_weight=1050 553 109 444 323 121
internal_count=1050 553 109 444 323 121
cat_boundaries=0 1
cat_threshold=5009
is_linear=0
shrinkage=0.03


Tree=270
num_leaves=7
num_cat=0
split_feature=33 44 13 19 30 15
split_gain=18.082 34.4801 25.7183 115.09 62.0676 69.5918
threshold=23.500000000000004 2.2116951942443852 5.5973333333333342 98.491261974274806 29.650000000000002 12.816666666666668
decision_type=2 2 2 2 10 2
left_child=1 -1 4 -4 5 -2
right_child=2 -3 3 -5 -6 -7
leaf_value=0.046561391779354637 0.039829062218112603 0.002386090866995475 0.090165391885317289 7.6515731581353719e-05 0.060401588746092534 -0.017356860319977643
leaf_weight=20 20 66 11.999999999999998 699 9.9999999999999982 223
leaf_count=20 20 66 12 699 10 223
internal_value=-2.25885e-05 0.0130765 -0.00120352 0.0017215 -0.00939807 -0.0125063
internal_weight=1050 86 964 711 253 243
internal_count=1050 86 964 711 253 243
is_linear=0
shrinkage=0.03


Tree=271
num_leaves=7
num_cat=0
split_feature=15 41 1 20 26 23
split_gain=18.0206 20.4992 63.6073 162.366 62.9951 60.7795
threshold=20.250000000000004 80.336299896240249 23.500000000000004 -1.1083426028921644 37.116666666666674 8.4266237383915712
decision_type=2 2 2 2 2 2
left_child=1 4 5 -4 -1 -3
right_child=-2 2 3 -5 -6 -7
leaf_value=0.054165185511112213 -0.017410759546465295 -0.040351033201441171 0.090219109791975755 0.0037377450861968099 -0.00895216234392914 0.0021349279439871337
leaf_weight=13.999999999999998 50 31 25 79 280 571
leaf_count=14 50 31 25 79 280 571
internal_value=-1.55722e-05 0.000870712 0.00364167 0.0251878 -0.00577315 -0.000116176
internal_weight=1050 1000 706 104 294 602
internal_count=1050 1000 706 104 294 602
is_linear=0
shrinkage=0.03


Tree=272
num_leaves=7
num_cat=0
split_feature=29 29 42 20 43 44
split_gain=17.8793 49.2307 41.2784 29.7472 20.7041 74.6152
threshold=17.950000000000003 18.850000000000005 15.835319042205812 1.0278086763069687 118.50000000000001 2.2403222322463994
decision_type=10 10 2 2 2 2
left_child=4 -2 -3 -4 5 -1
right_child=1 2 3 -5 -6 -7
leaf_value=-0.0030175664118375516 -0.062961314857006068 0.040938599884510041 -0.059382355736399238 0.0005753445625305176 -0.0028158127182088032 0.023439039220519622
leaf_weight=283 13.999999999999998 13.999999999999998 9.9999999999999982 23 562 144
leaf_count=283 14 14 10 23 562 144
internal_value=-1.27204e-05 -0.0156409 -0.000527472 -0.0188058 0.00096603 0.00593849
internal_weight=1050 61 47 33 989 427
internal_count=1050 61 47 33 989 427
is_linear=0
shrinkage=0.03


Tree=273
num_leaves=7
num_cat=0
split_feature=45 44 39 14 12 45
split_gain=17.6324 45.1382 48.5873 44.9543 32.4163 73.3203
threshold=1.6265861988067629 2.1024899482727055 0.99450549450549464 21.383333333333336 -31.668075639599692 1.7470923066139223
decision_type=2 2 2 2 2 2
left_child=3 2 -2 -1 5 -3
right_child=1 4 -4 -5 -6 -7
leaf_value=0.069219981486147081 0.0013796122372150418 -0.0042547344649895369 -0.087663458965041421 -0.017293365760283036 -0.0015383344419866187 0.045199325924739242
leaf_weight=10.000000000000002 11.000000000000002 67 9.9999999999999982 9.9999999999999982 898 44
leaf_count=10 11 67 10 10 898 44
internal_value=-1.41435e-05 -0.000568436 -0.0430792 0.0271997 0.000358104 0.0155772
internal_weight=1050 1030 21 20 1009 111
internal_count=1050 1030 21 20 1009 111
is_linear=0
shrinkage=0.03


Tree=274
num_leaves=7
num_cat=1
split_feature=23 24 3 7 20 16
split_gain=17.8619 38.9237 25.3728 55.4598 89.8231 90.5152
threshold=7.7807481090219337 497.56666666666678 173.15000000000001 0 0.97842046718571052 203.71666666666667
decision_type=2 2 2 1 2 2
left_child=1 -1 -2 -4 5 -5
right_child=2 -3 3 4 -6 -7
leaf_value=-0.047552968919277183 -0.0034595572635981028 0.021265098005533216 -0.0032753260351190958 0.077733732225263821 -0.0040333863617419159 0.017700905245794377
leaf_weight=19.000000000000004 579 10.999999999999998 253 33 85 70
leaf_count=19 579 11 253 33 85 70
internal_value=-1.35752e-05 -0.0224477 0.000667591 0.0060818 0.0178535 0.0374972
internal_weight=1050 30 1020 441 188 103
internal_count=1050 30 1020 441 188 103
cat_boundaries=0 1
cat_threshold=12347
is_linear=0
shrinkage=0.03


Tree=275
num_leaves=7
num_cat=0
split_feature=46 19 43 3 14 4
split_gain=17.8021 85.5591 24.5078 21.2382 62.1771 47.4344
threshold=151.98428344726565 82.053446003519497 114.50000000000001 173.15000000000001 21.016666666666669 51.650000000000013
decision_type=2 2 2 2 2 2
left_child=2 -2 -1 -3 -5 -6
right_child=1 3 -4 4 5 -7
leaf_value=0.058261169086803066 -0.069402725481195374 -0.003271175059964041 -0.0060818688986314963 0.075915236445990478 0.036138310906653467 0.00060579567378254474
leaf_weight=10.000000000000002 14.999999999999998 576 9.9999999999999982 9.9999999999999982 36 393
leaf_count=10 15 576 10 10 36 393
internal_value=-1.24365e-05 -0.000569392 0.027332 0.000515158 0.00547925 0.00366465
internal_weight=1050 1030 20 1015 439 429
internal_count=1050 1030 20 1015 439 429
is_linear=0
shrinkage=0.03


Tree=276
num_leaves=7
num_cat=0
split_feature=31 46 44 44 22 16
split_gain=17.0834 55.5239 22.6013 213.532 123.991 110.831
threshold=3.5000000000000004 299.21279907226568 2.2403222322463994 2.2203639745712285 459.76666666666671 203.65000000000001
decision_type=10 2 2 2 2 2
left_child=2 -2 3 -1 5 -5
right_child=1 -3 -4 4 -6 -7
leaf_value=0.0035791350305385762 0.061662445412948727 -0.01450967414598716 0.0026304376597244957 0.03551302263513207 -0.12174002538386143 -0.063854254239371855
leaf_weight=304 14.999999999999998 18 653 14.999999999999998 18 27
leaf_count=304 15 18 653 15 18 27
internal_value=-9.43245e-06 0.0209093 -0.000708083 -0.00668804 -0.0579143 -0.0283654
internal_weight=1050 33 1017 364 60 42
internal_count=1050 33 1017 364 60 42
is_linear=0
shrinkage=0.03


Tree=277
num_leaves=7
num_cat=0
split_feature=46 19 10 6 13 46
split_gain=17.201 80.416 28.5447 24.1007 21.0147 92.431
threshold=151.98428344726565 82.053446003519497 1145.5453164353808 3.5000000000000004 4.9830000000000014 221.58986663818362
decision_type=2 2 2 2 2 2
left_child=3 -2 -3 -1 -4 -6
right_child=1 2 4 -5 5 -7
leaf_value=0.057540141885930818 -0.067291815856005993 0.048556467077948834 -0.011706331918830982 -0.0062488420561633328 0.058439175264537332 -7.7794454817397307e-05
leaf_weight=10.000000000000002 14.999999999999998 9.9999999999999982 121 9.9999999999999982 24 860
leaf_count=10 15 10 121 10 24 860
internal_value=-1.19103e-05 -0.000559381 0.000492074 0.0268669 -3.39703e-05 0.00157514
internal_weight=1050 1030 1015 20 1005 884
internal_count=1050 1030 1015 20 1005 884
is_linear=0
shrinkage=0.03


Tree=278
num_leaves=7
num_cat=1
split_feature=16 18 10 46 23 7
split_gain=16.9872 18.0882 125.502 82.0952 74.6017 89.9666
threshold=183.38333333333335 2097.7666666666669 1725.9346167097003 261.46131896972662 8.669870666198868 0
decision_type=2 2 2 2 2 1
left_child=-1 3 -3 4 -2 -6
right_child=1 2 -4 -5 5 -7
leaf_value=-0.02609372760423205 0.031839855973209652 0.079397809912303552 0.0012007495932128472 -0.085690222978591912 0.0085147300423481127 -0.024124317864029139
leaf_weight=21 48 18 666 9.9999999999999982 145 142
leaf_count=21 48 18 666 10 145 142
internal_value=-9.292e-06 0.00054786 0.00337147 -0.00504382 -0.0023886 -0.0082039
internal_weight=1050 1029 684 345 335 287
internal_count=1050 1029 684 345 335 287
cat_boundaries=0 1
cat_threshold=52016
is_linear=0
shrinkage=0.03


Tree=279
num_leaves=7
num_cat=0
split_feature=23 15 26 26 26 41
split_gain=17.6859 36.0713 25.4332 73.5989 57.3389 58.6341
threshold=7.7807481090219337 13.15 43.783333333333339 43.583333333333343 44.283333333333339 72.724044799804702
decision_type=2 2 2 2 2 2
left_child=1 -1 3 -2 -4 -6
right_child=2 -3 4 -5 5 -7
leaf_value=-0.063063966184854478 0.0050652623757372027 0.0032157303169369697 -0.047882951132487507 0.081015972942113865 0.041818276007792775 -0.0024693034137673623
leaf_weight=11.000000000000002 272 19 23 10.999999999999998 27 687
leaf_count=11 272 19 23 11 27 687
internal_value=-1.38958e-05 -0.0223372 0.000663906 0.00829228 -0.00227257 -0.000738418
internal_weight=1050 30 1020 283 737 714
internal_count=1050 30 1020 283 737 714
is_linear=0
shrinkage=0.03


Tree=280
num_leaves=7
num_cat=0
split_feature=45 44 39 14 23 15
split_gain=16.8636 42.5194 44.8368 41.3218 31.8009 59.6354
threshold=1.6265861988067629 2.1024899482727055 0.99450549450549464 21.383333333333336 7.7807481090219337 13.250000000000002
decision_type=2 2 2 2 2 2
left_child=3 2 -2 -1 5 -3
right_child=1 4 -4 -5 -6 -7
leaf_value=0.066878357908942462 0.00092968180775642362 -0.085561224818229642 -0.084642649509690013 -0.016094830578023737 0.0012252313260836584 0.0048943982141859393
leaf_weight=10.000000000000002 11.000000000000002 10.000000000000002 9.9999999999999982 9.9999999999999982 983 15.999999999999998
leaf_count=10 11 10 10 10 983 16
internal_value=-1.29736e-05 -0.000555048 -0.0418142 0.0266009 0.000344217 -0.0317766
internal_weight=1050 1030 21 20 1009 26
internal_count=1050 1030 21 20 1009 26
is_linear=0
shrinkage=0.03


Tree=281
num_leaves=7
num_cat=0
split_feature=33 43 36 18 19 28
split_gain=16.6321 31.8733 28.1206 22.9161 87.2455 75.7133
threshold=23.500000000000004 120.50000000000001 3.5000000000000004 2097.7666666666669 107.40419721378031 71.850000000000009
decision_type=2 2 2 2 2 8
left_child=1 2 -1 -2 5 -5
right_child=3 -3 -4 4 -6 -7
leaf_value=0.057273587733507152 -0.0078056900441694022 -0.0045041827366073079 0.0071739420159296552 0.002584651557399946 -0.00047359781738580956 0.093675227375591502
leaf_weight=19 313 46 21 15.999999999999998 619 15.999999999999998
leaf_count=19 313 46 21 16 619 16
internal_value=-1.57921e-05 0.0125471 0.0317878 -0.00114839 0.00205949 0.0495884
internal_weight=1050 86 40 964 651 32
internal_count=1050 86 40 964 651 32
is_linear=0
shrinkage=0.03


Tree=282
num_leaves=7
num_cat=0
split_feature=30 45 10 20 12 45
split_gain=16.5387 50.7987 26.8482 22.9976 83.1551 60.0879
threshold=29.450000000000003 1.7320489287376406 2189.7524869992731 -3.0283648498332014 -45.144382647386145 1.7460252642631533
decision_type=10 2 2 2 2 2
left_child=3 -2 -3 5 -5 -1
right_child=1 2 -4 4 -6 -7
leaf_value=-0.046030734241489443 0.073822655731981449 -0.039414196592247611 0.017989529162984002 0.068054715916514394 -0.0009121071547486257 0.023157250024378299
leaf_weight=30 9.9999999999999982 10.000000000000002 21 14.999999999999998 947 17
leaf_count=30 10 10 21 15 947 17
internal_value=-1.10958e-05 0.0184348 -0.00118083 -0.000778143 0.000232812 -0.0210442
internal_weight=1050 41 31 1009 962 47
internal_count=1050 41 31 1009 962 47
is_linear=0
shrinkage=0.03


Tree=283
num_leaves=7
num_cat=0
split_feature=36 19 41 16 42 43
split_gain=16.4279 49.1797 21.5755 60.7161 134.949 112.824
threshold=7.5000000000000009 131.08013659741934 78.065364837646499 204.08333333333334 15.796253681182863 108.50000000000001
decision_type=2 2 2 2 2 2
left_child=2 -2 3 5 -5 -1
right_child=1 -3 -4 4 -6 -7
leaf_value=0.044170093068054736 0.064235549706679107 -0.020533462986350056 0.0014870094581847372 -0.013533969177582929 -0.1254483757235787 -0.021406736227476762
leaf_weight=41 12.000000000000002 10.999999999999998 838 85 9.9999999999999982 53
leaf_count=41 12 11 838 85 10 53
internal_value=-8.00362e-06 0.0245275 -0.00058081 -0.00970881 -0.0264985 0.00735979
internal_weight=1050 23 1027 189 95 94
internal_count=1050 23 1027 189 95 94
is_linear=0
shrinkage=0.03


Tree=284
num_leaves=7
num_cat=0
split_feature=46 19 43 19 9 28
split_gain=16.2352 74.8364 23.1568 20.5292 75.4309 70.4855
threshold=151.98428344726565 82.053446003519497 114.50000000000001 98.491261974274806 7459.5666666666675 73.15000000000002
decision_type=2 2 2 2 2 10
left_child=2 -2 -1 4 5 -3
right_child=1 3 -4 -5 -6 -7
leaf_value=0.056172280636700697 -0.064917400418780746 -0.0059351553569693084 -0.0063382035629315804 -0.0012448910079856535 0.077173694372177123 0.054094902809177128
leaf_weight=10.000000000000002 14.999999999999998 108 9.9999999999999982 874 12.999999999999998 20
leaf_count=10 15 108 10 874 13 20
internal_value=-9.7911e-06 -0.000541673 0.0261036 0.000472651 0.0110528 0.00379117
internal_weight=1050 1030 20 1015 141 128
internal_count=1050 1030 20 1015 141 128
is_linear=0
shrinkage=0.03


Tree=285
num_leaves=7
num_cat=1
split_feature=15 41 0 30 25 25
split_gain=16.1738 25.7477 61.9473 101.111 84.9165 125.067
threshold=12.550000000000002 80.336299896240249 0 24.050000000000004 0.91029295487473949 0.90467204018198821
decision_type=2 2 1 10 2 2
left_child=-1 2 -2 4 5 -4
right_child=1 -3 3 -5 -6 -7
leaf_value=0.033248484115331219 0.0070630127873428008 0.002485124731435368 0.0041741734681030119 -0.071022007412509983 0.038867365276584256 -0.064884234297726495
leaf_weight=11.999999999999998 132 753 62 29 25 37
leaf_count=12 132 753 62 29 25 37
internal_value=-6.38585e-06 -0.000422466 -0.00808645 -0.0202606 -0.00953661 -0.0220263
internal_weight=1050 1038 285 153 124 99
internal_count=1050 1038 285 153 124 99
cat_boundaries=0 1
cat_threshold=49
is_linear=0
shrinkage=0.03


Tree=286
num_leaves=7
num_cat=1
split_feature=45 46 10 45 7 12
split_gain=16.0987 28.3113 70.884 61.9199 57.4646 95.4327
threshold=2.5660885572433476 282.97834777832037 1959.7494307210293 1.7588029503822329 0 -26.468854282536402
decision_type=2 2 2 2 1 2
left_child=1 -1 3 -3 -4 -6
right_child=-2 2 4 -5 5 -7
leaf_value=-0.0034672663272185254 -0.0081466121492310539 0.01965896480358564 -0.014839951086030223 0.094242880748850955 0.050883263083682816 0.0023200696845158512
leaf_weight=456 180 38 108 12.999999999999998 43 212
leaf_count=456 180 38 108 13 43 212
internal_value=-5.60734e-06 0.00168616 0.00735707 0.0401173 0.00265682 0.0102746
internal_weight=1050 870 414 51 363 255
internal_count=1050 870 414 51 363 255
cat_boundaries=0 1
cat_threshold=2833
is_linear=0
shrinkage=0.03


Tree=287
num_leaves=7
num_cat=0
split_feature=23 24 23 45 10 31
split_gain=16.0628 36.6794 22.4926 131.38 96.3448 59.2381
threshold=7.7807481090219337 497.56666666666678 8.6452761105937466 1.6926447749137881 1959.7494307210293 2.5000000000000004
decision_type=2 2 2 2 2 10
left_child=1 -1 3 -2 5 -5
right_child=2 -3 -4 4 -6 -7
leaf_value=-0.045658738307654843 -0.053581717809041342 0.021124645918607712 -0.00057641339045067907 0.092370424001262733 -0.01576204677945689 0.0058379982818256727
leaf_weight=19.000000000000004 17 10.999999999999998 950 25 18 9.9999999999999982
leaf_count=19 17 11 950 25 18 10
internal_value=-5.66028e-06 -0.02128 0.000640284 0.0169282 0.040118 0.0684958
internal_weight=1050 30 1020 70 53 35
internal_count=1050 30 1020 70 53 35
is_linear=0
shrinkage=0.03


Tree=288
num_leaves=7
num_cat=0
split_feature=45 44 39 14 23 15
split_gain=16.3648 39.2227 41.1846 38.1335 29.1335 55.8955
threshold=1.6265861988067629 2.1024899482727055 0.99450549450549464 21.383333333333336 7.7807481090219337 13.250000000000002
decision_type=2 2 2 2 2 2
left_child=3 2 -2 -1 5 -3
right_child=1 4 -4 -5 -6 -7
leaf_value=0.064893043528903585 0.00080683380365371678 -0.082492406097325374 -0.081213797141205177 -0.014852028055624527 0.0011675779240932769 0.0050635568008703339
leaf_weight=10.000000000000002 11.000000000000002 10.000000000000002 9.9999999999999982 9.9999999999999982 983 15.999999999999998
leaf_count=10 11 10 10 10 983 16
internal_value=-5.38337e-06 -0.000539388 -0.0401668 0.026212 0.000324318 -0.0304199
internal_weight=1050 1030 21 20 1009 26
internal_count=1050 1030 21 20 1009 26
is_linear=0
shrinkage=0.03


Tree=289
num_leaves=7
num_cat=0
split_feature=29 29 16 20 26 26
split_gain=15.884 44.3305 34.0685 22.1244 21.3994 27.3228
threshold=17.950000000000003 18.850000000000005 204.08333333333334 1.0278086763069687 36.81666666666667 42.016666666666673
decision_type=10 10 2 2 2 2
left_child=4 -2 3 -3 -1 -6
right_child=1 2 -4 -5 5 -7
leaf_value=0.033326026548941928 -0.059642244905233385 -0.04923425681889057 0.039161148497036523 0.00097465747036039818 -0.010894444388068893 0.002566012219966845
leaf_weight=17 13.999999999999998 10.999999999999998 12.999999999999998 23 162 810
leaf_count=17 14 11 13 23 162 810
internal_value=-8.26541e-06 -0.0147387 -0.000399234 -0.016212 0.000914252 0.000313712
internal_weight=1050 61 47 34 989 972
internal_count=1050 61 47 34 989 972
is_linear=0
shrinkage=0.03


Tree=290
num_leaves=7
num_cat=1
split_feature=16 38 7 39 12 28
split_gain=15.8265 17.4487 74.2853 93.3111 97.4071 59.8785
threshold=183.38333333333335 2.5000000000000004 0 1.1863711001642037 34.65795328142358 54.650000000000013
decision_type=2 2 1 2 2 10
left_child=-1 2 -2 4 5 -4
right_child=1 -3 3 -5 -6 -7
leaf_value=-0.025186824354935775 -0.011961466183420269 -0.0018492258074393054 0.022572972323443439 -0.025713739955628458 0.00095415423355870311 0.075623264512555174
leaf_weight=21 109 751 36 32 58 43
leaf_count=21 109 751 36 32 58 43
internal_value=-9.26602e-06 0.000528516 0.00693545 0.0187243 0.0305719 0.0520328
internal_weight=1050 1029 278 169 137 79
internal_count=1050 1029 278 169 137 79
cat_boundaries=0 1
cat_threshold=8658
is_linear=0
shrinkage=0.03


Tree=291
num_leaves=7
num_cat=0
split_feature=31 29 44 44 22 16
split_gain=15.6785 52.3793 21.1673 198.704 116.537 103.678
threshold=3.5000000000000004 13.450000000000001 2.2403222322463994 2.2203639745712285 459.76666666666671 203.65000000000001
decision_type=10 10 2 2 2 2
left_child=2 -2 3 -1 5 -5
right_child=1 -3 -4 4 -6 -7
leaf_value=0.0034364615850089515 -0.0088715133714404974 0.067396024648959815 0.0025501502616066107 0.034530542101711033 -0.11775703503897314 -0.061571458740425959
leaf_weight=304 21 11.999999999999998 653 14.999999999999998 18 27
leaf_count=304 21 12 653 15 18 27
internal_value=-1.14194e-05 0.0200287 -0.000680724 -0.00646788 -0.0558835 -0.0272445
internal_weight=1050 33 1017 364 60 42
internal_count=1050 33 1017 364 60 42
is_linear=0
shrinkage=0.03


Tree=292
num_leaves=7
num_cat=0
split_feature=43 15 30 39 45 1
split_gain=15.6724 85.7035 100.636 97.2588 69.662 71.8287
threshold=107.50000000000001 13.350000000000003 22.950000000000003 0.76080432172869161 1.6695590019226076 21.500000000000004
decision_type=2 2 10 2 2 2
left_child=1 3 -3 -1 -5 -6
right_child=-2 2 -4 4 5 -7
leaf_value=0.053214421737939117 -0.0013518536431566361 0.066331471451432325 -0.019270288578577734 0.0058685174899605601 -0.024912485539913171 -0.1230383328957991
leaf_weight=14.999999999999998 927 36 18 25 19.000000000000004 9.9999999999999982
leaf_count=15 927 36 18 25 19 10
internal_value=-1.33686e-05 0.0100038 0.037966 -0.0121094 -0.0308925 -0.0617224
internal_weight=1050 123 54 69 54 29
internal_count=1050 123 54 69 54 29
is_linear=0
shrinkage=0.03


Tree=293
num_leaves=7
num_cat=0
split_feature=30 30 45 46 26 15
split_gain=15.4128 26.9626 56.7875 98.9521 95.3294 43.4768
threshold=14.850000000000003 18.750000000000004 1.7398706674575808 311.61114501953131 42.716666666666676 12.550000000000002
decision_type=8 8 2 2 2 2
left_child=-1 2 3 4 -2 -3
right_child=1 5 -4 -5 -6 -7
leaf_value=0.028319317838724919 0.0281904051559312 0.058093357421457763 0.001232285204053463 -0.11419107429683208 -0.070933325529098507 0.00060650963370906231
leaf_weight=15.999999999999998 20 10.999999999999998 86 10.999999999999998 13.999999999999998 892
leaf_count=16 20 11 86 11 14 892
internal_value=-1.41995e-05 -0.000479567 -0.0131446 -0.0400499 -0.0134858 0.00137028
internal_weight=1050 1034 131 45 34 903
internal_count=1050 1034 131 45 34 903
is_linear=0
shrinkage=0.03


Tree=294
num_leaves=7
num_cat=0
split_feature=33 44 13 19 1 42
split_gain=15.5745 30.302 22.7273 100.804 75.2725 67.2676
threshold=23.500000000000004 2.2116951942443852 5.5973333333333342 98.491261974274806 22.500000000000004 16.356723785400394
decision_type=2 2 2 2 2 2
left_child=1 -1 4 -4 -2 -6
right_child=2 -3 3 -5 5 -7
leaf_value=0.043531582483223502 -0.020619083719807651 0.0021212660815955989 0.084410666502439058 9.8372180132927101e-05 0.032628910330862834 -0.022197210471476277
leaf_weight=20 166 66 11.999999999999998 699 57 30
leaf_count=20 166 66 12 699 57 30
internal_value=-1.5734e-05 0.0121412 -0.00111174 0.00163792 -0.00881505 0.0136859
internal_weight=1050 86 964 711 253 87
internal_count=1050 86 964 711 253 87
is_linear=0
shrinkage=0.03


Tree=295
num_leaves=7
num_cat=0
split_feature=29 38 10 26 26 20
split_gain=15.4409 42.9366 63.8237 19.4526 26.1543 108.462
threshold=17.950000000000003 2.5000000000000004 1583.4897411247032 36.81666666666667 42.016666666666673 -2.4993325917686828
decision_type=10 2 2 2 2 2
left_child=3 -2 -3 -1 5 -5
right_child=1 2 -4 4 -6 -7
leaf_value=0.03180003625651201 0.024959887353082497 -0.092873007749969302 -0.0093961136915854029 -0.068136534279584882 0.0025287202154584782 -0.00022324628002351994
leaf_weight=17 17 9.9999999999999982 34 24 810 138
leaf_count=17 17 10 34 24 810 138
internal_value=-1.18372e-05 -0.0145353 -0.0300104 0.000897725 0.000325126 -0.0106408
internal_weight=1050 61 44 989 972 162
internal_count=1050 61 44 989 972 162
is_linear=0
shrinkage=0.03


Tree=296
num_leaves=7
num_cat=0
split_feature=12 39 12 4 22 45
split_gain=15.3991 142.292 65.4404 55.3945 51.0551 62.7993
threshold=-31.668075639599692 0.65434565434565439 -29.686095661846689 64.15000000000002 476.50000000000006 1.7482320666313174
decision_type=2 2 2 2 2 2
left_child=1 -1 -2 4 5 -3
right_child=2 3 -4 -5 -6 -7
leaf_value=-0.093245460309765549 -0.068177325811523651 -0.04050928635342467 -0.00039141461148951606 0.039276056214250989 0.055254114812070675 0.036234732461827145
leaf_weight=9.9999999999999982 11.999999999999998 30 915 60 9.9999999999999982 12.999999999999998
leaf_count=10 12 30 915 60 10 13
internal_value=-1.46603e-05 0.00991478 -0.00134142 0.0197819 -0.00260567 -0.0170114
internal_weight=1050 123 927 113 53 43
internal_count=1050 123 927 113 53 43
is_linear=0
shrinkage=0.03


Tree=297
num_leaves=7
num_cat=0
split_feature=46 19 10 43 18 15
split_gain=15.168 68.1298 25.2691 21.3473 20.4523 62.3153
threshold=151.98428344726565 82.053446003519497 1145.5453164353808 114.50000000000001 2036.6333333333334 13.65
decision_type=2 2 2 2 2 2
left_child=3 -2 -3 -1 5 -4
right_child=1 2 4 -5 -6 -7
leaf_value=0.054092754884199644 -0.061953804222866893 0.045660076520659711 0.003578352722383681 -0.0059374563395977022 0.0012982932054208683 -0.049039177540689705
leaf_weight=10.000000000000002 14.999999999999998 9.9999999999999982 62 9.9999999999999982 914 29
leaf_count=10 15 10 62 10 914 29
internal_value=-1.62631e-05 -0.00053036 0.000437461 0.0252242 -5.74561e-05 -0.0135406
internal_weight=1050 1030 1015 20 1005 91
internal_count=1050 1030 1015 20 1005 91
is_linear=0
shrinkage=0.03


Tree=298
num_leaves=7
num_cat=0
split_feature=15 14 15 9 45 12
split_gain=15.1127 18.1084 58.2976 105.724 56.7033 52.0073
threshold=20.250000000000004 22.450000000000003 13.583333333333334 9246.7833333333347 1.7749314308166506 -18.693103448276059
decision_type=2 2 2 2 2 2
left_child=1 2 4 -4 5 -1
right_child=-2 -3 3 -5 -6 -7
leaf_value=0.01063873327146541 -0.015946123181458782 0.0035446453516028431 -0.073643250204622743 0.024396855980157853 0.058727035863058906 -0.015967488990205787
leaf_weight=126 50 683 26 14.999999999999998 12.999999999999998 137
leaf_count=126 50 683 26 15 13 137
internal_value=-1.61263e-05 0.000795508 -0.00512023 -0.038048 -0.000109083 -0.00322877
internal_weight=1050 1000 317 41 276 263
internal_count=1050 1000 317 41 276 263
is_linear=0
shrinkage=0.03


Tree=299
num_leaves=7
num_cat=1
split_feature=7 4 20 36 39 12
split_gain=15.0036 60.0701 94.1885 87.0736 63.8673 96.3825
threshold=0 56.250000000000007 -0.25595105672973528 3.5000000000000004 0.57792207792207806 -26.085650723025722
decision_type=1 2 2 2 2 2
left_child=1 2 3 -1 -3 -6
right_child=-2 4 -4 -5 5 -7
leaf_value=0.0066577013581991199 0.0037240705120846567 -0.05092961354926228 -0.003875675372988917 -0.0940542899787426 0.037863734147977085 -0.0020690406858680523
leaf_weight=10.999999999999998 497 19 74 24 63 362
leaf_count=11 497 19 74 24 63 362
internal_value=-1.58779e-05 -0.00338389 -0.0232922 -0.0630962 0.00146882 0.00392539
internal_weight=1050 553 109 35 444 425
internal_count=1050 553 109 35 444 425
cat_boundaries=0 1
cat_threshold=5009
is_linear=0
shrinkage=0.03


end of trees

feature_importances:
hr_std=187
hr_max=136
sleep_min_std=117
intensity_std=102
very_active_min_mean=92
lightly_active_min_mean=91
hr_mean=76
bmi_last=74
fairly_active_min_mean=72
intensity_mean=70
steps_slope=67
sleep_efficiency_mean=67
calories_std=60
calories_slope=57
sleep_debt_mean=53
fat_last=45
position=39
acwr=35
total_hours=33
time_in_bed_mean=32
steps_std=28
calories_mean=26
height_cm=25
weight_last=25
n_gym=22
steps_mean=21
sleep_min_mean=21
weight_kg_baseline=20
steps_hourly_std=19
age=16
prior_season_injury_count=15
years_playing=11
n_weight_logs=10
distance_mean=9
n_practice=6
n_scrimmage=6
steps_sum=5
rest_days=4
dominant_side=2
n_sessions_total=2
sport=1
gender=1

parameters:
[boosting: gbdt]
[objective: regression]
[metric: l2]
[tree_learner: serial]
[device_type: cpu]
[data_sample_strategy: bagging]
[data: ]
[valid: ]
[num_iterations: 300]
[learning_rate: 0.03]
[num_leaves: 7]
[num_threads: 6]
[seed: 42]
[deterministic: 0]
[force_col_wise: 0]
[force_row_wise: 0]
[histogram_pool_size: -1]
[max_depth: -1]
[min_data_in_leaf: 10]
[min_sum_hessian_in_leaf: 0.001]
[bagging_fraction: 0.8]
[pos_bagging_fraction: 1]
[neg_bagging_fraction: 1]
[bagging_freq: 0]
[bagging_seed: 400]
[bagging_by_query: 0]
[feature_fraction: 0.8]
[feature_fraction_bynode: 1]
[feature_fraction_seed: 30056]
[extra_trees: 0]
[extra_seed: 12879]
[early_stopping_round: 0]
[early_stopping_min_delta: 0]
[first_metric_only: 0]
[max_delta_step: 0]
[lambda_l1: 0]
[lambda_l2: 1]
[linear_lambda: 0]
[min_gain_to_split: 0]
[drop_rate: 0.1]
[max_drop: 50]
[skip_drop: 0.5]
[xgboost_dart_mode: 0]
[uniform_drop: 0]
[drop_seed: 17869]
[top_rate: 0.2]
[other_rate: 0.1]
[min_data_per_group: 100]
[max_cat_threshold: 32]
[cat_l2: 10]
[cat_smooth: 10]
[max_cat_to_onehot: 4]
[top_k: 20]
[monotone_constraints: ]
[monotone_constraints_method: basic]
[monotone_penalty: 0]
[feature_contri: ]
[forcedsplits_filename: ]
[refit_decay_rate: 0.9]
[cegb_tradeoff: 1]
[cegb_penalty_split: 0]
[cegb_penalty_feature_lazy: ]
[cegb_penalty_feature_coupled: ]
[path_smooth: 0]
[interaction_constraints: ]
[verbosity: -1]
[saved_feature_importance_type: 0]
[use_quantized_grad: 0]
[num_grad_quant_bins: 4]
[quant_train_renew_leaf: 0]
[stochastic_rounding: 1]
[linear_tree: 0]
[max_bin: 255]
[max_bin_by_feature: ]
[min_data_in_bin: 3]
[bin_construct_sample_cnt: 200000]
[data_random_seed: 175]
[is_enable_sparse: 1]
[enable_bundle: 1]
[use_missing: 1]
[zero_as_missing: 0]
[feature_pre_filter: 1]
[pre_partition: 0]
[two_round: 0]
[header: 0]
[label_column: ]
[weight_column: ]
[group_column: ]
[ignore_column: ]
[categorical_feature: 0,2,5,7]
[forcedbins_filename: ]
[precise_float_parser: 0]
[parser_config_file: ]
[objective_seed: 16083]
[num_class: 1]
[is_unbalance: 0]
[scale_pos_weight: 1]
[sigmoid: 1]
[boost_from_average: 1]
[reg_sqrt: 0]
[alpha: 0.9]
[fair_c: 1]
[poisson_max_delta_step: 0.7]
[tweedie_variance_power: 1.5]
[lambdarank_truncation_level: 30]
[lambdarank_norm: 1]
[label_gain: ]
[lambdarank_position_bias_regularization: 0]
[eval_at: ]
[multi_error_top_k: 1]
[auc_mu_weights: ]
[num_machines: 1]
[local_listen_port: 12400]
[time_out: 120]
[machine_list_filename: ]
[machines: ]
[gpu_platform_id: -1]
[gpu_device_id: -1]
[gpu_device_id_list: ]
[gpu_use_dp: 0]
[num_gpu: 1]

end of parameters

pandas_categorical:[["Athletics", "Badminton", "Basketball", "Football", "Tennis", "Volleyball"], ["female", "male"], ["left", "right"], ["Blocker", "Center", "Defender", "Distance", "Doubles", "Forward", "Goalkeeper", "Guard", "Jumps", "Libero", "Midfielder", "Setter", "Singles", "Spiker", "Sprinter", "Throws"]]
