tree
version=v4
num_class=1
num_tree_per_iteration=1
label_index=0
max_feature_idx=46
objective=regression
feature_names=sport age gender height_cm weight_kg_baseline dominant_side years_playing position prior_season_injury_count steps_mean steps_std steps_sum steps_slope distance_mean very_active_min_mean fairly_active_min_mean lightly_active_min_mean sedentary_min_mean calories_mean calories_std calories_slope n_days_logged sleep_min_mean sleep_min_std time_in_bed_mean sleep_efficiency_mean sleep_debt_mean n_sleep_records weight_last fat_last bmi_last n_weight_logs n_sessions_total total_hours n_unique_session_days max_sessions_per_day n_gym n_practice n_scrimmage acwr rest_days hr_mean hr_std hr_max intensity_mean intensity_std steps_hourly_std
feature_infos=-1:3:1:2:0:5:4 [18:24] -1:1:0 [141.19999999999999:201.69999999999999] [22.399999999999999:94.799999999999997] -1:1:0 [1:11] -1:12:4:5:7:2:1:9:6:8:13:15:10:3:11:14:0 [0:3] [3369.0999999999999:20166.033333333333] [740.37145150721256:10565.428367324132] [101073:604981] [-119.70233592881016:975.28654060066742] [2.5276666666666667:15.124666666666666] [19.966666666666665:37.833333333333336] [12.133333333333333:22.100000000000001] [180.56666666666666:207.76666666666668] none [1898.7333333333333:2684.8666666666668] [65.081346092374304:556.01026307405357] [-6.8213570634038003:51.804004449388152] none [302.30000000000001:546.60000000000002] [6.2186223850476843:25.914980356862159] [332.26666666666665:603.10000000000002] [0.86588826221263415:0.92640258511402207] [29.966666666666665:73.166666666666671] none [37.799999999999997:94.599999999999994] [1:25.800000000000001] [11.699999999999999:35.5] [1:5] [13:22] [17:37] [13:22] none [0:12] [3:20] [0:11] [0.18633540372670807:1.9047619047619047] [8:17] [65.279884338378906:110.81167602539062] [14.131294250488281:29.120307922363281] [92:185] [1.9985527992248535:3.7485380172729492] [1.5708386898040771:3.4959757328033447] [110.04061126708984:813.57049560546875]
tree_sizes=719 778 758 777 791 784 795 789 782 752 756 792 770 778 784 768 761 796 768 759 781 788 772 761 772 770 789 774 777 784 787 762 776 788 779 760 775 795 777 795 788 782 788 776 759 780 761 775 789 799 798 797 753 784 819 783 787 810 784 780 793 772 780 796 786 743 780 761 792 788 793 798 789 777 802 783 792 813 770 777 782 761 779 771 776 759 765 787 746 793 788 777 797 760 774 800 772 776 794 811 766 767 813 753 816 761 785 746 803 783 789 792 789 807 806 751 755 757 786 788 813 793 780 839 788 790 789 788 764 798 808 802 755 750 765 786 817 799 745 751 787 751 806 793 788 753 770 755 774 787 810 799 800 754 787 775 761 778 780 763 775 792 769 765 828 809 795 797 752 799 766 852 790 812 789 807 768 755 834 821 774 789 782 766 761 823 773 840 784 779 761 778 764 771 790 767 788 820 791 833 749 794 746 783 776 819 810 773 743 765 789 837 780 784 783 777 792 788 780 787 751 801 761 820 799 789 797 774 802 828 795 806 751 749 774 787 791 792 792 751 784 834 814 785 762 772 806 784 794 821 770 788 777 790 754 821 786 804 809 784 808 768 772 770 833 817 800 829 812 751 804 791 774 743 761 817 800 763 789 776 783 780 760 804 833 818 773 802 771 748 767 772 767 775 808 799 768 782 789 747

Tree=0
num_leaves=7
num_cat=1
split_feature=0 28 42 24 12 6
split_gain=4045.83 141.238 153.634 143.423 122.583 125.572
threshold=0 69.050000000000011 15.16305732727051 535.63333333333344 3.4057842046716535 7.5000000000000009
decision_type=1 10 2 2 2 2
left_child=1 2 -1 -4 5 -3
right_child=-2 4 3 -5 -6 -7
leaf_value=11.56957040711173 11.502877461508357 11.684177920034568 11.655135099981512 11.585293505180193 11.567615712759752 11.573585713747002
leaf_weight=27 685 21 209 32 59 17
leaf_count=27 685 21 209 32 59 17
internal_value=11.5457 11.625 11.6385 11.6461 11.5953 11.6367
internal_weight=1050 365 268 241 97 38
internal_count=1050 365 268 241 97 38
cat_boundaries=0 1
cat_threshold=12
is_linear=0
shrinkage=1


Tree=1
num_leaves=7
num_cat=1
split_feature=0 28 25 26 3 25
split_gain=3809.88 136.401 144.251 187.811 109.723 102.23
threshold=0 83.300000000000026 0.90348675793747502 58.783333333333339 185.95000000000002 0.90463229335778217
decision_type=1 10 2 2 2 2
left_child=1 2 3 -1 -2 -4
right_child=4 -3 5 -5 -6 -7
leaf_value=0.11125984292910543 -0.044833896750703865 -0.023139282241463659 -0.0092636474967002867 0.02875080112488039 0.01173447392203591 0.068228302706767163
leaf_weight=171 653 10.999999999999998 17 30 32 136
leaf_count=171 653 11 17 30 32 136
internal_value=-3.14233e-06 0.0769437 0.0822775 0.0991484 -0.041572 0.0596138
internal_weight=1050 365 354 201 685 153
internal_count=1050 365 354 201 685 153
cat_boundaries=0 1
cat_threshold=12
is_linear=0
shrinkage=0.03


Tree=2
num_leaves=7
num_cat=1
split_feature=0 28 25 24 3 42
split_gain=3585.68 130.802 170.615 180.988 103.287 101.491
threshold=0 69.050000000000011 0.9036775146264725 535.63333333333344 185.95000000000002 15.16305732727051
decision_type=1 10 2 2 2 2
left_child=1 2 3 -1 -2 -4
right_child=4 -3 5 -5 -6 -7
leaf_value=0.12102379870058885 -0.043490938287262526 0.046077057501795339 -0.0022871295469147819 0.022963950974600654 0.011393107257106088 0.071887758411467065
leaf_weight=133 653 97 20 20 32 95
leaf_count=133 653 97 20 20 32 95
internal_value=1.02533e-06 0.0746494 0.0875562 0.108438 -0.0403263 0.0590793
internal_weight=1050 365 268 153 685 115
internal_count=1050 365 268 153 685 115
cat_boundaries=0 1
cat_threshold=12
is_linear=0
shrinkage=0.03


Tree=3
num_leaves=7
num_cat=1
split_feature=0 26 25 3 25 31
split_gain=3375.11 105.776 140.354 97.2283 93.7612 90.5032
threshold=0 61.850000000000009 0.90348675793747502 185.95000000000002 0.90463229335778217 2.5000000000000004
decision_type=1 2 2 2 2 10
left_child=1 2 -1 -2 -4 -6
right_child=3 -3 4 -5 5 -7
leaf_value=0.09415667832122375 -0.042188205718994141 -0.015897999554872512 -0.010618674705425898 0.011061671430414373 0.050715224502888401 0.1124227152126176
leaf_weight=198 653 10.999999999999998 17 32 112 27
leaf_count=198 653 11 17 32 112 27
internal_value=7.48987e-06 0.0724306 0.0772527 -0.0391179 0.0553345 0.063419
internal_weight=1050 365 354 685 156 139
internal_count=1050 365 354 685 156 139
cat_boundaries=0 1
cat_threshold=12
is_linear=0
shrinkage=0.03


Tree=4
num_leaves=7
num_cat=1
split_feature=0 28 26 23 14 3
split_gain=3176.8 126.696 106.884 106.39 101.718 91.5253
threshold=0 83.300000000000026 61.850000000000009 8.3756743272298113 21.583333333333339 185.95000000000002
decision_type=1 10 2 2 2 2
left_child=1 2 3 -1 -5 -2
right_child=5 -3 -4 4 -6 -7
leaf_value=0.015194206461310386 -0.040924495711512521 -0.026033569499850272 -0.015460804700851439 0.031605746934519091 0.088480920866519833 0.010739877251061526
leaf_weight=23 653 10.999999999999998 10.999999999999998 33 287 32
leaf_count=23 653 11 11 33 287 32
internal_value=1.29637e-05 0.0702761 0.0753133 0.0782609 0.0827324 -0.0379457
internal_weight=1050 365 354 343 320 685
internal_count=1050 365 354 343 320 685
cat_boundaries=0 1
cat_threshold=12
is_linear=0
shrinkage=0.03


Tree=5
num_leaves=7
num_cat=1
split_feature=0 25 26 4 3 44
split_gain=2989.55 97.6636 108.397 110.054 131.243 112.212
threshold=0 0.91029295487473949 61.850000000000009 68.65000000000002 167.45000000000002 2.1900579929351811
decision_type=1 2 2 2 2 2
left_child=1 2 3 -1 -5 -6
right_child=-2 -3 -4 4 5 -7
leaf_value=0.094840888516356539 -0.036808625234869018 0.03026737164486857 -0.015035631954669953 0.10227703816071151 0.10763187523582018 0.019252328630536795
leaf_weight=179 685 50 10.999999999999998 39 14.999999999999998 71
leaf_count=179 685 50 11 39 15 71
internal_value=1.43904e-05 0.0681753 0.0762351 0.0795761 0.0571378 0.0357273
internal_weight=1050 365 315 304 125 86
internal_count=1050 365 315 304 125 86
cat_boundaries=0 1
cat_threshold=12
is_linear=0
shrinkage=0.03


Tree=6
num_leaves=7
num_cat=1
split_feature=0 28 25 10 28 30
split_gain=2815.33 116.785 119.297 115.726 97.3057 151.864
threshold=0 83.300000000000026 0.90348675793747502 6340.0327045518216 69.15000000000002 25.650000000000002
decision_type=1 10 2 2 10 10
left_child=1 2 3 4 -1 -6
right_child=-2 -3 -4 -5 5 -7
leaf_value=0.10463192066814346 -0.035721818307607338 -0.026262208297848699 0.050409681398373138 -0.00028545786227498733 0.0078156927022440675 0.11800624641932939
leaf_weight=142 685 10.999999999999998 153 12.999999999999998 28 18
leaf_count=142 685 11 153 13 28 18
internal_value=1.20846e-05 0.0661571 0.0709584 0.086273 0.0922282 0.0525271
internal_weight=1050 365 354 201 188 46
internal_count=1050 365 354 201 188 46
cat_boundaries=0 1
cat_threshold=12
is_linear=0
shrinkage=0.03


Tree=7
num_leaves=7
num_cat=1
split_feature=0 25 26 4 33 12
split_gain=2650.94 89.5768 100.665 98.8522 126.931 102.252
threshold=0 0.91029295487473949 61.850000000000009 68.65000000000002 24.500000000000004 3.4057842046716535
decision_type=1 2 2 2 2 2
left_child=1 2 3 -1 -5 -6
right_child=-2 -3 -4 4 5 -7
leaf_value=0.089564199906773861 -0.034667101740066347 0.027894517194534486 -0.015966274365782736 -0.029561966136097909 0.10048797869314016 0.04066435952225457
leaf_weight=179 685 50 10.999999999999998 13.999999999999998 43 68
leaf_count=179 685 50 11 14 43 68
internal_value=7.76464e-06 0.0641927 0.0718793 0.0750998 0.0538403 0.0645296
internal_weight=1050 365 315 304 125 111
internal_count=1050 365 315 304 125 111
cat_boundaries=0 1
cat_threshold=12
is_linear=0
shrinkage=0.03


Tree=8
num_leaves=7
num_cat=1
split_feature=0 28 25 26 25 30
split_gain=2496.01 106.908 111.27 150.529 91.1576 90.4918
threshold=0 83.300000000000026 0.90348675793747502 58.783333333333339 0.90463229335778217 26.050000000000004
decision_type=1 10 2 2 2 8
left_child=1 2 3 -1 -4 -2
right_child=5 -3 4 -5 -6 -7
leaf_value=0.0924600033940704 -0.024314933235200203 -0.026105563119053838 -0.017587543902918695 0.018905262956696169 0.055178259111342637 -0.046392345102013725
leaf_weight=171 382 10.999999999999998 17 30 136 303
leaf_count=171 382 11 17 30 136 303
internal_value=2.73106e-06 0.0622839 0.0668508 0.0816296 0.0470315 -0.0336435
internal_weight=1050 365 354 201 153 685
internal_count=1050 365 354 201 153 685
cat_boundaries=0 1
cat_threshold=12
is_linear=0
shrinkage=0.03


Tree=9
num_leaves=7
num_cat=1
split_feature=0 28 25 22 12 6
split_gain=2349.14 104.208 133.847 109.354 107.751 112.71
threshold=0 69.050000000000011 0.9036775146264725 467.08333333333343 3.4057842046716535 7.5000000000000009
decision_type=1 10 2 2 2 2
left_child=1 2 3 -1 5 -3
right_child=-2 4 -4 -5 -6 -7
leaf_value=0.10193035550943509 -0.032637265761350759 0.11847463029352101 0.04663564298775625 0.033796202020436927 0.0091429931316524739 0.014648906414707501
leaf_weight=126 685 21 115 27 59 17
leaf_count=126 685 21 115 27 59 17
internal_value=4.1372e-06 0.0604252 0.0717516 0.0902042 0.0348847 0.0735929
internal_weight=1050 365 268 153 97 38
internal_count=1050 365 268 153 97 38
cat_boundaries=0 1
cat_threshold=12
is_linear=0
shrinkage=0.03


Tree=10
num_leaves=7
num_cat=1
split_feature=0 28 25 24 12 6
split_gain=2212.33 97.9137 126.023 146.851 101.701 106.337
threshold=0 69.050000000000011 0.9036775146264725 535.63333333333344 3.4057842046716535 7.5000000000000009
decision_type=1 10 2 2 2 2
left_child=1 2 3 -1 5 -3
right_child=-2 4 -4 -5 -6 -7
leaf_value=0.098847864468151067 -0.031673622246960111 0.11508194454691627 0.045248633173198015 0.011103026207004273 0.0088732750515919181 0.01423385377973318
leaf_weight=133 685 21 115 20 59 17
leaf_count=133 685 21 115 20 59 17
internal_value=3.03178e-06 0.0586384 0.0696194 0.0875245 0.0338817 0.0714875
internal_weight=1050 365 268 153 97 38
internal_count=1050 365 268 153 97 38
cat_boundaries=0 1
cat_threshold=12
is_linear=0
shrinkage=0.03


Tree=11
num_leaves=7
num_cat=1
split_feature=0 28 25 10 9 23
split_gain=2083.41 94.0197 95.1625 103.32 97.423 136.532
threshold=0 83.300000000000026 0.90348675793747502 6340.0327045518216 12391.633333333335 14.868233468418218
decision_type=1 10 2 2 2 2
left_child=1 2 3 4 5 -1
right_child=-2 -3 -4 -5 -6 -7
leaf_value=0.08962819687832714 -0.030738433056735789 -0.025937439575791355 0.042827024250699494 -0.0065184846307550157 0.14151684083721855 0.029667390655068789
leaf_weight=117 685 10.999999999999998 153 12.999999999999998 21 50
leaf_count=117 685 11 153 13 21 50
internal_value=1.3691e-06 0.0569026 0.0611455 0.0748083 0.0804367 0.0719593
internal_weight=1050 365 354 201 188 167
internal_count=1050 365 354 201 188 167
cat_boundaries=0 1
cat_threshold=12
is_linear=0
shrinkage=0.03


Tree=12
num_leaves=7
num_cat=1
split_feature=0 23 28 12 6 42
split_gain=1961.95 91.956 92.9414 115.834 126.296 107.558
threshold=0 8.3756743272298113 69.050000000000011 3.4057842046716535 4.5000000000000009 15.16305732727051
decision_type=1 2 10 2 2 2
left_child=1 -1 5 4 -4 -3
right_child=-2 2 3 -5 -6 -7
leaf_value=-3.7260603904724119e-05 -0.029830852940935512 0.0034411352340664183 0.1567688763141632 0.0081771588278934364 0.03541201618909836 0.07616310222342805
leaf_weight=24 685 20 10.999999999999998 58 24 228
leaf_count=24 685 20 11 58 24 228
internal_value=-5.81942e-07 0.0552172 0.0607093 0.0345636 0.076848 0.0703358
internal_weight=1050 365 341 93 35 248
internal_count=1050 365 341 93 35 248
cat_boundaries=0 1
cat_threshold=12
is_linear=0
shrinkage=0.03


Tree=13
num_leaves=7
num_cat=1
split_feature=0 23 3 26 25 19
split_gain=1847.63 86.5936 85.6399 81.9249 88.1614 93.1593
threshold=0 8.3756743272298113 185.95000000000002 61.850000000000009 0.91029295487473949 104.62366367033106
decision_type=1 2 2 2 2 2
left_child=1 -1 -2 4 -3 -6
right_child=2 3 -4 -5 5 -7
leaf_value=-3.6187595129013057e-05 -0.03172189050892351 0.067757730415885467 0.018086842921647157 -0.020048085376620294 -0.029927987184767659 0.056379021298406377
leaf_weight=24 653 285 32 10.999999999999998 18 27
leaf_count=24 653 285 32 11 18 27
internal_value=-1.94153e-06 0.053583 -0.0289501 0.0589126 0.0615973 0.0219561
internal_weight=1050 365 685 341 330 45
internal_count=1050 365 685 341 330 45
cat_boundaries=0 1
cat_threshold=12
is_linear=0
shrinkage=0.03


Tree=14
num_leaves=7
num_cat=1
split_feature=0 28 30 20 26 23
split_gain=1738.72 86.1967 85.211 144.513 107.703 79.1956
threshold=0 83.300000000000026 26.050000000000004 32.727141268075599 39.183333333333344 8.3756743272298113
decision_type=1 10 8 2 2 2
left_child=1 5 4 -4 -2 -1
right_child=2 -3 3 -5 -6 -7
leaf_value=0.0020521769672632219 0.037819139023444477 -0.027258523330092429 -0.045443064917839469 0.042731308803583189 -0.023402024959475638 0.059707432136652111
leaf_weight=23 27 10.999999999999998 286 17 355 331
leaf_count=23 27 11 286 17 355 331
internal_value=-1.55689e-07 0.0519814 -0.0280822 -0.0403717 -0.0189874 0.0559778
internal_weight=1050 365 685 303 382 354
internal_count=1050 365 685 303 382 354
cat_boundaries=0 1
cat_threshold=12
is_linear=0
shrinkage=0.03


Tree=15
num_leaves=7
num_cat=1
split_feature=0 28 42 24 12 6
split_gain=1636.06 84.3707 111.865 101.403 91.435 96.078
threshold=0 69.050000000000011 15.16305732727051 535.63333333333344 3.4057842046716535 4.5000000000000009
decision_type=1 10 2 2 2 2
left_child=1 2 -1 -4 5 -3
right_child=-2 4 3 -5 -6 -7
leaf_value=0.0024825517979583569 -0.027239187067727846 0.12997374773025513 0.074549647333898711 0.016612678982994775 0.0037876895889639856 0.028504657381110722
leaf_weight=27 685 11.999999999999998 209 32 59 26
leaf_count=27 685 12 209 32 59 26
internal_value=1.16788e-06 0.0504247 0.060495 0.0669572 0.0274137 0.0630586
internal_weight=1050 365 268 241 97 38
internal_count=1050 365 268 241 97 38
cat_boundaries=0 1
cat_threshold=12
is_linear=0
shrinkage=0.03


Tree=16
num_leaves=7
num_cat=1
split_feature=0 3 28 25 24 12
split_gain=1540.73 80.3643 79.1812 106.978 129.561 86.3911
threshold=0 185.95000000000002 69.050000000000011 0.9036775146264725 535.63333333333344 3.4057842046716535
decision_type=1 2 10 2 2 2
left_child=2 -2 3 4 -1 -4
right_child=1 -3 5 -5 -6 -7
leaf_value=0.085783219862340096 -0.029097501996609834 0.01912294084375555 0.061288727327035018 0.036330879116109729 0.0037350946026188984 0.0036759534478187561
leaf_weight=133 653 32 38 115 20 59
leaf_count=133 653 32 38 115 20 59
internal_value=-1.15375e-07 -0.0264349 0.0489324 0.0586906 0.0751519 0.026641
internal_weight=1050 685 365 268 153 97
internal_count=1050 685 365 268 153 97
cat_boundaries=0 1
cat_threshold=12
is_linear=0
shrinkage=0.03


Tree=17
num_leaves=7
num_cat=1
split_feature=7 28 25 10 9 23
split_gain=1450.29 76.4987 81.4833 95.5309 94.1637 124.505
threshold=0 83.300000000000026 0.90348675793747502 6340.0327045518216 12391.633333333335 14.868233468418218
decision_type=1 10 2 2 2 2
left_child=1 2 3 4 5 -1
right_child=-2 -3 -4 -5 -6 -7
leaf_value=0.077857563434705387 -0.025642309720399149 -0.027125812396407125 0.034333069089364697 -0.013876766636967658 0.12884878033941444 0.020842771115986741
leaf_weight=117 685 10.999999999999998 153 12.999999999999998 21 50
leaf_count=117 685 11 153 13 21 50
internal_value=5.05002e-06 0.0474797 0.0512053 0.0638147 0.069232 0.0610129
internal_weight=1050 365 354 201 188 167
internal_count=1050 365 354 201 188 167
cat_boundaries=0 1
cat_threshold=1254
is_linear=0
shrinkage=0.03


Tree=18
num_leaves=7
num_cat=1
split_feature=7 30 20 25 4 23
split_gain=1365.73 80.062 136.169 77.0954 104.04 75.5291
threshold=0 26.050000000000004 32.727141268075599 0.90451682297395064 64.15000000000002 8.3756743272298113
decision_type=1 8 2 2 2 2
left_child=5 3 -3 -2 -5 -1
right_child=1 2 -4 4 -6 -7
leaf_value=-0.0039549024671316144 -0.025416291217471278 -0.041684130675285952 0.043843324240297077 0.025121728822652418 -0.030458064280450343 0.050942348873144701
leaf_weight=24 257 286 17 76 49 341
leaf_count=24 257 286 17 76 49 341
internal_value=3.15115e-06 -0.0248852 -0.0367571 -0.0160468 0.00326563 0.0460729
internal_weight=1050 685 303 382 125 365
internal_count=1050 685 303 382 125 365
cat_boundaries=0 1
cat_threshold=1254
is_linear=0
shrinkage=0.03


Tree=19
num_leaves=7
num_cat=1
split_feature=0 3 28 42 24 12
split_gain=1285.2 75.5279 73.5555 102.264 89.282 81.4308
threshold=0 185.95000000000002 69.050000000000011 15.16305732727051 535.63333333333344 3.4057842046716535
decision_type=1 2 10 2 2 2
left_child=2 -2 3 -1 -5 -4
right_child=1 -3 5 4 -6 -7
leaf_value=-0.0013048495032957621 -0.026700359890408334 0.020020677068016746 0.056824017786062678 0.067324169921023511 0.013063982887701555 0.00093883270770311357
leaf_weight=27 653 32 38 209 32 59
leaf_count=27 653 32 38 209 32 59
internal_value=3.58227e-06 -0.0241399 0.0446945 0.0540247 0.0602033 0.0231884
internal_weight=1050 685 365 268 241 97
internal_count=1050 685 365 268 241 97
cat_boundaries=0 1
cat_threshold=12
is_linear=0
shrinkage=0.03


Tree=20
num_leaves=7
num_cat=1
split_feature=0 30 20 26 45 23
split_gain=1209.65 75.0938 128.444 99.0238 85.4138 70.496
threshold=0 26.050000000000004 32.727141268075599 39.183333333333344 1.6571952104568484 8.3756743272298113
decision_type=1 8 2 2 2 2
left_child=5 3 -3 -2 -5 -1
right_child=1 2 -4 4 -6 -7
leaf_value=-0.0049557665012776855 0.039577686136887807 -0.039688578524759835 0.04335760751516015 -0.08926822209358215 -0.015954616446897649 0.048037906309932862
leaf_weight=24 27 286 17 13.999999999999998 341 341
leaf_count=24 27 286 17 14 341 341
internal_value=7.19101e-06 -0.023416 -0.0349019 -0.0148494 -0.0190885 0.0433645
internal_weight=1050 685 303 382 355 365
internal_count=1050 685 303 382 355 365
cat_boundaries=0 1
cat_threshold=12
is_linear=0
shrinkage=0.03


Tree=21
num_leaves=7
num_cat=1
split_feature=0 30 20 26 45 36
split_gain=1138.37 70.6153 121.085 93.3397 80.7682 71.8005
threshold=0 26.050000000000004 32.727141268075599 39.183333333333344 1.6571952104568484 3.5000000000000004
decision_type=1 8 2 2 2 2
left_child=-1 3 -3 -2 -5 -6
right_child=1 2 -4 4 5 -7
leaf_value=0.042067048042972989 0.038432758477117336 -0.038502070216351679 0.042129143675168353 -0.08676871082186699 -0.00072591317072510713 -0.028290256049300803
leaf_weight=365 27 286 17 13.999999999999998 159 182
leaf_count=365 27 286 17 14 159 182
internal_value=6.43588e-06 -0.0227162 -0.0338545 -0.0144091 -0.0185247 -0.0154774
internal_weight=1050 685 303 382 355 341
internal_count=1050 685 303 382 355 341
cat_boundaries=0 1
cat_threshold=12
is_linear=0
shrinkage=0.03


Tree=22
num_leaves=7
num_cat=1
split_feature=0 3 28 25 3 3
split_gain=1072.46 70.6229 69.7793 77.8901 91.0141 101.332
threshold=0 185.95000000000002 83.300000000000026 0.91029295487473949 168.35000000000005 165.95000000000002
decision_type=1 2 10 2 2 2
left_child=2 -2 3 4 5 -1
right_child=1 -3 -4 -5 -6 -7
leaf_value=0.053935557868527738 -0.024495670920528404 0.020661346621134065 -0.030294170230627061 0.0093658470318597909 0.03798187781079429 0.1226080048084259
leaf_weight=75 653 32 10.999999999999998 50 202 27
leaf_count=75 653 32 11 50 202 27
internal_value=1.73469e-05 -0.0220379 0.040842 0.044282 0.0499752 0.0731274
internal_weight=1050 685 365 354 304 102
internal_count=1050 685 365 354 304 102
cat_boundaries=0 1
cat_threshold=12
is_linear=0
shrinkage=0.03


Tree=23
num_leaves=7
num_cat=1
split_feature=0 14 26 23 3 14
split_gain=1009.6 67.4364 75.102 68.989 66.5099 56.5497
threshold=0 21.583333333333339 61.100000000000009 8.4266237383915712 185.95000000000002 21.550000000000004
decision_type=1 2 2 2 2 2
left_child=1 -1 3 -3 5 -2
right_child=4 2 -4 -5 -6 -7
leaf_value=0.0028054520717033971 -0.052434853776112983 -0.0066037615109235046 -0.015504705533385276 0.052066554264229244 0.020060289068655535 -0.020989151505946515
leaf_weight=38 56 19 17 291 32 597
leaf_count=38 56 19 17 291 32 597
internal_value=2.22425e-05 0.0396321 0.0450984 0.048461 -0.0213769 -0.0237619
internal_weight=1050 365 327 310 685 653
internal_count=1050 365 327 310 685 653
cat_boundaries=0 1
cat_threshold=12
is_linear=0
shrinkage=0.03


Tree=24
num_leaves=7
num_cat=1
split_feature=0 28 42 37 10 6
split_gain=950.087 69.0479 91.295 84.7634 131.159 81.4705
threshold=0 69.050000000000011 15.16305732727051 13.500000000000002 2469.0369931359342 5.5000000000000009
decision_type=1 10 2 2 2 2
left_child=1 2 -1 -4 -5 -3
right_child=-2 5 3 4 -6 -7
leaf_value=-0.0048121473938226699 -0.020737875506561851 0.049820195138454433 0.060728205579810027 -0.032745407630573029 0.08039579337835312 -0.0055447986131084374
leaf_weight=27 685 40 204 23 13.999999999999998 57
leaf_count=27 685 40 204 23 14 57
internal_value=2.09871e-05 0.0384458 0.0473405 0.053179 0.0110539 0.0175615
internal_weight=1050 365 268 241 37 97
internal_count=1050 365 268 241 37 97
cat_boundaries=0 1
cat_threshold=12
is_linear=0
shrinkage=0.03


Tree=25
num_leaves=7
num_cat=1
split_feature=0 30 20 25 9 25
split_gain=894.611 65.9997 113.996 72.3068 65.95 68.3477
threshold=0 26.050000000000004 32.727141268075599 0.90338587391376557 6164.2166666666681 0.90645510710179134
decision_type=1 8 2 2 2 2
left_child=-1 3 4 -2 -3 -6
right_child=1 2 -4 -5 5 -7
leaf_value=0.037304216837906773 -0.022195727211037439 0.0089502777584961474 0.042811792328332855 0.0046873029244999436 -0.029615440942592674 -0.063461869343926627
leaf_weight=365 238 27 17 144 181 78
leaf_count=365 238 27 17 144 181 78
internal_value=1.80664e-05 -0.0201256 -0.0308628 -0.012076 -0.0353759 -0.0400135
internal_weight=1050 685 303 382 286 259
internal_count=1050 685 303 382 286 259
cat_boundaries=0 1
cat_threshold=12
is_linear=0
shrinkage=0.03


Tree=26
num_leaves=7
num_cat=1
split_feature=0 3 26 18 45 37
split_gain=842.806 62.7678 61.8901 79.6724 67.9564 61.2905
threshold=0 185.95000000000002 61.100000000000009 2352.6666666666674 3.0488325357437138 13.500000000000002
decision_type=1 2 2 2 2 2
left_child=2 -2 3 5 -5 -1
right_child=1 -3 -4 4 -6 -7
leaf_value=0.041181248269727598 -0.021824114602828109 0.02072819835083051 -0.017809114499638477 0.14432933092117303 0.033951623968102716 0.0030572035058091082
leaf_weight=283 653 32 17 11.000000000000002 9.9999999999999982 44
leaf_count=283 653 32 17 11 10 44
internal_value=2.75585e-05 -0.0195243 0.0362178 0.0399383 0.0957009 0.0360764
internal_weight=1050 685 365 348 21 327
internal_count=1050 685 365 348 21 327
cat_boundaries=0 1
cat_threshold=12
is_linear=0
shrinkage=0.03


Tree=27
num_leaves=7
num_cat=1
split_feature=0 23 39 37 38 42
split_gain=793.477 60.998 70.2051 80.076 71.0821 82.0588
threshold=0 8.3756743272298113 0.82025117739403464 10.500000000000002 2.5000000000000004 15.16305732727051
decision_type=1 2 2 2 2 2
left_child=1 -1 3 -3 -4 -6
right_child=-2 2 4 -5 5 -7
leaf_value=-0.0097594968751072882 -0.01893865755588571 0.025986272613791859 0.0052555375534242815 0.087037523697842567 -0.030024829719747816 0.046268411949592622
leaf_weight=24 685 33 69 50 12.999999999999998 176
leaf_count=24 685 33 69 50 13 176
internal_value=3.25431e-05 0.0351476 0.0393553 0.0633625 0.0314172 0.0408903
internal_weight=1050 365 341 83 258 189
internal_count=1050 365 341 83 258 189
cat_boundaries=0 1
cat_threshold=12
is_linear=0
shrinkage=0.03


Tree=28
num_leaves=7
num_cat=1
split_feature=0 28 42 8 3 43
split_gain=747.121 65.8536 82.3669 77.3059 70.4566 69.8687
threshold=0 69.050000000000011 14.991961479187013 1.0000000180025095e-35 168.15000000000001 163.50000000000003
decision_type=1 10 2 2 2 2
left_child=1 2 -1 -4 -3 -5
right_child=-2 4 3 5 -6 -7
leaf_value=-0.022169714727822473 -0.018379476895106248 0.05196878735721111 0.031525507687990152 0.076831329762125797 -0.0031814090737506098 0.016437896665023721
leaf_weight=15.999999999999998 685 29 139 91 68 22
leaf_count=16 685 29 139 91 68 22
internal_value=2.91821e-05 0.0341032 0.0426886 0.046878 0.0136688 0.0653206
internal_weight=1050 365 268 252 97 113
internal_count=1050 365 268 252 97 113
cat_boundaries=0 1
cat_threshold=12
is_linear=0
shrinkage=0.03


Tree=29
num_leaves=7
num_cat=1
split_feature=0 28 25 26 25 30
split_gain=703.541 62.1782 70.1111 109.718 83.2397 65.9726
threshold=0 83.300000000000026 0.90348675793747502 58.783333333333339 0.90463229335778217 19.950000000000003
decision_type=1 10 2 2 2 8
left_child=1 2 3 -1 -4 -6
right_child=-2 -3 4 -5 5 -7
leaf_value=0.057074757536147651 -0.017836807154416073 -0.033947578202933072 -0.040266583760579421 -0.0049426303227101598 0.066350352857261888 0.016867607865693433
leaf_weight=171 685 10.999999999999998 17 30 31 105
leaf_count=171 685 11 17 30 31 105
internal_value=2.68575e-05 0.0330921 0.0361972 0.0478398 0.0206908 0.0285487
internal_weight=1050 365 354 201 153 136
internal_count=1050 365 354 201 153 136
cat_boundaries=0 1
cat_threshold=12
is_linear=0
shrinkage=0.03


Tree=30
num_leaves=7
num_cat=1
split_feature=0 30 20 26 45 25
split_gain=662.319 62.0066 107.415 86.2755 76.1974 68.8202
threshold=0 26.050000000000004 32.727141268075599 39.183333333333344 1.6571952104568484 0.88305651033708255
decision_type=1 8 2 2 2 2
left_child=-1 3 -3 -2 -5 -6
right_child=1 2 -4 4 5 -7
leaf_value=0.032104254452551294 0.041273245132927378 -0.032066595141584442 0.043779865208392339 -0.079679696798324581 -0.053919897377490998 -0.006311994900528234
leaf_weight=365 27 286 17 13.999999999999998 29 312
leaf_count=365 27 286 17 14 29 312
internal_value=2.21965e-05 -0.0173102 -0.0276812 -0.00948511 -0.0134507 -0.0105066
internal_weight=1050 685 303 382 355 341
internal_count=1050 685 303 382 355 341
cat_boundaries=0 1
cat_threshold=12
is_linear=0
shrinkage=0.03


Tree=31
num_leaves=7
num_cat=1
split_feature=0 28 25 30 23 31
split_gain=624.006 60.3849 84.1366 103.076 80.8472 136.609
threshold=0 69.050000000000011 0.9036775146264725 21.550000000000004 10.109115715693397 2.5000000000000004
decision_type=1 10 2 10 2 10
left_child=1 2 3 -1 5 -4
right_child=-2 -3 4 -5 -6 -7
leaf_value=0.040615873148695365 -0.016794602065748569 0.011583729782616908 -0.024434079142908252 0.1013005935603922 0.050605864887652188 0.070998174548149107
leaf_weight=121 685 97 53 32 45 17
leaf_count=121 685 97 53 32 45 17
internal_value=2.91296e-05 0.0311693 0.0393474 0.0538835 0.0197103 -0.000584129
internal_weight=1050 365 268 153 115 70
internal_count=1050 365 268 153 115 70
cat_boundaries=0 1
cat_threshold=12
is_linear=0
shrinkage=0.03


Tree=32
num_leaves=7
num_cat=1
split_feature=0 3 28 25 3 3
split_gain=587.833 58.7271 57.5469 65.5158 83.8755 96.4338
threshold=0 185.95000000000002 83.300000000000026 0.91029295487473949 168.35000000000005 165.95000000000002
decision_type=1 2 10 2 2 2
left_child=2 -2 3 4 5 -1
right_child=1 -3 -4 -5 -6 -7
leaf_value=0.042077112158662389 -0.018487620374931176 0.022636070313270796 -0.034215439222753045 0.0013425203675732893 0.026996757686505179 0.10855367622205188
leaf_weight=75 653 32 10.999999999999998 50 202 27
leaf_count=75 653 32 11 50 202 27
internal_value=3.01381e-05 -0.0162987 0.0302542 0.0332005 0.0384187 0.0605569
internal_weight=1050 685 365 354 304 102
internal_count=1050 685 365 354 304 102
cat_boundaries=0 1
cat_threshold=12
is_linear=0
shrinkage=0.03


Tree=33
num_leaves=7
num_cat=1
split_feature=7 30 20 26 45 36
split_gain=553.371 58.1232 101.304 81.2027 72.0417 68.5548
threshold=0 26.050000000000004 32.727141268075599 39.183333333333344 1.6571952104568484 3.5000000000000004
decision_type=1 8 2 2 2 2
left_child=-1 3 -3 -2 -5 -6
right_child=1 2 -4 4 5 -7
leaf_value=0.02935814762824869 0.04101181141766054 -0.030096157218884506 0.043539097578419991 -0.07646076107025146 0.0051668711286038159 -0.021736051208171688
leaf_weight=365 27 286 17 13.999999999999998 159 182
leaf_count=365 27 286 17 14 159 182
internal_value=3.34838e-05 -0.0158096 -0.0258352 -0.00822344 -0.0120728 -0.00921344
internal_weight=1050 685 303 382 355 341
internal_count=1050 685 303 382 355 341
cat_boundaries=0 1
cat_threshold=1254
is_linear=0
shrinkage=0.03


Tree=34
num_leaves=7
num_cat=1
split_feature=0 26 14 23 3 14
split_gain=521.319 56.6319 61.311 57.0107 55.2412 51.8445
threshold=0 61.850000000000009 21.583333333333339 8.4266237383915712 185.95000000000002 21.550000000000004
decision_type=1 2 2 2 2 2
left_child=1 2 -1 -4 5 -2
right_child=4 -3 3 -5 -6 -7
leaf_value=-0.0045104349576509922 -0.044853650890290732 -0.035430959984660143 -0.014043368428945541 0.038923280485452544 0.022425058639862321 -0.014812531322957231
leaf_weight=38 56 10.999999999999998 19 297 32 597
leaf_count=38 56 11 19 297 32 597
internal_value=4.05964e-05 0.0285032 0.0313869 0.0357043 -0.015337 -0.0174534
internal_weight=1050 365 354 316 685 653
internal_count=1050 365 354 316 685 653
cat_boundaries=0 1
cat_threshold=12
is_linear=0
shrinkage=0.03


Tree=35
num_leaves=7
num_cat=1
split_feature=0 28 25 24 38 12
split_gain=490.518 56.4004 76.9945 105.889 77.6435 76.6097
threshold=0 69.050000000000011 0.9036775146264725 535.63333333333344 2.5000000000000004 3.4057842046716535
decision_type=1 10 2 2 2 2
left_child=1 2 3 -1 -4 -3
right_child=-2 5 4 -5 -6 -7
leaf_value=0.058998666307402414 -0.014878457153761952 0.041349625948529978 -0.023329315879382192 -0.014368370537246976 0.031604801290175497 -0.01268944518174976
leaf_weight=133 685 38 31 20 84 59
leaf_count=133 685 38 31 20 84 59
internal_value=3.78858e-05 0.0276469 0.0354794 0.0493772 0.016723 0.00868642
internal_weight=1050 365 268 153 115 97
internal_count=1050 365 268 153 115 97
cat_boundaries=0 1
cat_threshold=12
is_linear=0
shrinkage=0.03


Tree=36
num_leaves=7
num_cat=2
split_feature=0 30 20 7 37 9
split_gain=461.832 54.5645 98.3222 74.0423 100.33 66.3042
threshold=0 29.850000000000005 32.258954393770821 1 7.5000000000000009 6585.5333333333338
decision_type=1 8 2 1 2 2
left_child=-1 3 5 -2 -5 -3
right_child=1 2 -4 4 -6 -7
leaf_value=0.026823974437912568 0.013163050389603564 0.0056537010379739709 0.045863439705572093 -0.080606067819753657 -0.011311615124956272 -0.03870054835881534
leaf_weight=365 103 36 14.999999999999998 19 328 184
leaf_count=365 103 36 15 19 328 184
internal_value=3.44053e-05 -0.0144392 -0.0263415 -0.00849901 -0.0148984 -0.0314498
internal_weight=1050 685 235 450 347 220
internal_count=1050 685 235 450 347 220
cat_boundaries=0 1 2
cat_threshold=12 25096
is_linear=0
shrinkage=0.03


Tree=37
num_leaves=7
num_cat=1
split_feature=0 10 18 29 8 39
split_gain=434.988 54.0032 117.867 63.1865 73.1192 72.171
threshold=0 6340.0327045518216 2352.6666666666674 12.050000000000002 1.0000000180025095e-35 1.2026785714285717
decision_type=1 2 2 8 2 2
left_child=1 2 3 -1 5 -5
right_child=-2 -3 -4 4 -6 -7
leaf_value=0.065973027161052147 -0.014003152134025405 -0.031527166089841296 0.10628571743364719 0.016805035118842879 0.037652528963305731 -0.033619927097141983
leaf_weight=30 685 12.999999999999998 15.999999999999998 145 131 30
leaf_count=30 685 13 16 145 131 30
internal_value=4.36708e-05 0.0260428 0.02899 0.0250048 0.0207865 0.00801885
internal_weight=1050 365 352 336 306 175
internal_count=1050 365 352 336 306 175
cat_boundaries=0 1
cat_threshold=12
is_linear=0
shrinkage=0.03


Tree=38
num_leaves=7
num_cat=1
split_feature=0 28 42 12 24 25
split_gain=409.692 53.1596 73.4131 72.3893 71.4816 87.1646
threshold=0 69.050000000000011 14.991961479187013 3.4057842046716535 535.63333333333344 0.90330246923060187
decision_type=1 10 2 2 2 2
left_child=1 2 -1 -3 5 -4
right_child=-2 3 4 -5 -6 -7
leaf_value=-0.028124004006385803 -0.01358969696941946 0.038606202969184288 0.059486063166595993 -0.013913540448993443 -0.0042499587641042814 0.021033287770114838
leaf_weight=15.999999999999998 685 38 124 59 33 95
leaf_count=16 685 38 124 59 33 95
internal_value=4.25759e-05 0.0252744 0.032834 0.0068452 0.0368002 0.0429771
internal_weight=1050 365 268 97 252 219
internal_count=1050 365 268 97 252 219
cat_boundaries=0 1
cat_threshold=12
is_linear=0
shrinkage=0.03


Tree=39
num_leaves=7
num_cat=1
split_feature=0 26 13 25 28 6
split_gain=385.729 53.4991 61.9408 54.719 135.669 55.0692
threshold=0 39.850000000000009 5.0248333333333344 0.90681097828912793 55.750000000000007 2.5000000000000004
decision_type=1 2 2 2 8 2
left_child=-1 2 -2 5 -5 -3
right_child=1 3 -4 4 -6 -7
leaf_value=0.024521984353146335 0.07182696183140462 -0.031972452451273337 -0.002289447175695541 0.057963953362061421 -0.045157610370176973 -0.0068252322936187618
leaf_weight=365 11.999999999999998 96 46 11.999999999999998 106 413
leaf_count=365 12 96 46 12 106 413
internal_value=3.9111e-05 -0.0131884 0.0140025 -0.015932 -0.0342717 -0.0116215
internal_weight=1050 685 58 627 118 509
internal_count=1050 685 58 627 118 509
cat_boundaries=0 1
cat_threshold=12
is_linear=0
shrinkage=0.03


Tree=40
num_leaves=7
num_cat=1
split_feature=0 26 18 45 29 37
split_gain=363.323 52.1401 69.2711 62.9902 58.2988 64.7654
threshold=0 61.100000000000009 2352.6666666666674 3.0488325357437138 12.050000000000002 13.500000000000002
decision_type=1 2 2 2 8 2
left_child=1 2 4 -4 -1 -6
right_child=-2 -3 3 -5 5 -7
leaf_value=0.06270905826961802 -0.012790919042931035 -0.025714772989352545 0.12526559621095654 0.020809338228269053 0.024932885413527402 -0.014983096136603244
leaf_weight=30 685 17 11.000000000000002 9.9999999999999982 255 42
leaf_count=30 685 17 11 10 255 42
internal_value=4.68798e-05 0.0238078 0.026976 0.0787314 0.0234223 0.0192569
internal_weight=1050 365 348 21 327 297
internal_count=1050 365 348 21 327 297
cat_boundaries=0 1
cat_threshold=12
is_linear=0
shrinkage=0.03


Tree=41
num_leaves=7
num_cat=1
split_feature=7 28 25 26 18 41
split_gain=342.264 50.9693 57.2714 68.4698 71.0722 73.2443
threshold=0 83.300000000000026 0.91029295487473949 58.783333333333339 2352.6666666666674 94.109664916992202
decision_type=1 10 2 2 2 2
left_child=1 2 3 4 5 -1
right_child=-2 -3 -4 -5 -6 -7
leaf_value=0.036383796823350911 -0.012413256069532884 -0.037504455007729122 -0.003942503381301375 -0.012062560187712791 0.093388767217596369 -0.017091293280156187
leaf_weight=232 685 10.999999999999998 50 30 17 25
leaf_count=232 685 11 50 30 17 25
internal_value=4.69668e-05 0.023109 0.0257438 0.0306233 0.0353238 0.0311359
internal_weight=1050 365 354 304 274 257
internal_count=1050 365 354 304 274 257
cat_boundaries=0 1
cat_threshold=1254
is_linear=0
shrinkage=0.03


Tree=42
num_leaves=7
num_cat=1
split_feature=0 30 20 26 45 25
split_gain=322.234 50.6196 90.2739 73.2654 66.9394 65.1223
threshold=0 26.050000000000004 32.727141268075599 39.183333333333344 1.6571952104568484 0.88305651033708255
decision_type=1 8 2 2 2 2
left_child=-1 3 -3 -2 -5 -6
right_child=1 2 -4 4 5 -7
leaf_value=0.022420462517469049 0.041809003890625064 -0.02538870322709507 0.044063672098952032 -0.070643437743186946 -0.048072555065155023 -0.001788964620270668
leaf_weight=365 27 286 17 13.999999999999998 29 312
leaf_count=365 27 286 17 14 29 312
internal_value=4.33493e-05 -0.0120467 -0.0213599 -0.00493766 -0.00860049 -0.00585416
internal_weight=1050 685 303 382 355 341
internal_count=1050 685 303 382 355 341
cat_boundaries=0 1
cat_threshold=12
is_linear=0
shrinkage=0.03


Tree=43
num_leaves=7
num_cat=1
split_feature=0 3 23 39 26 37
split_gain=303.594 51.2535 50.5922 65.3669 84.2842 73.1015
threshold=0 185.95000000000002 8.3756743272298113 0.82025117739403464 61.100000000000009 10.500000000000002
decision_type=1 2 2 2 2 2
left_child=2 -2 -1 5 -5 -4
right_child=1 -3 3 4 -6 -7
leaf_value=-0.019121374869346619 -0.013684500806512088 0.024692889147184111 0.013140074483064168 0.021771581627019657 -0.054059417465967791 0.070919302418170599
leaf_weight=24 653 32 33 245 12.999999999999998 50
leaf_count=24 653 32 33 245 13 50
internal_value=4.73755e-05 -0.0116879 0.0217675 0.0253293 0.0177567 0.0483767
internal_weight=1050 685 365 341 258 83
internal_count=1050 685 365 341 258 83
cat_boundaries=0 1
cat_threshold=12
is_linear=0
shrinkage=0.03


Tree=44
num_leaves=7
num_cat=1
split_feature=0 28 6 3 25 24
split_gain=285.689 49.6815 76.6293 89.0812 66.7609 88.2382
threshold=0 69.050000000000011 5.5000000000000009 171.95000000000002 0.9036775146264725 535.63333333333344
decision_type=1 10 2 2 2 2
left_child=1 4 3 -3 5 -1
right_child=-2 2 -4 -5 -6 -7
leaf_value=0.050049467119040771 -0.01133681660678623 0.073788523350072938 -0.018973668679466534 -0.014629968949103433 0.010924906039546276 -0.016789514230830329
leaf_weight=133 685 22 57 18 115 20
leaf_count=133 685 22 57 18 115 20
internal_value=4.72002e-05 0.0211171 0.00325198 0.0346138 0.0283321 0.0412601
internal_weight=1050 365 97 40 268 153
internal_count=1050 365 97 40 268 153
cat_boundaries=0 1
cat_threshold=12
is_linear=0
shrinkage=0.03


Tree=45
num_leaves=7
num_cat=1
split_feature=0 12 18 29 8 41
split_gain=269.012 49.3041 91.4754 57.3441 67.9765 104.2
threshold=0 561.13548387096773 2352.6666666666674 12.050000000000002 1.0000000180025095e-35 94.370662689208999
decision_type=1 2 2 8 2 2
left_child=1 2 3 -1 -5 -6
right_child=-2 -3 -4 4 5 -7
leaf_value=0.058485751528172723 -0.011002087069370238 -0.036672063148938686 0.089150935026506575 0.0032359161290382459 0.042093805300152817 -0.035943625470002488
leaf_weight=30 685 11.999999999999998 17 175 114 17
leaf_count=30 685 12 17 175 114 17
internal_value=4.4633e-05 0.0204903 0.0231104 0.0195145 0.0155157 0.0317712
internal_weight=1050 365 353 336 306 131
internal_count=1050 365 353 336 306 131
cat_boundaries=0 1
cat_threshold=12
is_linear=0
shrinkage=0.03


Tree=46
num_leaves=7
num_cat=1
split_feature=0 3 14 42 41 43
split_gain=253.359 48.2508 48.0739 78.4868 53.0739 60.2354
threshold=0 185.95000000000002 21.550000000000004 15.009254932403566 76.035320281982436 107.50000000000001
decision_type=1 2 2 2 2 2
left_child=-1 2 3 -2 -4 -6
right_child=1 -3 4 -5 5 -7
leaf_value=0.019885216923740179 0.010321662828326224 0.024624408192255278 0.017780918417764562 -0.06387161629764658 -0.059440934434533119 -0.01075466530299253
leaf_weight=365 19 32 55 37 23 519
leaf_count=365 19 32 55 37 23 519
internal_value=4.32749e-05 -0.0106772 -0.0126055 -0.0389594 -0.0100724 -0.0129264
internal_weight=1050 685 653 56 597 542
internal_count=1050 685 653 56 597 542
cat_boundaries=0 1
cat_threshold=12
is_linear=0
shrinkage=0.03


Tree=47
num_leaves=7
num_cat=1
split_feature=0 23 39 26 37 38
split_gain=238.723 47.8349 61.4791 78.3432 69.1557 65.016
threshold=0 8.3756743272298113 0.82025117739403464 61.100000000000009 11.500000000000002 2.5000000000000004
decision_type=1 2 2 2 2 2
left_child=1 -1 4 5 -3 -4
right_child=-2 2 3 -5 -6 -7
leaf_value=-0.020461886519193648 -0.010360429773010826 0.02039283431135118 -0.006383062144318088 -0.053816498704254624 0.075844333240309272 0.028509735698227703
leaf_weight=24 685 47 65 12.999999999999998 36 180
leaf_count=24 685 47 65 13 36 180
internal_value=4.58984e-05 0.0193061 0.0227212 0.0153882 0.0450607 0.0192641
internal_weight=1050 365 341 258 83 245
internal_count=1050 365 341 258 83 245
cat_boundaries=0 1
cat_threshold=12
is_linear=0
shrinkage=0.03


Tree=48
num_leaves=7
num_cat=1
split_feature=0 30 19 30 37 11
split_gain=224.746 47.7927 80.5511 70.5245 69.4705 68.2094
threshold=0 29.850000000000005 324.64016425952093 29.050000000000001 7.5000000000000009 258656.00000000003
decision_type=1 8 2 10 2 2
left_child=-1 3 5 4 -2 -3
right_child=1 2 -4 -5 -6 -7
leaf_value=0.018730446810826678 -0.057165514515793839 -0.011609358184221315 0.035215022340416909 0.067321511134505269 -0.0035943993414489276 -0.045745841456537553
leaf_weight=365 22 122 20 10.999999999999998 417 93
leaf_count=365 22 122 20 11 417 93
internal_value=4.25268e-05 -0.0100545 -0.0211379 -0.00445545 -0.00640288 -0.0265188
internal_weight=1050 685 235 450 439 215
internal_count=1050 685 235 450 439 215
cat_boundaries=0 1
cat_threshold=12
is_linear=0
shrinkage=0.03


Tree=49
num_leaves=7
num_cat=1
split_feature=7 26 25 23 14 23
split_gain=214.18 75.865 83.7893 82.3004 61.2221 70.6839
threshold=0 61.850000000000009 0.90338587391376557 9.9661783918580031 21.616666666666671 8.4266237383915712
decision_type=1 2 2 2 2 2
left_child=1 2 3 -1 -4 -6
right_child=-2 -3 4 -5 5 -7
leaf_value=0.072888393969070625 -0.0097296507343117688 -0.058888076648793433 -0.033029532000422475 0.024349080251208667 -0.052593098512062654 0.020969670565696211
leaf_weight=40 689 9.9999999999999982 29 144 11.999999999999998 126
leaf_count=40 689 10 29 144 12 126
internal_value=4.66873e-05 0.0184404 0.0213284 0.0352381 0.00588424 0.0142406
internal_weight=1050 361 351 184 167 138
internal_count=1050 361 351 184 167 138
cat_boundaries=0 1
cat_threshold=9382
is_linear=0
shrinkage=0.03


Tree=50
num_leaves=7
num_cat=1
split_feature=0 26 11 25 28 28
split_gain=201.734 47.5113 57.1033 49.7445 132.889 47.2744
threshold=0 39.850000000000009 200978.50000000003 0.90773094667427279 55.750000000000007 69.050000000000011
decision_type=1 2 2 2 8 8
left_child=5 2 -2 -3 -5 -1
right_child=1 3 -4 4 -6 -7
leaf_value=0.03096547068918452 0.071635741236118169 -0.0083989437752104591 0.00041878859254908057 0.062750861048698425 -0.044110543732954699 0.0090424741276215626
leaf_weight=152 11.999999999999998 529 46 10.999999999999998 87 213
leaf_count=152 12 529 46 11 87 213
internal_value=4.14809e-05 -0.00952473 0.0161178 -0.0120703 -0.0316032 0.0177468
internal_weight=1050 685 58 627 98 365
internal_count=1050 685 58 627 98 365
cat_boundaries=0 1
cat_threshold=12
is_linear=0
shrinkage=0.03


Tree=51
num_leaves=7
num_cat=1
split_feature=0 28 30 9 3 18
split_gain=189.807 46.2847 48.0642 84.9868 45.2373 46.5837
threshold=0 75.050000000000011 25.250000000000004 9900.7833333333347 185.95000000000002 2080.0500000000006
decision_type=1 10 10 2 2 2
left_child=1 -1 -3 -4 5 -2
right_child=4 2 3 -5 -6 -7
leaf_value=0.021637500766577972 0.0011905151096229651 -0.062415474504232404 0.055421477389686245 -0.038146221200004223 0.024951149638403544 -0.016306304423217628
leaf_weight=321 195 10.999999999999998 15.999999999999998 17 32 458
leaf_count=321 195 11 16 17 32 458
internal_value=4.37277e-05 0.0172176 -0.0109656 0.00751568 -0.00923544 -0.0110875
internal_weight=1050 365 44 33 685 653
internal_count=1050 365 44 33 685 653
cat_boundaries=0 1
cat_threshold=12
is_linear=0
shrinkage=0.03


Tree=52
num_leaves=7
num_cat=0
split_feature=26 9 46 46 29 23
split_gain=59.5143 53.5045 71.1753 76.0303 73.3025 65.1924
threshold=64.88333333333334 12391.633333333335 302.86943054199224 320.12947082519537 22.500000000000004 10.250427167934214
decision_type=2 2 2 2 8 2
left_child=1 2 4 5 -1 -4
right_child=-2 -3 3 -5 -6 -7
leaf_value=0.021655867313373982 -0.054039434368411701 0.022193736953027163 -0.067014474884883768 -0.0047137703020901723 -0.0016608183793448991 -0.0099817328839688687
leaf_weight=172 17 96 36 287 406 36
leaf_count=172 17 96 36 287 406 36
internal_value=4.20258e-05 0.000983442 -0.001211 -0.0116845 0.00530313 -0.0390255
internal_weight=1050 1033 937 359 578 72
internal_count=1050 1033 937 359 578 72
is_linear=0
shrinkage=0.03


Tree=53
num_leaves=7
num_cat=1
split_feature=7 26 25 15 14 45
split_gain=182.325 70.3585 78.3332 63.9309 57.8201 61.9083
threshold=0 61.850000000000009 0.90338587391376557 13.450000000000001 21.616666666666671 1.6755517125129702
decision_type=1 2 2 2 2 2
left_child=1 2 3 -1 -4 -6
right_child=-2 -3 4 -5 5 -7
leaf_value=0.068080747719658039 -0.0089818803458707394 -0.057462683535096315 -0.032964327085763211 0.024044130096161687 0.064891558090845736 0.0052026641026872104
leaf_weight=37 689 9.9999999999999982 29 147 17 121
leaf_count=37 689 10 29 147 17 121
internal_value=3.80943e-05 0.017009 0.0197711 0.0332195 0.00484431 0.0129696
internal_weight=1050 361 351 184 167 138
internal_count=1050 361 351 184 167 138
cat_boundaries=0 1
cat_threshold=9382
is_linear=0
shrinkage=0.03


Tree=54
num_leaves=7
num_cat=1
split_feature=0 26 24 25 28 14
split_gain=169.501 44.4927 53.0663 47.0304 118.604 50.5774
threshold=0 39.850000000000009 433.36666666666673 0.90681097828912793 55.750000000000007 21.183333333333337
decision_type=1 2 2 2 8 2
left_child=-1 2 -2 5 -5 -3
right_child=1 3 -4 4 -6 -7
leaf_value=0.016265566037383248 0.00093994436745947979 -0.063455536876405982 0.069605568850842806 0.057936853285019213 -0.038378180388674563 -0.0056040503812571554
leaf_weight=365 46 12.999999999999998 11.999999999999998 11.999999999999998 106 496
leaf_count=365 46 13 12 12 106 496
internal_value=3.61806e-05 -0.00873251 0.0160856 -0.0111893 -0.0281789 -0.00720312
internal_weight=1050 685 58 627 118 509
internal_count=1050 685 58 627 118 509
cat_boundaries=0 1
cat_threshold=12
is_linear=0
shrinkage=0.03


Tree=55
num_leaves=7
num_cat=1
split_feature=7 26 14 28 15 19
split_gain=163.775 66.5039 62.3316 64.8246 86.0847 77.5215
threshold=0 61.850000000000009 21.583333333333339 75.050000000000011 15.783333333333337 111.99397547218443
decision_type=1 2 2 8 2 2
left_child=1 2 -1 -4 5 -5
right_child=-2 -3 3 4 -6 -7
leaf_value=-0.017135493335529016 -0.0085081028009099616 -0.056279481093991883 0.035201833935107216 0.023944272669878874 0.047540367618203162 -0.028496857475489377
leaf_weight=38 689 9.9999999999999982 176 43 35 59
leaf_count=38 689 10 176 43 35 59
internal_value=4.08029e-05 0.0161252 0.0188001 0.0232035 0.0076463 -0.00637149
internal_weight=1050 361 351 313 137 102
internal_count=1050 361 351 313 137 102
cat_boundaries=0 1
cat_threshold=9382
is_linear=0
shrinkage=0.03


Tree=56
num_leaves=7
num_cat=1
split_feature=7 28 16 36 18 31
split_gain=155.777 71.6393 60.2284 59.2658 57.0406 58.4341
threshold=0 69.15000000000002 204.98333333333338 3.5000000000000004 2016.4666666666669 1.5000000000000002
decision_type=1 8 2 2 2 10
left_child=-1 2 -2 -4 -3 -6
right_child=1 4 3 -5 5 -7
leaf_value=-0.010049303644220924 0.035899276426493723 0.053584760521587574 0.045060221988421217 -0.033948209644854066 0.0077144429488107567 -0.025928394301015824
leaf_weight=592 150 18 11.999999999999998 24 194 60
leaf_count=592 150 18 12 24 194 60
internal_value=3.70438e-05 0.0130035 0.0275822 -0.00710601 0.00344613 -0.000303199
internal_weight=1050 458 186 36 272 254
internal_count=1050 458 186 36 272 254
cat_boundaries=0 1
cat_threshold=55577
is_linear=0
shrinkage=0.03


Tree=57
num_leaves=7
num_cat=1
split_feature=0 8 1 16 44 46
split_gain=144.594 43.6767 66.8088 78.3164 54.4153 95.4354
threshold=0 1.0000000180025095e-35 22.500000000000004 205.05000000000004 2.3127774000167851 387.49087524414068
decision_type=1 2 2 2 2 2
left_child=1 -1 3 -3 -4 -6
right_child=-2 2 4 -5 5 -7
leaf_value=0.0063173122331500048 -0.0080637664882594658 0.050925937608605427 0.028836067396526534 -0.02175839077681303 -0.085447903594800381 0.028078428736099829
leaf_weight=207 685 92 26 14.999999999999998 13.000000000000002 11.999999999999998
leaf_count=207 685 92 26 15 13 12
internal_value=3.51286e-05 0.0150247 0.027266 0.0406294 -0.00101302 -0.0319712
internal_weight=1050 365 158 107 51 25
internal_count=1050 365 158 107 51 25
cat_boundaries=0 1
cat_threshold=12
is_linear=0
shrinkage=0.03


Tree=58
num_leaves=7
num_cat=1
split_feature=7 41 18 46 28 41
split_gain=139.581 70.1641 68.6537 73.4415 67.3463 111.548
threshold=0 76.035320281982436 2435.8833333333337 492.38815307617193 69.15000000000002 94.922851562500014
decision_type=1 2 2 2 8 2
left_child=1 -1 3 4 -2 -6
right_child=2 -3 -4 -5 5 -7
leaf_value=0.02232186906305807 0.025945134164187412 -0.012988971695163267 -0.058358376473188395 0.066712509030881134 0.0071554379765007455 -0.070323433279991146
leaf_weight=55 173 537 10.999999999999998 22 235 17
leaf_count=55 173 537 11 22 235 17
internal_value=3.17412e-05 -0.00951582 0.0123058 0.0144458 0.0115899 0.00167139
internal_weight=1050 592 458 447 425 252
internal_count=1050 592 458 447 425 252
cat_boundaries=0 1
cat_threshold=55577
is_linear=0
shrinkage=0.03


Tree=59
num_leaves=7
num_cat=1
split_feature=7 26 25 23 26 9
split_gain=132.468 61.6135 72.0571 76.5085 55.6853 80.0266
threshold=0 61.850000000000009 0.90338587391376557 9.9661783918580031 45.916666666666671 12391.633333333335
decision_type=1 2 2 2 2 2
left_child=1 2 3 -1 -5 -6
right_child=-2 -3 -4 4 5 -7
leaf_value=0.066197648081110741 -0.0076581541614740021 -0.05520071446895599 0.0027411475079134103 0.05752704079129866 -0.0031330143368762469 0.055650104317400188
leaf_weight=40 689 9.9999999999999982 167 27 91 26
leaf_count=40 689 10 167 27 91 26
internal_value=3.02314e-05 0.0144959 0.0170446 0.0299415 0.0194833 0.0102908
internal_weight=1050 361 351 184 144 117
internal_count=1050 361 351 184 144 117
cat_boundaries=0 1
cat_threshold=9382
is_linear=0
shrinkage=0.03


Tree=60
num_leaves=7
num_cat=1
split_feature=7 18 18 28 9 36
split_gain=124.99 64.966 68.6398 66.9922 59.86 75.4872
threshold=0 2435.8833333333337 2352.6666666666674 69.15000000000002 7321.4333333333343 2.5000000000000004
decision_type=1 2 2 8 2 2
left_child=-1 2 3 -2 5 -5
right_child=1 -3 -4 4 -6 -7
leaf_value=-0.009004331446294464 0.024988666842209878 -0.057096564080566167 0.060132864183849756 -0.031488191377371549 -0.0073677103908266874 0.046865565228191283
leaf_weight=592 173 10.999999999999998 26 13.999999999999998 191 43
leaf_count=592 173 11 26 14 191 43
internal_value=3.04532e-05 0.0116452 0.0137205 0.0107185 0.00070346 0.0274097
internal_weight=1050 458 447 421 248 57
internal_count=1050 458 447 421 248 57
cat_boundaries=0 1
cat_threshold=55577
is_linear=0
shrinkage=0.03


Tree=61
num_leaves=7
num_cat=1
split_feature=7 25 30 37 6 43
split_gain=118.778 62.29 80.9223 85.9368 84.399 69.0886
threshold=0 0.90348675793747502 20.950000000000003 13.500000000000002 4.5000000000000009 160.50000000000003
decision_type=1 2 8 2 2 2
left_child=-1 5 -3 4 -4 -2
right_child=1 2 3 -5 -6 -7
leaf_value=-0.0085974192920259228 0.032623256248586321 0.030404526173240607 0.035172232929975365 -0.057836270807310936 -0.019115430488202131 -0.00075813158282211847
leaf_weight=603 169 53 38 29 75 83
leaf_count=603 169 53 38 29 75 83
internal_value=2.77409e-05 0.0115895 -0.000889282 -0.0127003 -0.000711014 0.0216691
internal_weight=1050 447 195 142 113 252
internal_count=1050 447 195 142 113 252
cat_boundaries=0 1
cat_threshold=39705
is_linear=0
shrinkage=0.03


Tree=62
num_leaves=7
num_cat=1
split_feature=7 25 43 29 18 18
split_gain=112.018 50.9375 74.7031 66.1988 59.514 71.7466
threshold=0 0.91029295487473949 120.50000000000001 15.15 2122.5500000000006 2043.7000000000003
decision_type=1 2 2 8 2 2
left_child=1 4 3 -3 5 -1
right_child=-2 2 -4 -5 -6 -7
leaf_value=0.0030351827414922933 -0.0070452278601803951 0.028698192943226206 0.050807213205844165 -0.05903363029871668 0.0077880214767960393 0.051745077148079875
leaf_weight=42 689 9.9999999999999982 10.999999999999998 27 194 77
leaf_count=42 689 10 11 27 194 77
internal_value=2.47941e-05 0.0133272 -0.0148485 -0.0351911 0.018106 0.0347219
internal_weight=1050 361 48 37 313 119
internal_count=1050 361 48 37 313 119
cat_boundaries=0 1
cat_threshold=9382
is_linear=0
shrinkage=0.03


Tree=63
num_leaves=7
num_cat=1
split_feature=0 39 31 25 3 19
split_gain=105.434 42.8908 52.9818 56.4627 88.3243 77.8714
threshold=0 0.82025117739403464 3.5000000000000004 0.91029295487473949 178.05000000000004 111.6127902182313
decision_type=1 2 10 2 2 2
left_child=1 -1 3 5 -5 -3
right_child=-2 2 -4 4 -6 -7
leaf_value=0.030909780812976153 -0.0068914567539468405 0.036000623658929073 0.07171662373976273 -0.061535278806835417 0.04107497671788389 -0.0017402023498130882
leaf_weight=91 685 70 9.9999999999999982 24 9.9999999999999982 160
leaf_count=91 685 70 10 24 10 160
internal_value=2.42086e-05 0.0128242 0.00719344 0.00448798 -0.0310445 0.00985226
internal_weight=1050 365 274 264 34 230
internal_count=1050 365 274 264 34 230
cat_boundaries=0 1
cat_threshold=12
is_linear=0
shrinkage=0.03


Tree=64
num_leaves=7
num_cat=1
split_feature=7 18 18 28 43 30
split_gain=101.218 60.2257 65.7891 60.4102 56.9549 59.3637
threshold=0 2435.8833333333337 2352.6666666666674 69.15000000000002 163.50000000000003 25.350000000000005
decision_type=1 2 2 8 2 8
left_child=-1 2 3 -2 5 -5
right_child=1 -3 -4 4 -6 -7
leaf_value=-0.008105668567053843 0.023074989529519245 -0.055713839884847398 0.057891168627474038 -0.025492033551030968 -0.044968526901110355 0.012356213527211907
leaf_weight=592 173 10.999999999999998 26 46 22 180
leaf_count=592 173 11 26 46 22 180
internal_value=2.46417e-05 0.0104768 0.0124602 0.00952398 1.63572e-05 0.00457422
internal_weight=1050 458 447 421 248 226
internal_count=1050 458 447 421 248 226
cat_boundaries=0 1
cat_threshold=55577
is_linear=0
shrinkage=0.03


Tree=65
num_leaves=7
num_cat=0
split_feature=14 18 4 42 42 28
split_gain=66.096 73.2755 79.6383 62.6805 114.254 96.5934
threshold=21.616666666666671 2030.8166666666668 70.850000000000009 15.137839794158937 15.523070335388185 78.450000000000017
decision_type=2 2 2 2 2 8
left_child=1 -1 -3 -2 5 -5
right_child=3 2 -4 4 -6 -7
leaf_value=0.028530885923121658 -0.04337641400786546 -0.015807288314681499 -0.079452613610029213 0.055413011434403331 8.2059351586983263e-05 -0.0045163626281114729
leaf_weight=20 25 63 24 65 815 38
leaf_count=20 25 63 24 65 815 38
internal_value=2.04197e-05 -0.0222114 -0.034068 0.00256387 0.00386081 0.0334723
internal_weight=1050 107 87 943 918 103
internal_count=1050 107 87 943 918 103
is_linear=0
shrinkage=0.03


Tree=66
num_leaves=7
num_cat=1
split_feature=7 28 42 9 42 42
split_gain=96.1571 67.9917 84.4078 63.4795 63.6283 134.189
threshold=0 69.15000000000002 15.16305732727051 6353.166666666667 15.431559085845949 15.672328472137453
decision_type=1 8 2 2 2 2
left_child=-1 2 -2 -4 -5 -6
right_child=1 -3 3 4 5 -7
leaf_value=-0.0077422597904459054 -0.036243898531323981 0.0005300513198707934 -0.026990996561944484 0.085204736622316493 -0.048379005293051405 0.039660496518290678
leaf_weight=603 18 256 14.999999999999998 20 17 121
leaf_count=603 18 256 15 20 17 121
internal_value=1.81195e-05 0.0104209 0.0241488 0.0306046 0.0362079 0.028545
internal_weight=1050 447 191 173 158 138
internal_count=1050 447 191 173 158 138
cat_boundaries=0 1
cat_threshold=39705
is_linear=0
shrinkage=0.03


Tree=67
num_leaves=7
num_cat=0
split_feature=14 9 4 42 42 28
split_gain=60.9406 62.8875 84.1233 58.2963 106.244 89.3381
threshold=21.616666666666671 6081.9333333333343 70.850000000000009 15.137839794158937 15.523070335388185 78.450000000000017
decision_type=2 2 2 2 2 8
left_child=1 -1 -3 -2 5 -5
right_child=3 2 -4 4 -6 -7
leaf_value=0.041033480508396253 -0.041846650036481706 -0.012247410739811372 -0.075680345910099839 0.053363822105933316 6.4683476041810684e-05 -0.0042725733610299915
leaf_weight=11.999999999999998 25 70 25 65 815 38
leaf_count=12 25 70 25 65 815 38
internal_value=1.55383e-05 -0.0213317 -0.0295547 0.00245779 0.00370856 0.0322633
internal_weight=1050 107 95 943 918 103
internal_count=1050 107 95 943 918 103
is_linear=0
shrinkage=0.03


Tree=68
num_leaves=7
num_cat=1
split_feature=0 3 6 22 20 22
split_gain=89.1572 42.0829 42.849 88.9592 69.556 56.7685
threshold=0 185.95000000000002 2.5000000000000004 425.31666666666672 -1.4272525027809244 378.86666666666673
decision_type=1 2 2 2 2 2
left_child=-1 2 3 4 -2 -6
right_child=1 -3 -4 -5 5 -7
leaf_value=0.011784652315843058 -0.05825684053557259 0.026643841043961319 -0.004429298021485297 -0.050587126011565578 -0.034548029729298178 0.036581915078442412
leaf_weight=365 12.999999999999998 32 533 58 12.999999999999998 36
leaf_count=365 13 32 533 58 13 36
internal_value=1.39421e-05 -0.00634537 -0.00809728 -0.024218 0.000861312 0.0173972
internal_weight=1050 685 653 120 62 49
internal_count=1050 685 653 120 62 49
cat_boundaries=0 1
cat_threshold=12
is_linear=0
shrinkage=0.03


Tree=69
num_leaves=7
num_cat=1
split_feature=7 18 18 37 28 4
split_gain=86.3467 57.0798 61.8305 54.9351 51.0969 54.9414
threshold=0 2435.8833333333337 2352.6666666666674 8.5000000000000018 69.15000000000002 71.050000000000011
decision_type=1 2 2 2 8 2
left_child=3 2 4 -1 -2 -6
right_child=1 -3 -4 -5 5 -7
leaf_value=-0.033877619573904665 0.021206736312215698 -0.05477341854479164 0.055628586080339222 -0.0044357089398885672 -0.015485416960004156 0.012772606892348097
leaf_weight=63 173 10.999999999999998 26 529 112 136
leaf_count=63 173 11 26 529 112 136
internal_value=1.48093e-05 0.00966878 0.0115891 -0.00749435 0.008744 -1.99688e-08
internal_weight=1050 458 447 592 421 248
internal_count=1050 458 447 592 421 248
cat_boundaries=0 1
cat_threshold=55577
is_linear=0
shrinkage=0.03


Tree=70
num_leaves=7
num_cat=1
split_feature=0 26 9 39 26 1
split_gain=79.7032 40.9879 49.4547 40.4156 51.3752 51.2605
threshold=0 39.850000000000009 6699.2833333333338 0.82025117739403464 61.100000000000009 22.500000000000004
decision_type=1 2 2 2 2 2
left_child=3 2 -2 5 -5 -1
right_child=1 -3 -4 4 -6 -7
leaf_value=0.041974278333432535 0.069513633566407051 -0.0083246445693787481 0.0031695824861526487 0.008620183431074192 -0.050384593813547068 -0.0087038700431585313
leaf_weight=67 11.999999999999998 627 46 261 12.999999999999998 24
leaf_count=67 12 627 46 261 13 24
internal_value=1.38237e-05 -0.00599889 0.0178415 0.011143 0.00564765 0.0286593
internal_weight=1050 685 58 365 274 91
internal_count=1050 685 58 365 274 91
cat_boundaries=0 1
cat_threshold=12
is_linear=0
shrinkage=0.03


Tree=71
num_leaves=7
num_cat=1
split_feature=7 39 37 3 39 29
split_gain=77.7944 50.9372 62.6179 49.5227 57.6244 48.4
threshold=0 0.82025117739403464 10.500000000000002 174.25000000000003 0.67767857142857146 10.15
decision_type=1 2 2 2 2 8
left_child=-1 2 3 4 -2 -3
right_child=1 5 -4 -5 -6 -7
leaf_value=-0.0069651479656574486 -0.021341673463582986 0.051707226534684493 0.046490334518020968 -0.042570618074387313 0.059709264636039733 0.0011531135764321883
leaf_weight=603 14.000000000000002 17 63 14.999999999999998 15.999999999999998 322
leaf_count=603 14 17 63 15 16 322
internal_value=1.50036e-05 0.00937199 0.0274237 0.000300055 0.0224172 0.0038329
internal_weight=1050 447 108 45 30 339
internal_count=1050 447 108 45 30 339
cat_boundaries=0 1
cat_threshold=54041
is_linear=0
shrinkage=0.03


Tree=72
num_leaves=7
num_cat=1
split_feature=7 26 25 23 25 31
split_gain=73.7169 54.6871 64.2194 64.6496 53.9548 100.772
threshold=0 61.31666666666667 0.90338587391376557 9.9661783918580031 0.90540508163996181 2.5000000000000004
decision_type=1 2 2 2 2 10
left_child=1 2 3 -1 -4 -6
right_child=-2 -3 4 -5 5 -7
leaf_value=0.058967420482417432 -0.0057201669497149331 -0.047136184445449286 -0.030972725078463555 0.015960507487983139 -0.0032783167905861806 0.064772291109256905
leaf_weight=40 689 12.999999999999998 38 141 106 23
leaf_count=40 689 13 38 141 106 23
internal_value=1.50825e-05 0.0108064 0.0134094 0.0257366 -2.4888e-05 0.00925965
internal_weight=1050 361 348 181 167 129
internal_count=1050 361 348 181 167 129
cat_boundaries=0 1
cat_threshold=9382
is_linear=0
shrinkage=0.03


Tree=73
num_leaves=7
num_cat=1
split_feature=0 8 25 33 22 41
split_gain=67.529 41.6841 55.9715 70.283 96.4862 63.7212
threshold=0 1.0000000180025095e-35 0.91064965636062667 28.500000000000004 431.88333333333338 94.370662689208999
decision_type=1 2 2 2 2 2
left_child=1 -1 3 5 -5 -3
right_child=-2 2 -4 4 -6 -7
leaf_value=0.0016572331752216156 -0.0055200305696303858 0.023672995466206756 -0.023916448652744293 0.086667969199856199 0.010277247455503258 -0.041832502063582924
leaf_weight=207 685 62 20 33 27 15.999999999999998
leaf_count=207 685 62 20 33 27 16
internal_value=1.44984e-05 0.0102585 0.022091 0.0288829 0.0530242 0.00987653
internal_weight=1050 365 158 138 60 78
internal_count=1050 365 158 138 60 78
cat_boundaries=0 1
cat_threshold=12
is_linear=0
shrinkage=0.03


Tree=74
num_leaves=7
num_cat=1
split_feature=7 39 19 37 18 30
split_gain=68.659 84.1854 66.139 63.8739 98.134 71.5376
threshold=0 1.3514610389610393 97.169992081793808 13.500000000000002 2089.7500000000005 18.150000000000002
decision_type=1 2 2 2 2 8
left_child=1 2 -1 4 -2 -5
right_child=3 -3 -4 5 -6 -7
leaf_value=-0.04089022436160214 0.027519732980609102 -0.093668734918941149 -0.0027091912237120421 0.041492085088701808 0.0012878537247581715 -0.025248169349224275
leaf_weight=48 178 9.9999999999999982 246 15.999999999999998 454 98
leaf_count=48 178 10 246 16 454 98
internal_value=1.39439e-05 -0.011756 -0.00906031 0.00491123 0.00870775 -0.0156018
internal_weight=1050 304 294 746 632 114
internal_count=1050 304 294 746 632 114
cat_boundaries=0 1
cat_threshold=37121
is_linear=0
shrinkage=0.03


Tree=75
num_leaves=7
num_cat=1
split_feature=7 28 42 9 41 38
split_gain=64.8843 57.4483 78.4202 59.9972 58.0265 102.66
threshold=0 69.15000000000002 15.16305732727051 6353.166666666667 89.555404663085952 4.5000000000000009
decision_type=1 8 2 2 2 2
left_child=-1 2 -2 -4 -3 -6
right_child=1 4 3 -5 5 -7
leaf_value=-0.0063637646894252791 -0.037009736895561217 0.0072799302256581454 -0.028529834300279618 0.032835714699116204 -0.053247147049845713 0.029964542761445043
leaf_weight=603 18 197 14.999999999999998 158 40 19
leaf_count=603 18 197 15 158 40 19
internal_value=1.08932e-05 0.00855633 0.0211522 0.0273816 -0.000554148 -0.0263974
internal_weight=1050 447 191 173 256 59
internal_count=1050 447 191 173 256 59
cat_boundaries=0 1
cat_threshold=39705
is_linear=0
shrinkage=0.03


Tree=76
num_leaves=7
num_cat=1
split_feature=7 39 19 18 19 37
split_gain=62.6092 79.7332 62.3275 60.0488 131.147 77.2507
threshold=0 1.3514610389610393 97.169992081793808 2089.7500000000005 105.85543668095552 13.500000000000002
decision_type=1 2 2 2 2 2
left_child=1 2 -1 5 -5 -2
right_child=3 -3 -4 4 -6 -7
leaf_value=-0.039501535930119611 0.02669973481103112 -0.090940576087344779 -0.0024381048913511565 -0.074317400625773841 0.0022086528651862444 -0.015907032354449738
leaf_weight=48 178 9.9999999999999982 246 20 500 48
leaf_count=48 178 10 246 20 500 48
internal_value=7.17803e-06 -0.0112322 -0.00860267 0.00468385 -0.000871651 0.0176203
internal_weight=1050 304 294 746 520 226
internal_count=1050 304 294 746 520 226
cat_boundaries=0 1
cat_threshold=37121
is_linear=0
shrinkage=0.03


Tree=77
num_leaves=7
num_cat=1
split_feature=7 41 26 19 18 18
split_gain=59.8716 64.7002 53.1718 59.5837 51.436 59.292
threshold=0 76.035320281982436 50.016666666666673 100.09501832524926 2435.8833333333337 2352.6666666666674
decision_type=1 2 2 2 2 2
left_child=1 2 3 -1 5 -2
right_child=4 -3 -4 -5 -6 -7
leaf_value=-0.045207901631410301 0.0070588561626354239 -0.0095414083918987612 0.083538278659636311 0.030369700313929247 -0.053141706325113773 0.052957208934757444
leaf_weight=11.999999999999998 421 537 9.9999999999999982 33 10.999999999999998 26
leaf_count=12 421 537 10 33 11 26
internal_value=1.41951e-06 -0.00625123 0.0243534 0.00967102 0.00804047 0.00984081
internal_weight=1050 592 55 45 458 447
internal_count=1050 592 55 45 458 447
cat_boundaries=0 1
cat_threshold=55577
is_linear=0
shrinkage=0.03


Tree=78
num_leaves=7
num_cat=1
split_feature=7 22 19 37 6 13
split_gain=56.9807 62.3775 75.8105 57.4957 139.657 83.389
threshold=0 496.03333333333336 97.169992081793808 13.500000000000002 4.5000000000000009 5.8503333333333343
decision_type=1 2 2 2 2 2
left_child=1 2 -1 5 -5 -2
right_child=3 -3 -4 4 -6 -7
leaf_value=-0.050943676706149493 0.024263314035009632 0.038918566746371126 -0.0080670466500696193 -0.060283374281600112 0.0090321523911858857 0.00074348686309851
leaf_weight=43 196 20 241 39 75 436
leaf_count=43 196 20 241 39 75 436
internal_value=3.26172e-06 -0.0107189 -0.0147149 0.00446484 -0.0149991 0.00806442
internal_weight=1050 304 284 746 114 632
internal_count=1050 304 284 746 114 632
cat_boundaries=0 1
cat_threshold=37121
is_linear=0
shrinkage=0.03


Tree=79
num_leaves=7
num_cat=1
split_feature=14 18 4 0 3 44
split_gain=55.9314 64.8817 68.9879 58.5714 78.5544 64.7792
threshold=21.616666666666671 2030.8166666666668 70.850000000000009 0 162.25000000000003 2.2116951942443852
decision_type=2 2 2 1 2 2
left_child=1 -1 -3 -2 5 -5
right_child=3 2 -4 4 -6 -7
leaf_value=0.027286839192467074 0.0096818019412689311 -0.014614491519896546 -0.073848386943340297 0.080139265775680535 -0.010093983937695157 0.0088312717253232701
leaf_weight=20 472 63 24 13.999999999999998 407 50
leaf_count=20 472 63 24 14 407 50
internal_value=1.84132e-06 -0.0204492 -0.0316084 0.00234158 -0.0051159 0.0254228
internal_weight=1050 107 87 943 471 64
internal_count=1050 107 87 943 471 64
cat_boundaries=0 1
cat_threshold=28
is_linear=0
shrinkage=0.03


Tree=80
num_leaves=7
num_cat=1
split_feature=7 26 25 23 12 26
split_gain=53.6533 49.8834 57.2545 59.7101 51.7709 53.4918
threshold=0 61.31666666666667 0.90338587391376557 10.357433712891192 17.904338153503677 45.916666666666671
decision_type=1 2 2 2 2 2
left_child=1 2 3 -1 -5 -6
right_child=-2 -3 -4 4 5 -7
leaf_value=0.050517581193349682 -0.0048874296865426001 -0.046140809016568314 -0.0010092541455482464 -0.031026450443480694 0.064898013554513453 0.010532727897491144
leaf_weight=51 689 12.999999999999998 167 20 19 91
leaf_count=51 689 13 167 20 19 91
internal_value=5.3313e-06 0.00921184 0.0116698 0.0233095 0.0123314 0.0204232
internal_weight=1050 361 348 181 130 110
internal_count=1050 361 348 181 130 110
cat_boundaries=0 1
cat_threshold=9382
is_linear=0
shrinkage=0.03


Tree=81
num_leaves=7
num_cat=0
split_feature=14 19 15 42 42 26
split_gain=52.4506 60.5039 65.4562 54.0955 93.8508 73.302
threshold=21.616666666666671 89.326709917384761 12.750000000000002 15.137839794158937 15.523070335388185 37.350000000000009
decision_type=2 2 2 2 2 2
left_child=1 -1 -3 -2 -5 -6
right_child=3 2 -4 4 5 -7
leaf_value=0.034460681408818347 -0.040407257905373202 0.01567823930926945 -0.042962127167364243 0.030313383417848783 0.054069132080132309 -0.001443934832875318
leaf_weight=14.999999999999998 25 22 70 103 21 794
leaf_count=15 25 22 70 103 21 794
internal_value=5.00025e-06 -0.0197995 -0.0289216 0.00227076 0.00347572 5.09715e-05
internal_weight=1050 107 92 943 918 815
internal_count=1050 107 92 943 918 815
is_linear=0
shrinkage=0.03


Tree=82
num_leaves=7
num_cat=1
split_feature=7 30 24 30 9 41
split_gain=52.3148 45.0819 49.7151 53.3988 45.1704 45.0728
threshold=0 19.550000000000004 501.63333333333338 22.050000000000004 10976.583333333336 75.174037933349624
decision_type=1 8 2 10 2 2
left_child=1 -1 4 -4 -3 -2
right_child=5 2 3 -5 -6 -7
leaf_value=0.01845405239611864 0.023927655679484208 -0.056350491699926994 -0.035714512749722128 0.034516335915774105 0.0041990431845188138 0.00050140497367059391
leaf_weight=23 80 50 18 19 13.999999999999998 846
leaf_count=23 80 50 18 19 14 846
internal_value=6.2692e-06 -0.0174536 -0.0274425 0.000309236 -0.0432445 0.0025217
internal_weight=1050 124 101 37 64 926
internal_count=1050 124 101 37 64 926
cat_boundaries=0 1
cat_threshold=33025
is_linear=0
shrinkage=0.03


Tree=83
num_leaves=7
num_cat=1
split_feature=7 28 30 41 9 20
split_gain=49.9609 60.5114 89.259 81.0802 85.1917 94.112
threshold=0 69.15000000000002 21.550000000000004 91.516780853271499 10358.900000000001 -2.6795328142380717
decision_type=1 8 10 2 2 2
left_child=-1 2 -2 4 5 -3
right_child=1 3 -4 -5 -6 -7
leaf_value=-0.0070792622282646869 0.0050264531722259238 0.0562238135933876 0.044068435840308666 -0.031296420861845427 0.042328740023481456 -0.0092172230989672234
leaf_weight=477 168 21 76 68 45 195
leaf_count=477 168 21 76 68 45 195
internal_value=5.78245e-06 0.00592595 0.0173173 -0.00236964 0.00525752 -0.00262512
internal_weight=1050 573 244 329 261 216
internal_count=1050 573 244 329 261 216
cat_boundaries=0 1
cat_threshold=37137
is_linear=0
shrinkage=0.03


Tree=84
num_leaves=7
num_cat=1
split_feature=14 19 15 0 3 4
split_gain=49.9171 57.358 61.2397 51.6199 72.2288 60.9621
threshold=21.616666666666671 89.326709917384761 12.750000000000002 0 162.25000000000003 67.450000000000017
decision_type=2 2 2 1 2 2
left_child=1 -1 -3 -2 5 -5
right_child=3 2 -4 4 -6 -7
leaf_value=0.033517902136081829 0.0091074115046016549 0.014951085681500642 -0.041775363370330193 0.047499706471804529 -0.0095557902846399763 -0.011824742269057494
leaf_weight=14.999999999999998 472 22 70 39 407 25
leaf_count=15 472 22 70 39 407 25
internal_value=6.44423e-06 -0.0193138 -0.0281954 0.0022168 -0.00478468 0.0245007
internal_weight=1050 107 92 943 471 64
internal_count=1050 107 92 943 471 64
cat_boundaries=0 1
cat_threshold=28
is_linear=0
shrinkage=0.03


Tree=85
num_leaves=7
num_cat=1
split_feature=7 26 19 12 20 29
split_gain=47.0907 50.7493 57.7904 82.0744 76.2285 86.1577
threshold=0 64.88333333333334 319.60051093331248 209.24327030033351 4.6933259176862867 15.65
decision_type=1 2 2 2 2 10
left_child=-1 2 3 4 5 -2
right_child=1 -3 -4 -5 -6 -7
leaf_value=-0.016555252401520396 -0.0042257439891089507 -0.04746577577044566 0.027926464518414268 -0.018859436849352755 0.025341602722383876 0.031005757587651412
leaf_weight=124 471 17 78 151 138 71
leaf_count=124 471 17 78 151 138 71
internal_value=1.0047e-05 0.0023965 0.00340649 0.00107417 0.0055218 0.000438054
internal_weight=1050 926 909 831 680 542
internal_count=1050 926 909 831 680 542
cat_boundaries=0 1
cat_threshold=33025
is_linear=0
shrinkage=0.03


Tree=86
num_leaves=7
num_cat=1
split_feature=14 18 26 0 3 29
split_gain=46.5384 56.0618 47.4757 46.5764 63.7809 64.9493
threshold=21.616666666666671 2030.8166666666668 64.88333333333334 0 162.25000000000003 18.850000000000005
decision_type=2 2 2 1 2 10
left_child=1 -1 3 -2 -5 -6
right_child=2 -3 -4 4 5 -7
leaf_value=0.025713880945529257 0.0096428523473285066 -0.029024886869592592 -0.046120911464095117 0.023796864495827599 -0.010946734992713716 0.04592270855840884
leaf_weight=20 465 87 17 64 379 18
leaf_count=20 465 87 17 64 379 18
internal_value=4.93922e-06 -0.01865 0.00213918 0.00307397 -0.00368736 -0.00825937
internal_weight=1050 107 943 926 461 397
internal_count=1050 107 943 926 461 397
cat_boundaries=0 1
cat_threshold=28
is_linear=0
shrinkage=0.03


Tree=87
num_leaves=7
num_cat=1
split_feature=7 28 30 25 12 3
split_gain=44.8686 55.2889 81.4025 93.7583 55.3465 79.8005
threshold=0 69.15000000000002 21.550000000000004 0.90426973257681686 -32.196996662959144 168.75000000000003
decision_type=1 8 10 2 2 2
left_child=-1 2 -2 -4 5 -3
right_child=1 4 3 -5 -6 -7
leaf_value=-0.0067062337086159071 0.0047690286890730346 0.080097248619970141 0.067077683362425589 -0.0016802738992304637 -0.0067229263995275054 -0.0070336569168350906
leaf_weight=477 168 15.999999999999998 48 28 292 21
leaf_count=477 168 16 48 28 292 21
internal_value=8.08533e-06 0.00561839 0.0165063 0.042053 -0.00231183 0.0317609
internal_weight=1050 573 244 76 329 37
internal_count=1050 573 244 76 329 37
cat_boundaries=0 1
cat_threshold=37137
is_linear=0
shrinkage=0.03


Tree=88
num_leaves=7
num_cat=0
split_feature=14 18 4 42 42 28
split_gain=43.8456 52.8671 62.5396 52.2107 87.0554 75.3632
threshold=21.616666666666671 2030.8166666666668 70.850000000000009 15.137839794158937 15.523070335388185 78.450000000000017
decision_type=2 2 2 2 2 8
left_child=1 -1 -3 -2 5 -5
right_child=3 2 -4 4 -6 -7
leaf_value=0.024983403320823397 -0.039846285908268046 -0.012029320879373698 -0.068372389447689058 0.048493601564656603 -3.3189242845657968e-05 -0.004431592328473925
leaf_weight=20 25 63 24 65 815 38
leaf_count=20 25 63 24 65 815 38
internal_value=9.63363e-06 -0.0180975 -0.0281726 0.00208121 0.00326514 0.0291129
internal_weight=1050 107 87 943 918 103
internal_count=1050 107 87 943 918 103
is_linear=0
shrinkage=0.03


Tree=89
num_leaves=7
num_cat=1
split_feature=7 39 19 37 6 11
split_gain=42.9198 73.4548 55.5382 53.1169 127.553 74.7895
threshold=0 1.3514610389610393 97.169992081793808 13.500000000000002 4.5000000000000009 238745.50000000003
decision_type=1 2 2 2 2 2
left_child=1 2 -1 5 -5 -2
right_child=3 -3 -4 4 -6 -7
leaf_value=-0.035897254679276014 0.021969920361946737 -0.085741888989101747 -0.00091784934596222652 -0.058108206074684858 0.0081395365709536951 6.8771878959180527e-05
leaf_weight=48 209 9.9999999999999982 246 39 75 423
leaf_count=48 209 10 246 39 75 423
internal_value=7.88206e-06 -0.00929789 -0.0067311 0.00387995 -0.0148324 0.00733466
internal_weight=1050 304 294 746 114 632
internal_count=1050 304 294 746 114 632
cat_boundaries=0 1
cat_threshold=37121
is_linear=0
shrinkage=0.03


Tree=90
num_leaves=7
num_cat=1
split_feature=7 3 26 25 23 25
split_gain=41.6308 46.3163 45.2518 51.5357 53.4407 49.9647
threshold=0 186.65000000000001 61.31666666666667 0.90338587391376557 10.357433712891192 0.90540508163996181
decision_type=1 2 2 2 2 2
left_child=2 -2 3 4 -1 -5
right_child=1 -3 -4 5 -6 -7
leaf_value=0.047217374646749632 -0.0060176118504137654 0.032103462129831319 -0.044616034882409228 -0.031361251542201408 0.011100700115998282 0.0073559743802134809
leaf_weight=51 660 29 12.999999999999998 38 130 129
leaf_count=51 660 29 13 38 130 129
internal_value=3.35014e-06 -0.00430648 0.00811306 0.0104375 0.0214807 -0.00158817
internal_weight=1050 689 361 348 181 167
internal_count=1050 689 361 348 181 167
cat_boundaries=0 1
cat_threshold=9382
is_linear=0
shrinkage=0.03


Tree=91
num_leaves=7
num_cat=0
split_feature=14 42 42 31 42 15
split_gain=40.887 49.3921 81.3761 65.4035 53.5791 47.2183
threshold=21.616666666666671 15.137839794158937 15.523070335388185 3.5000000000000004 14.991961479187013 12.750000000000002
decision_type=2 2 2 8 2 2
left_child=5 4 3 -3 -2 -1
right_child=1 2 -4 -5 -6 -7
leaf_value=0.01808292198066528 0.0039906015247106541 0.045459319944767387 -3.3206435019725605e-05 -0.0044333222497103583 -0.08184926253098708 -0.028412043853965865
leaf_weight=25 13.000000000000002 67 815 36 11.999999999999998 82
leaf_count=25 13 67 815 36 12 82
internal_value=3.70002e-06 0.00200417 0.00315572 0.0281462 -0.0387758 -0.0174819
internal_weight=1050 943 918 103 25 107
internal_count=1050 943 918 103 25 107
is_linear=0
shrinkage=0.03


Tree=92
num_leaves=7
num_cat=1
split_feature=7 37 30 24 30 31
split_gain=40.2143 43.3027 42.6571 45.2918 50.2726 42.6229
threshold=0 15.500000000000002 19.550000000000004 501.63333333333338 22.050000000000004 1.5000000000000002
decision_type=1 2 8 2 10 10
left_child=2 -2 5 -4 -5 -1
right_child=1 -3 3 4 -6 -7
leaf_value=0.053815081843308021 0.0034136853181435012 -0.033228512391448022 -0.039979037922448835 -0.033427454378259808 0.034718274101614953 -0.025481382445855572
leaf_weight=13.000000000000002 897 29 64 18 19 9.9999999999999982
leaf_count=13 897 29 64 18 19 10
internal_value=2.24202e-06 0.00220772 -0.0153058 -0.024896 0.00155905 0.0197132
internal_weight=1050 926 124 101 37 23
internal_count=1050 926 124 101 37 23
cat_boundaries=0 1
cat_threshold=33025
is_linear=0
shrinkage=0.03


Tree=93
num_leaves=7
num_cat=0
split_feature=26 19 45 28 26 45
split_gain=40.0998 44.8234 72.5623 65.8703 60.7742 55.5007
threshold=64.88333333333334 319.60051093331248 2.8308131694793706 59.150000000000013 58.583333333333343 2.3798669576644902
decision_type=2 2 2 8 2 2
left_child=1 5 -3 -4 -5 -1
right_child=-2 2 3 4 -6 -7
leaf_value=0.0017260852912778372 -0.04439135789871216 0.068448541486127806 -0.042069062390609785 0.046078558463384121 -0.025182143859565256 -0.019585066121694902
leaf_weight=820 17 21 18 33 14.999999999999998 126
leaf_count=820 17 21 18 33 15 126
internal_value=1.02816e-06 0.000773815 0.0212536 0.00543947 0.0237501 -0.00113008
internal_weight=1050 1033 87 66 48 946
internal_count=1050 1033 87 66 48 946
is_linear=0
shrinkage=0.03


Tree=94
num_leaves=7
num_cat=0
split_feature=14 19 16 1 42 42
split_gain=38.4873 49.161 52.5076 67.246 46.8312 76.24
threshold=21.616666666666671 89.326709917384761 205.91666666666671 20.500000000000004 15.137839794158937 15.523070335388185
decision_type=2 2 2 2 2 2
left_child=1 -1 -3 -4 -2 -6
right_child=4 2 3 -5 5 -7
leaf_value=0.031921325231669469 -0.037767261547537949 -0.042705756240877614 0.035180906264678291 -0.048220997239862166 0.027251704590341361 -2.3901553538641617e-05
leaf_weight=14.999999999999998 25 57 22 12.999999999999998 103 815
leaf_count=15 25 57 22 13 103 815
internal_value=5.69966e-07 -0.0169641 -0.0251921 0.00372408 0.00194145 0.00306276
internal_weight=1050 107 92 35 943 918
internal_count=1050 107 92 35 943 918
is_linear=0
shrinkage=0.03


Tree=95
num_leaves=7
num_cat=1
split_feature=7 41 10 10 19 41
split_gain=38.4194 58.7029 48.4548 57.0379 77.3635 66.088
threshold=0 76.035320281982436 6831.3679081749769 4423.55682295317 239.9885347610452 94.370662689208999
decision_type=1 2 2 2 2 2
left_child=1 -1 3 4 5 -2
right_child=2 -3 -4 -5 -6 -7
leaf_value=0.024153888176328367 0.010762097638482604 -0.0081284913017037348 -0.050557228573239771 0.036262636302333125 -0.042193248093128202 -0.049856123827836087
leaf_weight=55 345 537 11.999999999999998 56 29 15.999999999999998
leaf_count=55 345 537 12 56 29 16
internal_value=-4.28211e-07 -0.00500914 0.00643936 0.00822663 0.0041185 0.00794512
internal_weight=1050 592 458 446 390 361
internal_count=1050 592 458 446 390 361
cat_boundaries=0 1
cat_threshold=55577
is_linear=0
shrinkage=0.03


Tree=96
num_leaves=7
num_cat=0
split_feature=3 14 1 4 16 3
split_gain=37.9005 40.2752 50.3995 50.9976 51.929 53.8864
threshold=190.10000000000002 21.583333333333339 22.500000000000004 70.950000000000017 205.45000000000002 169.55000000000004
decision_type=2 2 2 2 2 2
left_child=1 2 3 4 -1 -6
right_child=-2 -3 -4 -5 5 -7
leaf_value=-0.036408017593271592 0.040900833302177482 0.0011123427484656134 -0.059147156663238998 -0.047174860494477402 -0.015564732744413263 0.054727234691381452
leaf_weight=15.999999999999998 19 935 21 20 15.999999999999998 23
leaf_count=16 19 935 21 20 16 23
internal_value=-2.68617e-06 -0.000795387 -0.0191958 -0.00737836 0.00767709 0.0262213
internal_weight=1050 1031 96 75 55 39
internal_count=1050 1031 96 75 55 39
is_linear=0
shrinkage=0.03


Tree=97
num_leaves=7
num_cat=0
split_feature=26 18 4 3 1 3
split_gain=37.8036 39.6923 55.8186 54.5079 63.3093 46.374
threshold=64.88333333333334 2354.5333333333338 56.150000000000013 167.15000000000001 22.500000000000004 168.15000000000001
decision_type=2 2 2 2 2 2
left_child=1 5 -3 -4 -5 -1
right_child=-2 2 3 4 -6 -7
leaf_value=0.0084455927429662563 -0.043107025548815722 -0.041096329499374737 -0.004377294648438692 0.077130201659325895 -0.0044472742940370848 -0.0055344157079974549
leaf_weight=319 17 9.9999999999999982 23 28 11.999999999999998 641
leaf_count=319 17 10 23 28 12 641
internal_value=-4.36259e-06 0.000745978 0.0219168 0.0324048 0.0531454 -0.000885021
internal_weight=1050 1033 73 63 40 960
internal_count=1050 1033 73 63 40 960
is_linear=0
shrinkage=0.03


Tree=98
num_leaves=7
num_cat=1
split_feature=7 39 19 18 19 37
split_gain=36.9136 67.7315 51.5939 51.0719 124.458 61.525
threshold=0 1.3514610389610393 97.169992081793808 2089.7500000000005 105.85543668095552 13.500000000000002
decision_type=1 2 2 2 2 2
left_child=1 2 -1 5 -5 -2
right_child=3 -3 -4 4 -6 -7
leaf_value=-0.034272485594360198 0.023610574243038727 -0.082028081742199985 -0.00055953268157808407 -0.073092553530420573 0.0014566951407772115 -0.014410719564374612
leaf_weight=48 178 9.9999999999999982 246 20 500 48
leaf_count=48 178 10 246 20 500 48
internal_value=-4.60237e-06 -0.00863449 -0.00616121 0.00358656 -0.00154537 0.0155073
internal_weight=1050 304 294 746 520 226
internal_count=1050 304 294 746 520 226
cat_boundaries=0 1
cat_threshold=37121
is_linear=0
shrinkage=0.03


Tree=99
num_leaves=7
num_cat=1
split_feature=7 37 33 41 4 44
split_gain=35.5868 39.8086 37.8386 36.0399 60.7603 65.1899
threshold=0 15.500000000000002 29.500000000000004 75.174037933349624 76.350000000000009 2.1242638826370244
decision_type=1 2 2 2 2 2
left_child=-1 3 -3 4 5 -2
right_child=1 2 -4 -5 -6 -7
leaf_value=-0.014409680104090107 -0.016965378781451896 0.014451566609469321 -0.055815697319805617 0.0013658221904785715 -0.034533011083092008 0.051900330664095828
leaf_weight=124 15.999999999999998 10.000000000000002 19 820 12.999999999999998 48
leaf_count=124 16 10 19 820 13 48
internal_value=-9.58221e-06 0.00206535 -0.0319116 0.00322114 0.0227082 0.0346878
internal_weight=1050 926 29 897 77 64
internal_count=1050 926 29 897 77 64
cat_boundaries=0 1
cat_threshold=33025
is_linear=0
shrinkage=0.03


Tree=100
num_leaves=7
num_cat=0
split_feature=3 14 10 3 4 25
split_gain=36.2671 37.4629 51.4342 47.0213 72.1024 98.9027
threshold=190.10000000000002 21.583333333333339 1308.5297016909417 168.15000000000001 49.050000000000004 0.91111509449678729
decision_type=2 2 2 2 2 2
left_child=1 2 -1 4 -3 -6
right_child=-2 3 -4 -5 5 -7
leaf_value=0.040048310607671736 0.039997474584728479 0.068647982642287386 -0.026495843729475339 -0.0038489996016883819 0.011730189567333774 -0.051699099857360119
leaf_weight=10.999999999999998 19 17 85 611 284 23
leaf_count=11 19 17 85 611 284 23
internal_value=-1.49494e-05 -0.000790369 -0.0185367 0.00104957 0.0102707 0.00682573
internal_weight=1050 1031 96 935 324 307
internal_count=1050 1031 96 935 324 307
is_linear=0
shrinkage=0.03


Tree=101
num_leaves=7
num_cat=0
split_feature=26 19 6 44 12 20
split_gain=35.7884 39.5928 64.6435 72.7803 52.1514 87.4819
threshold=64.88333333333334 319.60051093331248 2.5000000000000004 3.5036246776580815 209.24327030033351 4.6933259176862867
decision_type=2 2 2 2 2 2
left_child=1 4 -3 -4 5 -1
right_child=-2 2 3 -5 -6 -7
leaf_value=-0.0027158438457986324 -0.041950355942050613 -0.042287053144895108 0.046178513452158135 -0.023212746866047382 -0.015911011750456588 0.022669295290864904
leaf_weight=622 17 11.999999999999998 58 17 173 151
leaf_count=622 17 12 58 17 173 151
internal_value=-1.22637e-05 0.000717812 0.0199656 0.0303514 -0.00107155 0.00226584
internal_weight=1050 1033 87 75 946 773
internal_count=1050 1033 87 75 946 773
is_linear=0
shrinkage=0.03


Tree=102
num_leaves=7
num_cat=1
split_feature=0 37 22 24 43 45
split_gain=34.8601 50.8687 54.3006 76.3909 51.1445 66.002
threshold=0 15.500000000000002 467.08333333333343 506.36666666666673 162.50000000000003 1.6926447749137881
decision_type=1 2 2 2 2 2
left_child=1 2 3 -1 5 -4
right_child=-2 -3 4 -5 -6 -7
leaf_value=0.0073799943452118894 -0.0054433729400690852 -0.047225844897329804 -0.064454550559704116 0.052477079617816044 -0.065761813342571265 0.011131575958660014
leaf_weight=399 523 14.999999999999998 11.999999999999998 36 13.999999999999998 51
leaf_count=399 523 15 12 36 14 51
internal_value=-1.35294e-05 0.00537647 0.00711141 0.011224 -0.0159679 -0.00404793
internal_weight=1050 527 512 435 77 63
internal_count=1050 527 512 435 77 63
cat_boundaries=0 1
cat_threshold=28
is_linear=0
shrinkage=0.03


Tree=103
num_leaves=7
num_cat=0
split_feature=3 3 6 3 31 22
split_gain=34.2753 35.2418 74.1931 112.472 76.8086 119.211
threshold=190.10000000000002 168.15000000000001 8.5000000000000018 168.75000000000003 1.5000000000000002 438.48333333333341
decision_type=2 2 2 2 8 2
left_child=1 -1 3 -3 5 -4
right_child=-2 2 4 -5 -6 -7
leaf_value=0.0068704633354575613 0.038880270123481747 -0.080706154972314828 0.07794758731964975 -0.0080128486132537407 -0.00039926109819108963 -0.016188867419958113
leaf_weight=355 19 19 31 466 141 19
leaf_count=355 19 19 31 466 141 19
internal_value=-1.78712e-05 -0.000771694 -0.00478918 -0.0110208 0.0110096 0.0425597
internal_weight=1050 1031 676 485 191 50
internal_count=1050 1031 676 485 191 50
is_linear=0
shrinkage=0.03


Tree=104
num_leaves=7
num_cat=1
split_feature=7 25 43 30 26 8
split_gain=33.9461 38.5897 62.7245 65.6384 44.5098 33.4134
threshold=0 0.91029295487473949 120.50000000000001 20.250000000000004 61.31666666666667 1.0000000180025095e-35
decision_type=1 2 2 8 2 2
left_child=1 4 3 -3 5 -1
right_child=-2 2 -4 -5 -6 -7
leaf_value=0.004888693976051667 -0.0039082001119053788 0.027791155786676836 0.043001306708902121 -0.059610450012343268 -0.041054272566522873 0.025069157308210955
leaf_weight=169 689 9.9999999999999982 10.999999999999998 27 12.999999999999998 131
leaf_count=169 689 10 11 27 13 131
internal_value=-1.681e-05 0.00730665 -0.0172934 -0.0358787 0.0113549 0.0137548
internal_weight=1050 361 48 37 313 300
internal_count=1050 361 48 37 313 300
cat_boundaries=0 1
cat_threshold=9382
is_linear=0
shrinkage=0.03


Tree=105
num_leaves=7
num_cat=0
split_feature=26 19 45 28 26 45
split_gain=32.4721 37.1216 64.693 60.5273 55.0202 49.1926
threshold=64.88333333333334 319.60051093331248 2.8308131694793706 59.150000000000013 58.583333333333343 2.3798669576644902
decision_type=2 2 2 8 2 2
left_child=1 5 -3 -4 -5 -1
right_child=-2 2 3 4 -6 -7
leaf_value=0.0016342519490339254 -0.039965301901102063 0.063875041635368363 -0.041130192922918418 0.043210469385718597 -0.024574011415243149 -0.018429282683673807
leaf_weight=820 17 21 18 33 14.999999999999998 126
leaf_count=820 17 21 18 33 15 126
internal_value=-1.75304e-05 0.000677902 0.0193153 0.00439549 0.0219586 -0.0010547
internal_weight=1050 1033 87 66 48 946
internal_count=1050 1033 87 66 48 946
is_linear=0
shrinkage=0.03


Tree=106
num_leaves=7
num_cat=1
split_feature=7 30 26 3 41 26
split_gain=32.4608 39.2254 43.7401 40.3709 35.4096 49.3792
threshold=0 19.550000000000004 56.116666666666674 164.45000000000002 75.174037933349624 36.983333333333341
decision_type=1 8 2 2 2 2
left_child=1 -1 3 -3 -2 -6
right_child=4 2 -4 -5 5 -7
leaf_value=0.019860633686184882 0.020934552770383932 0.0086618932653218499 0.031513570575043559 -0.040098021865511931 0.049329414864381152 -0.00089513221960122054
leaf_weight=23 80 19 10.999999999999998 71 17 829
leaf_count=23 80 19 11 71 17 829
internal_value=-1.74435e-05 -0.0137704 -0.0228986 -0.0298222 0.00196443 0.000171157
internal_weight=1050 124 101 90 926 846
internal_count=1050 124 101 90 926 846
cat_boundaries=0 1
cat_threshold=33025
is_linear=0
shrinkage=0.03


Tree=107
num_leaves=7
num_cat=0
split_feature=14 42 42 26 28 37
split_gain=31.68 43.9115 70.7813 64.344 64.1836 65.0138
threshold=21.616666666666671 15.137839794158937 15.523070335388185 37.350000000000009 78.450000000000017 11.500000000000002
decision_type=2 2 2 2 8 2
left_child=-1 -2 4 -4 -3 -6
right_child=1 2 3 -5 5 -7
leaf_value=-0.015405829794084034 -0.036704063501495583 0.044025877348401327 0.050468704171097757 -0.0015418562631447851 0.03170655637048185 -0.044897378118414627
leaf_weight=107 25 65 21 794 20 18
leaf_count=107 25 65 21 794 20 18
internal_value=-1.43712e-05 0.00174653 0.00283246 -0.0001415 0.0261394 -0.00480032
internal_weight=1050 943 918 815 103 38
internal_count=1050 943 918 815 103 38
is_linear=0
shrinkage=0.03


Tree=108
num_leaves=7
num_cat=1
split_feature=3 7 45 38 30 26
split_gain=31.669 38.1737 48.586 45.1845 47.4545 50.3709
threshold=190.10000000000002 0 3.2975163459777836 6.5000000000000009 16.400000000000002 40.350000000000001
decision_type=2 1 2 2 8 2
left_child=1 3 -3 4 -1 -6
right_child=-2 2 -4 -5 5 -7
leaf_value=0.062998363338410857 0.037376884214580061 -0.0061136244169630715 0.050374683897410115 0.04707813113927841 -0.034805488393409176 0.0060180304334690304
leaf_weight=10.999999999999998 19 664 12.999999999999998 23 29 291
leaf_count=11 19 664 13 23 29 291
internal_value=-1.31506e-05 -0.000737751 -0.00488418 0.00712043 0.00442494 0.0022215
internal_weight=1050 1031 677 354 331 320
internal_count=1050 1031 677 354 331 320
cat_boundaries=0 1
cat_threshold=9890
is_linear=0
shrinkage=0.03


Tree=109
num_leaves=7
num_cat=1
split_feature=37 7 3 25 3 4
split_gain=31.0256 39.7926 45.008 79.3244 61.8954 63.0572
threshold=15.500000000000002 0 167.35000000000005 0.91029295487473949 165.95000000000002 73.050000000000011
decision_type=2 1 2 2 2 2
left_child=1 2 3 4 5 -1
right_child=-2 -3 -4 -5 -6 -7
leaf_value=0.0080448418582091102 -0.029095050911419094 -0.0036826688439705992 0.0016018969969440052 -0.028331744386391206 0.07588811913728713 0.078601476379803248
leaf_weight=63 31 637 261 21 24 12.999999999999998
leaf_count=63 31 637 261 21 24 13
internal_value=-8.1055e-06 0.000904434 0.00841957 0.0236819 0.0347772 0.0209778
internal_weight=1050 1019 382 121 100 76
internal_count=1050 1019 382 121 100 76
cat_boundaries=0 1
cat_threshold=19622
is_linear=0
shrinkage=0.03


Tree=110
num_leaves=7
num_cat=0
split_feature=26 9 28 3 37 28
split_gain=30.7089 33.0087 61.7095 60.88 50.5834 49.7004
threshold=64.88333333333334 12391.633333333335 55.95000000000001 166.15000000000001 11.500000000000002 67.050000000000011
decision_type=2 2 8 2 2 8
left_child=1 5 -3 4 -4 -1
right_child=-2 2 3 -5 -6 -7
leaf_value=0.0075261417134263658 -0.038854041745265321 -0.036883708848617969 0.022927961226771855 0.045326730976147304 -0.059720220606435427 -0.0066053708077555414
leaf_weight=368 17 14.999999999999998 16.000000000000004 55 9.9999999999999982 569
leaf_count=368 17 15 16 55 10 569
internal_value=-5.9727e-06 0.000670305 0.01733 0.0276969 -0.00989434 -0.00105321
internal_weight=1050 1033 96 81 26 937
internal_count=1050 1033 96 81 26 937
is_linear=0
shrinkage=0.03


Tree=111
num_leaves=7
num_cat=1
split_feature=7 22 19 33 18 19
split_gain=29.5247 54.199 61.8678 53.8663 47.858 113.243
threshold=0 496.03333333333336 97.169992081793808 33.500000000000007 2089.7500000000005 105.85543668095552
decision_type=1 2 2 2 2 2
left_child=1 2 -1 -4 -2 -6
right_child=4 -3 3 -5 5 -7
leaf_value=-0.044103329418735064 0.014740225775946867 0.038589815135513031 -0.0084403349711270666 0.059522597843950441 -0.070014298813683637 0.0010973274065627754
leaf_weight=43 226 20 231 9.9999999999999982 20 500
leaf_count=43 226 20 231 10 20 500
internal_value=-7.68554e-06 -0.00772562 -0.0113823 -0.00538599 0.00320408 -0.00176687
internal_weight=1050 304 284 241 746 520
internal_count=1050 304 284 241 746 520
cat_boundaries=0 1
cat_threshold=37121
is_linear=0
shrinkage=0.03


Tree=112
num_leaves=7
num_cat=0
split_feature=14 19 15 31 11 19
split_gain=30.0823 43.0758 49.9446 39.4745 39.2408 37.3792
threshold=21.616666666666671 89.326709917384761 12.750000000000002 1.5000000000000002 277005.50000000006 83.183364206453135
decision_type=2 2 2 8 2 2
left_child=1 -1 -3 4 -4 -2
right_child=5 2 3 -5 -6 -7
leaf_value=0.030730357485590502 -0.032440003018294056 0.016166712097499682 0.0257029310055077 -0.051483897118950663 -0.047923432669856332 0.0027490478318800077
leaf_weight=14.999999999999998 27 22 15.000000000000002 45 9.9999999999999982 916
leaf_count=15 27 22 15 45 10 916
internal_value=-7.70053e-06 -0.015006 -0.0227133 -0.0349883 -0.00445811 0.00170822
internal_weight=1050 107 92 70 25 943
internal_count=1050 107 92 70 25 943
is_linear=0
shrinkage=0.03


Tree=113
num_leaves=7
num_cat=1
split_feature=3 7 45 38 30 26
split_gain=29.5409 33.6044 45.6626 42.3376 44.9286 47.1438
threshold=190.10000000000002 0 3.2975163459777836 6.5000000000000009 16.400000000000002 40.350000000000001
decision_type=2 1 2 2 8 2
left_child=1 3 -3 4 -1 -6
right_child=-2 2 -4 -5 5 -7
leaf_value=0.061042019706219433 0.036102816458791494 -0.0057890358962174645 0.048972597835319383 0.045335395522415632 -0.033913762788288296 0.0055799652498266464
leaf_weight=10.999999999999998 19 664 12.999999999999998 23 29 291
leaf_count=11 19 664 13 23 29 291
internal_value=-9.08228e-06 -0.000708916 -0.00459897 0.00666436 0.00404952 0.00190635
internal_weight=1050 1031 677 354 331 320
internal_count=1050 1031 677 354 331 320
cat_boundaries=0 1
cat_threshold=9890
is_linear=0
shrinkage=0.03


Tree=114
num_leaves=7
num_cat=1
split_feature=37 33 7 19 19 20
split_gain=29.3955 37.8657 35.6375 47.5497 45.4579 68.606
threshold=15.500000000000002 29.500000000000004 0 82.053446003519497 112.49331749466685 -2.6795328142380717
decision_type=2 2 1 2 2 2
left_child=2 -2 3 -1 5 -5
right_child=1 -3 -4 4 -6 -7
leaf_value=-0.050640660300850869 0.015534953773021692 -0.052026599379855071 -0.0034577264526453491 0.078215507864952086 0.0017850997182338132 0.015328908643596584
leaf_weight=10.999999999999998 11.000000000000002 20 637 17 229 125
leaf_count=11 11 20 637 17 229 125
internal_value=-4.31897e-06 -0.0283168 0.000883921 0.00799544 0.0100804 0.0233519
internal_weight=1050 31 1019 382 371 142
internal_count=1050 31 1019 382 371 142
cat_boundaries=0 1
cat_threshold=19622
is_linear=0
shrinkage=0.03


Tree=115
num_leaves=7
num_cat=0
split_feature=26 19 45 26 32 22
split_gain=29.2129 32.9807 66.2878 83.1028 61.2347 61.223
threshold=64.88333333333334 297.48560320461041 2.3798669576644902 55.88333333333334 19.500000000000004 389.61666666666673
decision_type=2 2 2 2 2 2
left_child=1 2 3 -1 -5 -4
right_child=-2 -3 5 4 -6 -7
leaf_value=-0.00055381146275406171 -0.037895073443651194 0.015875571134843326 0.026718128646413482 0.079095366852624069 0.0045134744793176645 -0.034502042670706827
leaf_weight=780 17 113 17 20 19 84
leaf_count=780 17 113 17 20 19 84
internal_value=-5.04099e-06 0.000654558 -0.00123019 0.00160823 0.0437818 -0.0240367
internal_weight=1050 1033 920 819 39 101
internal_count=1050 1033 920 819 39 101
is_linear=0
shrinkage=0.03


Tree=116
num_leaves=7
num_cat=0
split_feature=14 18 4 20 22 19
split_gain=28.7872 43.0562 50.8667 48.5996 37.7706 34.015
threshold=21.616666666666671 2030.8166666666668 70.850000000000009 -1.8580645161290807 424.65000000000003 83.183364206453135
decision_type=2 2 2 2 2 2
left_child=1 -1 3 -3 -5 -2
right_child=5 2 -4 4 -6 -7
leaf_value=0.02416279910664473 -0.030900208577513695 0.029842414850369092 -0.06001842954754829 0.010017913568984059 -0.046863584025152796 0.0026680448196214927
leaf_weight=20 27 19 24 15.999999999999998 28 916
leaf_count=20 27 19 24 16 28 916
internal_value=-3.36994e-06 -0.0146753 -0.0237767 -0.0092483 -0.0264164 0.0016752
internal_weight=1050 107 87 63 44 943
internal_count=1050 107 87 63 44 943
is_linear=0
shrinkage=0.03


Tree=117
num_leaves=7
num_cat=0
split_feature=26 19 45 26 32 28
split_gain=27.6938 30.7081 62.8962 78.189 58.1427 58.1187
threshold=64.88333333333334 297.48560320461041 2.3798669576644902 55.88333333333334 19.500000000000004 70.750000000000014
decision_type=2 2 2 2 2 8
left_child=1 2 3 5 -5 -1
right_child=-2 -3 -4 4 -6 -7
leaf_value=0.0082733807275610517 -0.036896974643071491 0.015324142600752806 -0.023397182169616879 0.076900788715907512 0.0042357973493635653 -0.0081258520143115479
leaf_weight=362 17 113 101 20 19 418
leaf_count=362 17 113 101 20 19 418
internal_value=-5.29795e-06 0.000636922 -0.00118173 0.00158309 0.0424908 -0.000514078
internal_weight=1050 1033 920 819 39 780
internal_count=1050 1033 920 819 39 780
is_linear=0
shrinkage=0.03


Tree=118
num_leaves=7
num_cat=0
split_feature=3 25 23 4 4 4
split_gain=28.06 31.002 55.8116 105.717 65.9474 52.3252
threshold=190.70000000000002 0.91101566617248853 10.546258256730138 73.050000000000011 54.95000000000001 63.750000000000007
decision_type=2 2 2 2 2 2
left_child=1 -1 3 4 -3 -4
right_child=-2 2 5 -5 -6 -7
leaf_value=0.0010197642567390793 0.037130720354616641 0.031980916298925875 0.0022769546237858852 0.071632723973265713 -0.039837757941069349 -0.083089836786190668
leaf_weight=937 17 14.999999999999998 10.000000000000002 12.999999999999998 41 17
leaf_count=937 17 15 10 13 41 17
internal_value=-4.10253e-06 -0.000650546 -0.0167959 -0.00226619 -0.020377 -0.0525204
internal_weight=1050 1033 96 69 56 27
internal_count=1050 1033 96 69 56 27
is_linear=0
shrinkage=0.03


Tree=119
num_leaves=7
num_cat=1
split_feature=37 33 0 46 10 10
split_gain=27.3775 35.5639 33.8107 41.4727 70.5177 52.1232
threshold=15.500000000000002 29.500000000000004 0 307.59054565429693 2368.7090802257312 2544.7960660455051
decision_type=2 2 1 2 2 2
left_child=2 -2 3 -1 -5 -6
right_child=1 -3 -4 4 5 -7
leaf_value=0.014060953619117115 0.015163838267326351 -0.050305927672556462 -0.0045973481278026897 -0.03108614995703101 0.054983162979284919 0.001042429325529016
leaf_weight=281 11.000000000000002 20 507 59 17 155
leaf_count=281 11 20 507 59 17 155
internal_value=-3.37671e-06 -0.0273268 0.000853833 0.00621862 -0.00307264 0.00666079
internal_weight=1050 31 1019 512 231 172
internal_count=1050 31 1019 512 231 172
cat_boundaries=0 1
cat_threshold=28
is_linear=0
shrinkage=0.03


Tree=120
num_leaves=7
num_cat=1
split_feature=7 30 30 45 31 31
split_gain=26.6994 35.3042 44.4014 44.8273 35.9398 33.9118
threshold=0 19.550000000000004 21.550000000000004 1.6926447749137881 1.5000000000000002 2.5000000000000004
decision_type=1 8 8 2 10 8
left_child=1 4 -3 -4 -1 -5
right_child=-2 2 3 5 -6 -7
leaf_value=0.050745181483881803 0.0017925805005909855 -0.063927213897307711 -0.068289798389781609 0.021533855898305771 -0.022124321840026159 -0.019471624520526306
leaf_weight=13.000000000000002 926 17 9.9999999999999982 29 9.9999999999999982 45
leaf_count=13 926 17 10 29 10 45
internal_value=-4.60871e-06 -0.0124777 -0.0210937 -0.0117749 0.019461 -0.00332905
internal_weight=1050 124 101 84 23 74
internal_count=1050 124 101 84 23 74
cat_boundaries=0 1
cat_threshold=33025
is_linear=0
shrinkage=0.03


Tree=121
num_leaves=7
num_cat=1
split_feature=3 3 7 4 25 39
split_gain=26.5162 30.7683 61.6507 89.1229 74.7284 76.3318
threshold=190.70000000000002 168.15000000000001 0 49.050000000000004 0.91111509449678729 1.2026785714285717
decision_type=2 2 1 2 2 2
left_child=1 2 -1 -4 5 -5
right_child=-2 -3 3 4 -6 -7
leaf_value=0.024948104432052264 0.036092027394721907 -0.0043799826465012156 0.071731891682637591 0.00493442184375599 -0.06323407493139567 -0.050666899609565733
leaf_weight=101 17 678 12.999999999999998 199 18 24
leaf_count=101 17 678 13 199 18 24
internal_value=-6.80598e-06 -0.000635212 0.00650898 -0.00179996 -0.00612081 -0.00124905
internal_weight=1050 1033 355 254 241 223
internal_count=1050 1033 355 254 241 223
cat_boundaries=0 1
cat_threshold=51360
is_linear=0
shrinkage=0.03


Tree=122
num_leaves=7
num_cat=0
split_feature=14 42 42 31 42 18
split_gain=26.3594 40.0819 66.4693 53.1036 45.7732 39.9691
threshold=21.616666666666671 15.137839794158937 15.523070335388185 3.5000000000000004 14.991961479187013 2030.8166666666668
decision_type=2 2 2 8 2 2
left_child=5 4 3 -3 -2 -1
right_child=1 2 -4 -5 -6 -7
leaf_value=0.023378959452467304 0.0043520964522446894 0.040831349752843381 -0.00023697122438427282 -0.0041226824055853725 -0.074943289298277635 -0.022808182170953262
leaf_weight=20 13.000000000000002 67 815 36 11.999999999999998 87
leaf_count=20 13 67 815 36 12 87
internal_value=1.07395e-06 0.0016073 0.00264486 0.0252307 -0.0351282 -0.0140385
internal_weight=1050 943 918 103 25 107
internal_count=1050 943 918 103 25 107
is_linear=0
shrinkage=0.03


Tree=123
num_leaves=7
num_cat=1
split_feature=37 33 7 39 33 44
split_gain=26.1508 33.6056 31.4946 62.6587 50.7901 43.8869
threshold=15.500000000000002 29.500000000000004 0 1.3514610389610393 33.500000000000007 3.5036246776580815
decision_type=2 2 1 2 2 2
left_child=2 -2 3 4 -1 -4
right_child=1 -3 5 -5 -6 -7
leaf_value=-0.0075440886119777324 0.014609015285968774 -0.049040088206529615 0.0053128557902034686 -0.077723368081179536 0.051037325646196091 -0.048338051874722752
leaf_weight=276 11.000000000000002 20 707 9.9999999999999982 12.999999999999998 12.999999999999998
leaf_count=276 11 20 707 10 13 13
internal_value=8.4176e-08 -0.0267042 0.000837865 -0.00719402 -0.00474203 0.00421993
internal_weight=1050 31 1019 299 289 720
internal_count=1050 31 1019 299 289 720
cat_boundaries=0 1
cat_threshold=37121
is_linear=0
shrinkage=0.03


Tree=124
num_leaves=7
num_cat=0
split_feature=25 16 42 45 19 46
split_gain=25.1868 50.0859 64.0799 52.4565 85.8142 47.1841
threshold=0.87438875206422717 186.25000000000003 28.216244697570804 2.8308131694793706 319.60051093331248 302.86943054199224
decision_type=2 2 2 2 2 2
left_child=-1 2 -2 4 5 -3
right_child=1 3 -4 -5 -6 -7
leaf_value=-0.045160535980354653 0.05436506160534918 0.0045168743355997049 -0.023229474063430514 -0.030560860256938376 0.057913293164709334 -0.0094573258642336733
leaf_weight=9.9999999999999982 31 576 12.999999999999998 50 22 348
leaf_count=10 31 576 13 50 22 348
internal_value=-3.1065e-06 0.000474064 0.0314327 -0.00092374 0.000673322 -0.000750671
internal_weight=1050 1040 44 996 946 924
internal_count=1050 1040 44 996 946 924
is_linear=0
shrinkage=0.03


Tree=125
num_leaves=7
num_cat=1
split_feature=3 3 6 3 7 4
split_gain=25.2447 29.12 68.2133 103.847 57.0099 83.5581
threshold=190.70000000000002 168.15000000000001 8.5000000000000018 168.75000000000003 0 49.050000000000004
decision_type=2 2 2 2 1 2
left_child=1 4 3 -3 -1 -6
right_child=-2 2 -4 -5 5 -7
leaf_value=0.024064858817894545 0.035219892729849864 -0.077177630424499516 0.010897666183300316 -0.007336180731058438 0.069540505068642747 -0.0058422943517134705
leaf_weight=101 17 19 191 468 12.999999999999998 241
leaf_count=101 17 19 191 468 13 241
internal_value=-2.7739e-06 -0.000615932 -0.00425901 -0.0102136 0.00633426 -0.00166139
internal_weight=1050 1033 678 487 355 254
internal_count=1050 1033 678 487 355 254
cat_boundaries=0 1
cat_threshold=51360
is_linear=0
shrinkage=0.03


Tree=126
num_leaves=7
num_cat=0
split_feature=14 18 4 20 24 12
split_gain=24.9471 36.9134 45.6017 45.2375 34.462 33.8262
threshold=21.616666666666671 2030.8166666666668 70.850000000000009 -1.8580645161290807 468.35000000000008 -18.693103448276059
decision_type=2 2 2 2 2 2
left_child=1 -1 3 -3 -5 -4
right_child=-2 2 5 4 -6 -7
leaf_value=0.022309849485754967 0.0015681863191115307 0.029369092527776957 -0.096139740943908661 0.0098838585965773645 -0.044435346907582773 -0.02348315455019474
leaf_weight=20 943 19 10.000000000000002 15.999999999999998 28 13.999999999999998
leaf_count=20 943 19 10 16 28 14
internal_value=5.58767e-06 -0.0136527 -0.0220796 -0.00833153 -0.0249022 -0.0563914
internal_weight=1050 107 87 63 44 24
internal_count=1050 107 87 63 44 24
is_linear=0
shrinkage=0.03


Tree=127
num_leaves=7
num_cat=0
split_feature=37 33 36 20 24 32
split_gain=24.1414 31.8117 29.9038 60.8202 48.8973 57.0784
threshold=15.500000000000002 29.500000000000004 3.5000000000000004 -2.8896551724138306 456.58333333333343 16.500000000000004
decision_type=2 2 2 2 2 2
left_child=2 -2 3 -1 5 -4
right_child=1 -3 4 -5 -6 -7
leaf_value=0.059310427402195179 0.014519260674715038 -0.047390478913273124 -0.045228256797417994 0.0043888862013762575 -0.0094490807173810525 0.014043926244730809
leaf_weight=18 11.000000000000002 20 14.999999999999998 411 403 172
leaf_count=18 11 20 15 411 403 172
internal_value=2.53932e-06 -0.0256553 0.000807488 0.00682586 -0.00357273 0.00907419
internal_weight=1050 31 1019 429 590 187
internal_count=1050 31 1019 429 590 187
is_linear=0
shrinkage=0.03


Tree=128
num_leaves=7
num_cat=0
split_feature=26 19 45 26 22 1
split_gain=24.7258 29.1516 66.004 73.9145 57.5059 58.2121
threshold=64.88333333333334 292.84816198049492 2.3798669576644902 55.88333333333334 389.61666666666673 21.500000000000004
decision_type=2 2 2 2 2 2
left_child=1 2 3 -1 -4 -6
right_child=-2 -3 4 -5 5 -7
leaf_value=-0.00054011836370438933 -0.034856612086296077 0.014381804067763636 0.029447073191404341 0.041272696293890472 -0.010925573527347295 -0.062565484858948639
leaf_weight=780 17 121 13.999999999999998 39 43 36
leaf_count=780 17 121 14 39 43 36
internal_value=2.18307e-06 0.000609007 -0.00123206 0.00149887 -0.0250419 -0.0349456
internal_weight=1050 1033 912 819 93 79
internal_count=1050 1033 912 819 93 79
is_linear=0
shrinkage=0.03


Tree=129
num_leaves=7
num_cat=1
split_feature=0 3 3 25 3 8
split_gain=24.193 47.5429 53.7669 98.861 56.7765 52.0362
threshold=0 159.80000000000004 167.45000000000002 0.90903781271182738 169.15000000000001 1.0000000180025095e-35
decision_type=1 2 2 2 2 2
left_child=1 -1 3 -3 5 -4
right_child=-2 2 4 -5 -6 -7
leaf_value=-0.023909164024516941 -0.0045222440174796479 0.038068557563424109 -0.062649870494549911 -0.025045741827323519 0.0051383322984810582 0.018374250151894308
leaf_weight=47 523 99 21.000000000000004 28 322 9.9999999999999982
leaf_count=47 523 99 21 28 322 10
internal_value=1.43863e-06 0.00449143 0.00740963 0.0240666 0.00136582 -0.0367556
internal_weight=1050 527 480 127 353 31
internal_count=1050 527 480 127 353 31
cat_boundaries=0 1
cat_threshold=28
is_linear=0
shrinkage=0.03


Tree=130
num_leaves=7
num_cat=0
split_feature=3 25 30 4 16 23
split_gain=23.7787 27.4286 63.8331 80.8477 62.5531 52.1676
threshold=190.70000000000002 0.91091030053177247 20.050000000000004 73.050000000000011 204.91666666666671 10.309464439230855
decision_type=2 2 8 2 2 2
left_child=1 -1 4 -4 -3 -5
right_child=-2 2 3 5 -6 -7
leaf_value=0.0010100268716505096 0.034183253534138203 0.068808879745858045 -0.047084913206727877 0.067480588934638264 -0.027408385866067628 -0.023372387979179621
leaf_weight=933 17 13.000000000000002 56 10.000000000000002 9.9999999999999982 10.999999999999998
leaf_count=933 17 13 56 10 10 11
internal_value=-1.45242e-06 -0.000596543 -0.0154474 -0.0284875 0.0275763 0.0209917
internal_weight=1050 1033 100 77 23 21
internal_count=1050 1033 100 77 23 21
is_linear=0
shrinkage=0.03


Tree=131
num_leaves=7
num_cat=0
split_feature=25 16 42 44 28 6
split_gain=23.5329 46.0663 60.1404 45.795 42.8566 51.3756
threshold=0.87438875206422717 186.25000000000003 28.216244697570804 3.2957533597946171 71.950000000000017 1.5000000000000002
decision_type=2 2 2 2 8 2
left_child=-1 2 -2 4 5 -3
right_child=1 3 -4 -5 -6 -7
leaf_value=-0.043648918807845223 0.052371385783189908 -0.024568962087233862 -0.022788011357188224 -0.054754668985094346 -0.0064776954272125018 0.0090402345672755194
leaf_weight=9.9999999999999982 31 44 12.999999999999998 12.999999999999998 483 456
leaf_count=10 31 44 13 13 483 456
internal_value=6.92702e-07 0.000461927 0.0301523 -0.000878622 -0.0001112 0.00603949
internal_weight=1050 1040 44 996 983 500
internal_count=1050 1040 44 996 983 500
is_linear=0
shrinkage=0.03


Tree=132
num_leaves=7
num_cat=0
split_feature=46 46 23 10 25 46
split_gain=23.2071 84.4632 53.7315 53.721 90.6409 48.0868
threshold=302.86943054199224 320.12947082519537 10.250427167934214 2812.6589390163567 0.89429269307353854 278.07301330566412
decision_type=2 2 2 2 2 2
left_child=3 2 -2 4 -1 -6
right_child=1 -3 -4 -5 5 -7
leaf_value=0.056121196919871913 -0.060013142220071841 0.00048276237772714971 -0.0082654347255624611 -0.03257546963937142 -0.0014717826893878071 0.020886594300666316
leaf_weight=30 36 400 36 33 406 109
leaf_count=30 36 400 36 33 406 109
internal_value=-1.92072e-06 -0.00493175 -0.0346069 0.00402539 0.00629719 0.00329169
internal_weight=1050 472 72 578 545 515
internal_count=1050 472 72 578 545 515
is_linear=0
shrinkage=0.03


Tree=133
num_leaves=7
num_cat=0
split_feature=14 42 42 26 28 18
split_gain=22.9501 36.7806 60.8335 58.1724 53.0005 46.6117
threshold=21.616666666666671 15.137839794158937 15.523070335388185 37.350000000000009 78.450000000000017 2086.5333333333338
decision_type=2 2 2 2 8 2
left_child=-1 -2 4 -4 -3 -6
right_child=1 2 3 -5 5 -7
leaf_value=-0.01310281924696432 -0.033693856680049344 0.040350525650111109 0.047855280351147736 -0.0015981034279124423 0.025373070375485852 -0.039734701910056174
leaf_weight=107 25 65 21 794 21 17
leaf_count=107 25 65 21 794 21 17
internal_value=-2.57203e-06 0.00149619 0.00249014 -0.00026676 0.0240973 -0.00402608
internal_weight=1050 943 918 815 103 38
internal_count=1050 943 918 815 103 38
is_linear=0
shrinkage=0.03


Tree=134
num_leaves=7
num_cat=0
split_feature=26 19 45 26 32 22
split_gain=22.7137 26.7337 61.6499 69.4289 55.8809 54.0669
threshold=64.88333333333334 292.84816198049492 2.3798669576644902 55.88333333333334 19.500000000000004 389.61666666666673
decision_type=2 2 2 2 2 2
left_child=1 2 3 -1 -5 -4
right_child=-2 -3 5 4 -6 -7
leaf_value=-0.00052006211965350809 -0.033412160774072011 0.013769114731704115 0.028637075543403626 0.073734484059470043 0.0025871319696307181 -0.033797827087633778
leaf_weight=780 17 121 13.999999999999998 20 19 79
leaf_count=780 17 121 14 20 19 79
internal_value=-1.76845e-06 0.000579846 -0.00118321 0.0014561 0.0400042 -0.0241944
internal_weight=1050 1033 912 819 39 93
internal_count=1050 1033 912 819 39 93
is_linear=0
shrinkage=0.03


Tree=135
num_leaves=7
num_cat=1
split_feature=7 41 4 42 26 41
split_gain=22.8102 31.3155 50.2732 47.947 40.9508 33.4361
threshold=0 75.174037933349624 76.350000000000009 15.152918338775637 36.983333333333341 79.564571380615249
decision_type=1 2 2 2 2 2
left_child=-1 2 3 -2 -3 -6
right_child=1 4 -4 -5 5 -7
leaf_value=-0.011529249808026686 -0.011452907541472662 0.044739565054575603 -0.032723021124090472 0.045102216907963157 -0.01408623657825178 0.0017696568588712646
leaf_weight=124 18 17 12.999999999999998 49 144 685
leaf_count=124 18 17 13 49 144 685
internal_value=-2.59701e-07 0.00166081 0.0194986 0.0299633 -2.73997e-05 -0.000998217
internal_weight=1050 926 80 67 846 829
internal_count=1050 926 80 67 846 829
cat_boundaries=0 1
cat_threshold=33025
is_linear=0
shrinkage=0.03


Tree=136
num_leaves=7
num_cat=1
split_feature=37 15 0 22 24 3
split_gain=22.6457 29.6028 27.4614 45.5032 74.5201 45.2517
threshold=15.500000000000002 13.983333333333336 0 467.08333333333343 506.36666666666673 176.85000000000005
decision_type=2 2 1 2 2 2
left_child=2 -2 3 4 -1 -6
right_child=1 -3 -4 -5 5 -7
leaf_value=0.0056946093918755648 -0.050328205128510779 0.0073737074136734013 -0.0041362210911335458 -0.015402308318477411 0.077651746688325973 0.0093745947210118179
leaf_weight=399 17.000000000000004 13.999999999999998 507 77 21 14.999999999999998
leaf_count=399 17 14 507 77 21 15
internal_value=-2.92003e-06 -0.0248532 0.000776699 0.00561146 0.00948664 0.0502252
internal_weight=1050 31 1019 512 435 36
internal_count=1050 31 1019 512 435 36
cat_boundaries=0 1
cat_threshold=28
is_linear=0
shrinkage=0.03


Tree=137
num_leaves=7
num_cat=0
split_feature=25 14 42 45 10 6
split_gain=22.2924 36.1545 48.9003 46.0949 65.9388 43.0929
threshold=0.87438875206422717 33.550000000000004 28.216244697570804 2.8308131694793706 5533.5015795687732 8.5000000000000018
decision_type=2 2 2 2 2 2
left_child=-1 3 -3 4 -2 -5
right_child=1 2 -4 5 -6 -7
leaf_value=-0.042486694116484029 -0.00050515098210633376 0.04444212856675897 -0.022390606041465488 -0.044388634452694344 0.053254136230264391 0.021519814729690549
leaf_weight=9.9999999999999982 925 34 12.999999999999998 37 20 10.999999999999998
leaf_count=10 925 34 13 37 20 11
internal_value=-3.15024e-06 0.000445766 0.0258751 -0.000782659 0.000687703 -0.0291537
internal_weight=1050 1040 47 993 945 48
internal_count=1050 1040 47 993 945 48
is_linear=0
shrinkage=0.03


Tree=138
num_leaves=7
num_cat=0
split_feature=3 6 3 4 9 3
split_gain=21.9808 58.1281 98.3654 56.2925 62.062 58.7101
threshold=168.15000000000001 8.5000000000000018 168.75000000000003 65.450000000000017 8174.4333333333343 174.75000000000003
decision_type=2 2 2 2 2 2
left_child=-1 2 -2 4 -3 -6
right_child=1 3 -4 -5 5 -7
leaf_value=0.0060605961184823113 -0.073688303500413888 -0.0025290424749255178 -0.0057685557195593503 -0.0062786633067804833 0.014298110315876623 0.073308182973414654
leaf_weight=355 19 41 483 91 30 31
leaf_count=355 19 41 483 91 30 31
internal_value=-2.78625e-06 -0.00310417 -0.00848061 0.0108518 0.0260474 0.0449855
internal_weight=1050 695 502 193 102 61
internal_count=1050 695 502 193 102 61
is_linear=0
shrinkage=0.03


Tree=139
num_leaves=7
num_cat=0
split_feature=46 46 23 29 1 41
split_gain=22.2508 78.1173 50.417 45.765 45.4289 44.7994
threshold=302.86943054199224 320.12947082519537 10.250427167934214 14.15 20.500000000000004 86.25037002563478
decision_type=2 2 2 10 2 2
left_child=3 2 -2 -1 -5 -4
right_child=1 -3 5 4 -6 -7
leaf_value=1.7466456746483373e-05 -0.057977835745424831 0.00037761749237534261 -0.036979735850223468 0.043402435107855124 0.0033953572294142626 0.028580175287583293
leaf_weight=476 36 400 20 47 55 15.999999999999998
leaf_count=476 36 400 20 47 55 16
internal_value=-2.54842e-06 -0.00482974 -0.0333684 0.00394091 0.0220724 -0.00785707
internal_weight=1050 472 72 578 102 36
internal_count=1050 472 72 578 102 36
is_linear=0
shrinkage=0.03


Tree=140
num_leaves=7
num_cat=0
split_feature=37 33 1 18 10 41
split_gain=21.9569 97.1736 92.2046 43.9281 77.6597 48.4831
threshold=8.5000000000000018 28.500000000000004 20.500000000000004 2263.0500000000006 2544.7960660455051 85.00736236572267
decision_type=2 2 2 2 2 2
left_child=1 3 -3 4 5 -1
right_child=-2 2 -4 -5 -6 -7
leaf_value=-0.034841302828146854 0.0015812787090456774 0.081421736724236402 -0.021325439885258674 0.0097377815097570413 -0.086985498241015841 0.030474954428417338
leaf_weight=38 927 16.000000000000004 13.999999999999998 22 20 12.999999999999998
leaf_count=38 927 16 14 22 20 13
internal_value=-3.01938e-06 -0.0118597 0.0343319 -0.0269669 -0.0383175 -0.0179262
internal_weight=1050 123 30 93 71 51
internal_count=1050 123 30 93 71 51
is_linear=0
shrinkage=0.03


Tree=141
num_leaves=7
num_cat=0
split_feature=26 19 45 26 32 15
split_gain=21.0438 23.2194 56.906 66.1734 52.9343 51.9658
threshold=64.88333333333334 292.84816198049492 2.3798669576644902 55.88333333333334 19.500000000000004 16.150000000000002
decision_type=2 2 2 2 2 2
left_child=1 2 3 5 -5 -1
right_child=-2 -3 -4 4 -6 -7
leaf_value=-0.0022275680680567964 -0.03216223105788231 0.012848162891373771 -0.023194902933182868 0.071911602190562654 0.0026575499139726163 0.033739599955121151
leaf_weight=743 17 121 93 20 19 37
leaf_count=743 17 121 93 20 19 37
internal_value=-3.49797e-06 0.000556329 -0.00108678 0.00144889 0.0390824 -0.000480417
internal_weight=1050 1033 912 819 39 780
internal_count=1050 1033 912 819 39 780
is_linear=0
shrinkage=0.03


Tree=142
num_leaves=7
num_cat=1
split_feature=37 9 7 39 19 19
split_gain=21.3597 28.236 26.5298 60.3143 41.6774 41.6108
threshold=15.500000000000002 7869.5000000000009 0 1.3514610389610393 97.169992081793808 90.957817492130602
decision_type=2 2 1 2 2 2
left_child=2 -2 3 4 5 -1
right_child=1 -3 -4 -5 -6 -7
leaf_value=-0.0028261106977095969 0.016273923543366514 -0.043243834965608331 0.0038598892967969625 -0.075795751430771566 0.00086453559696329405 -0.058858119968486868
leaf_weight=25 10.000000000000002 21 720 9.9999999999999982 242 22
leaf_count=25 10 21 720 10 242 22
internal_value=-1.57839e-06 -0.024136 0.000755581 -0.00661576 -0.00419701 -0.0297337
internal_weight=1050 31 1019 299 289 47
internal_count=1050 31 1019 299 289 47
cat_boundaries=0 1
cat_threshold=37121
is_linear=0
shrinkage=0.03


Tree=143
num_leaves=7
num_cat=0
split_feature=3 25 23 4 25 4
split_gain=21.9775 25.7338 51.203 88.725 57.3366 45.0779
threshold=190.70000000000002 0.91091030053177247 10.546258256730138 73.050000000000011 0.91517911910850824 63.750000000000007
decision_type=2 2 2 2 2 2
left_child=1 -1 3 4 -3 -4
right_child=-2 2 5 -5 -6 -7
leaf_value=0.00097904842413091392 0.03285945934553941 -0.035370660280724137 -0.00070896871387958504 0.063782665163278573 0.031149461455643176 -0.077858833769957225
leaf_weight=933 17 43 11.000000000000002 13.999999999999998 14.999999999999998 17
leaf_count=933 17 43 11 14 15 17
internal_value=-4.98842e-06 -0.000577092 -0.0149618 -0.001386 -0.0179308 -0.0486195
internal_weight=1050 1033 100 72 58 28
internal_count=1050 1033 100 72 58 28
is_linear=0
shrinkage=0.03


Tree=144
num_leaves=7
num_cat=1
split_feature=46 46 42 7 41 31
split_gain=21.5773 72.3439 47.461 44.924 43.7038 46.8105
threshold=302.86943054199224 320.12947082519537 15.907984733581545 0 79.02417373657228 3.5000000000000004
decision_type=2 2 2 1 2 10
left_child=3 2 -2 -1 -3 -6
right_child=1 4 -4 -5 5 -7
leaf_value=-0.012483279317980859 -0.062947904233421587 0.028113853273292383 -0.01281844689998568 0.0079273207366844321 -0.0054386186709175378 0.050530146168810977
leaf_weight=112 27 44 45 466 343 12.999999999999998
leaf_count=112 27 44 45 466 343 13
internal_value=-4.41543e-06 -0.00475799 -0.0322218 0.00387891 0.000253518 -0.003259
internal_weight=1050 472 72 578 400 356
internal_count=1050 472 72 578 400 356
cat_boundaries=0 1
cat_threshold=49221
is_linear=0
shrinkage=0.03


Tree=145
num_leaves=7
num_cat=0
split_feature=3 3 46 26 29 3
split_gain=20.7064 24.7128 54.1249 85.7571 72.9565 58.9363
threshold=190.70000000000002 168.15000000000001 447.03201293945318 60.966666666666676 15.65 168.75000000000003
decision_type=2 2 2 2 10 2
left_child=1 -1 4 -4 5 -3
right_child=-2 2 3 -5 -6 -7
leaf_value=0.0058415803002465636 0.031894160900264978 -0.057487473630386844 0.03722933916214468 -0.041431982181966302 0.022955114267427811 -0.008363451628856218
leaf_weight=355 17 22 57 14.999999999999998 65 519
leaf_count=355 17 22 57 15 65 519
internal_value=-5.78664e-06 -0.000561099 -0.0039172 0.0204985 -0.00684707 -0.0104635
internal_weight=1050 1033 678 72 606 541
internal_count=1050 1033 678 72 606 541
is_linear=0
shrinkage=0.03


Tree=146
num_leaves=7
num_cat=0
split_feature=37 3 14 19 9 25
split_gain=20.4872 70.6586 83.6923 60.1018 52.5495 52.4159
threshold=8.5000000000000018 166.15000000000001 30.133333333333336 138.83828978766505 8679.383333333335 0.8781559520961808
decision_type=2 2 2 2 2 2
left_child=1 -1 3 4 -3 -2
right_child=5 2 -4 -5 -6 -7
leaf_value=0.027949446067214011 -0.043202702428983601 -0.03454613300887021 0.04120344579219818 -0.066615677609053597 0.033304928675293922 0.0026582548093391483
leaf_weight=30 22 32 13.999999999999998 33 13.999999999999998 905
leaf_count=30 22 32 14 33 14 905
internal_value=-5.88038e-06 -0.0114588 -0.0243333 -0.0363173 -0.0136266 0.00152448
internal_weight=1050 123 93 79 46 927
internal_count=1050 123 93 79 46 927
is_linear=0
shrinkage=0.03


Tree=147
num_leaves=7
num_cat=0
split_feature=46 46 10 25 23 28
split_gain=20.6777 67.92 47.5479 83.8684 47.2027 45.3401
threshold=302.86943054199224 320.12947082519537 2812.6589390163567 0.89429269307353854 10.250427167934214 70.750000000000014
decision_type=2 2 2 2 2 8
left_child=2 4 3 -1 -2 -5
right_child=1 -3 -4 5 -6 -7
leaf_value=0.053858221748903874 -0.055079113430268049 0.00019573509722104425 -0.030639143546714504 0.012217613847702742 -0.0066178723444809779 -0.0055623636179436206
leaf_weight=30 36 400 33 249 36 266
leaf_count=30 36 400 33 249 36 266
internal_value=-6.82429e-06 -0.00466025 0.00379469 0.00593197 -0.0312711 0.00304119
internal_weight=1050 472 578 545 72 515
internal_count=1050 472 578 545 72 515
is_linear=0
shrinkage=0.03


Tree=148
num_leaves=7
num_cat=0
split_feature=20 44 26 42 12 29
split_gain=20.2475 70.4762 71.1036 56.106 38.3414 93.7893
threshold=-2.6795328142380717 2.1850482225418095 43.250000000000007 16.106816291809086 -22.619688542825482 19.900000000000002
decision_type=2 2 2 2 2 8
left_child=1 2 -1 -3 5 -2
right_child=4 3 -4 -5 -6 -7
leaf_value=-0.0058220950048416854 0.021060064482417973 -0.050405867052705659 0.078519033599983565 0.024783367032513898 0.0013112723803096903 -0.031655439329756931
leaf_weight=14.999999999999998 43 18 21 15.999999999999998 839 98
leaf_count=15 43 18 21 16 839 98
internal_value=-7.52224e-06 0.015463 0.0441693 -0.0153255 -0.00112719 -0.015544
internal_weight=1050 70 36 34 980 141
internal_count=1050 70 36 34 980 141
is_linear=0
shrinkage=0.03


Tree=149
num_leaves=7
num_cat=0
split_feature=14 19 15 31 39 16
split_gain=20.4198 33.8102 39.6913 36.4584 35.9053 48.0281
threshold=21.616666666666671 89.326709917384761 12.750000000000002 1.5000000000000002 0.925022182786158 205.51666666666668
decision_type=2 2 2 8 2 2
left_child=1 -1 -3 -4 5 -5
right_child=-2 2 3 4 -6 -7
leaf_value=0.02813255600631237 0.0014075119280256576 0.015432045524534969 -0.00094577232805582187 -0.06088812524622135 -0.070388134914636608 0.026148217874579133
leaf_weight=14.999999999999998 943 22 25 10.000000000000002 24 10.999999999999998
leaf_count=15 943 22 25 10 24 11
internal_value=-6.2179e-06 -0.0123632 -0.0191973 -0.0301448 -0.0459934 -0.0161814
internal_weight=1050 107 92 70 45 21
internal_count=1050 107 92 70 45 21
is_linear=0
shrinkage=0.03


Tree=150
num_leaves=7
num_cat=0
split_feature=37 33 20 19 28 41
split_gain=19.9538 30.5153 27.7511 69.9616 46.9314 35.4651
threshold=15.500000000000002 29.500000000000004 -2.6795328142380717 113.36699061075545 55.95000000000001 82.959850311279311
decision_type=2 2 2 2 10 2
left_child=2 -2 3 -1 -5 -6
right_child=1 -3 -4 4 5 -7
leaf_value=0.052502650310916284 0.015900758802890772 -0.044643301601920808 -0.00059783921752209069 -0.049848926573991779 -0.014687228436980924 0.057640175277536565
leaf_weight=30 11.000000000000002 20 952 13.999999999999998 13.000000000000002 9.9999999999999982
leaf_count=30 11 20 952 14 13 10
internal_value=-7.77546e-06 -0.0233344 0.000724047 0.0192392 -0.00840298 0.0178509
internal_weight=1050 31 1019 67 37 23
internal_count=1050 31 1019 67 37 23
is_linear=0
shrinkage=0.03


Tree=151
num_leaves=7
num_cat=0
split_feature=25 14 42 45 10 6
split_gain=19.9217 32.0904 46.4293 44.4867 58.3148 39.5876
threshold=0.87438875206422717 33.550000000000004 28.216244697570804 2.8308131694793706 5533.5015795687732 8.5000000000000018
decision_type=2 2 2 2 2 2
left_child=-1 3 -3 4 -2 -5
right_child=1 2 -4 5 -6 -7
leaf_value=-0.040168206817047157 -0.00041740155722754836 0.042474782070943282 -0.022616236321628094 -0.043208266584888889 0.05013860042606081 0.019994894564151763
leaf_weight=9.9999999999999982 925 34 12.999999999999998 37 20 10.999999999999998
leaf_count=10 925 34 13 37 20 11
internal_value=-7.07787e-06 0.000417302 0.0243748 -0.000740019 0.000704436 -0.0286117
internal_weight=1050 1040 47 993 945 48
internal_count=1050 1040 47 993 945 48
is_linear=0
shrinkage=0.03


Tree=152
num_leaves=7
num_cat=1
split_feature=3 7 45 41 28 41
split_gain=19.6217 23.8943 38.732 36.62 89.3336 59.1805
threshold=190.70000000000002 0 3.2975163459777836 90.66666412353517 66.750000000000014 89.250091552734389
decision_type=2 1 2 2 8 2
left_child=1 3 -3 5 -5 -1
right_child=-2 2 -4 4 -6 -7
leaf_value=0.0072369728772463341 0.031046459178129829 -0.0049077893448214917 0.045523054466715882 0.024171357628974047 -0.041856301043714794 0.065034223058644466
leaf_weight=265 17 666 12.999999999999998 32 41 15.999999999999998
leaf_count=265 17 666 13 32 41 16
internal_value=-6.68861e-06 -0.000547259 -0.00382054 0.00567207 -0.0129772 0.0107469
internal_weight=1050 1033 679 354 73 281
internal_count=1050 1033 679 354 73 281
cat_boundaries=0 1
cat_threshold=9890
is_linear=0
shrinkage=0.03


Tree=153
num_leaves=7
num_cat=0
split_feature=14 42 42 26 45 39
split_gain=19.4394 33.0561 57.9704 59.241 48.7466 45.92
threshold=21.616666666666671 15.137839794158937 15.608754158020021 37.350000000000009 1.6755517125129702 1.1229159856162145
decision_type=2 2 2 2 2 2
left_child=-1 -2 4 -4 -3 -5
right_child=1 2 3 5 -6 -7
leaf_value=-0.012059591798525716 -0.031984192892604575 0.056273235347535873 0.048804114343864578 0.0016304197540719918 0.011316266297523317 -0.016221662318580837
leaf_weight=107 25 26 20 592 115 165
leaf_count=107 25 26 20 592 115 165
internal_value=-2.88422e-06 0.00137649 0.00231882 -0.000901119 0.0199441 -0.00227699
internal_weight=1050 943 918 777 141 757
internal_count=1050 943 918 777 141 757
is_linear=0
shrinkage=0.03


Tree=154
num_leaves=7
num_cat=0
split_feature=42 14 45 19 32 46
split_gain=19.2353 33.229 41.458 67.7863 39.7268 35.1292
threshold=28.319406509399418 33.550000000000004 2.8308131694793706 319.60051093331248 19.500000000000004 302.86943054199224
decision_type=2 2 2 2 2 2
left_child=1 2 3 5 -4 -1
right_child=-2 -3 4 -5 -6 -7
leaf_value=0.0039668936717067319 -0.036267042761811842 0.02537968697036495 -0.009367468542286329 0.051565706367078031 -0.068327546715736376 -0.0081015399570380127
leaf_weight=576 11.999999999999998 45 34 22 13.999999999999998 347
leaf_count=576 12 45 34 22 14 347
internal_value=-1.14897e-06 0.000452612 -0.00070141 0.000692995 -0.0276076 -0.000574067
internal_weight=1050 1038 993 945 48 923
internal_count=1050 1038 993 945 48 923
is_linear=0
shrinkage=0.03


Tree=155
num_leaves=7
num_cat=0
split_feature=37 33 1 25 24 24
split_gain=18.9793 87.4483 83.5272 47.9719 39.1874 85.3057
threshold=8.5000000000000018 28.500000000000004 20.500000000000004 0.8781559520961808 450.31666666666672 489.46666666666675
decision_type=2 2 2 2 2 2
left_child=1 4 -3 -2 -1 -6
right_child=3 2 -4 -5 5 -7
leaf_value=0.0074393280565738674 -0.041318489420025244 0.07760822948287513 -0.020189384996891022 0.0025553057937680846 -0.073867762381992025 -0.0069942356497049336
leaf_weight=24 22 16.000000000000004 13.999999999999998 905 30 39
leaf_count=24 22 16 14 905 30 39
internal_value=-2.28919e-06 -0.0110257 0.0327903 0.00147067 -0.0253584 -0.0367096
internal_weight=1050 123 30 927 93 69
internal_count=1050 123 30 927 93 69
is_linear=0
shrinkage=0.03


Tree=156
num_leaves=7
num_cat=1
split_feature=0 3 4 3 42 19
split_gain=18.8576 45.3254 48.2172 45.3482 79.4827 95.0609
threshold=0 159.80000000000004 67.250000000000014 167.45000000000002 16.106816291809086 111.6127902182313
decision_type=1 2 2 2 2 2
left_child=1 2 -1 4 5 -3
right_child=-2 3 -4 -5 -6 -7
leaf_value=-0.047124516487121584 -0.0039975219221885074 0.029658706969448497 0.01434165419716584 0.0012518743765185256 0.044307454164235795 -0.045265970950325328
leaf_weight=29 523 34 18 353 67 26
leaf_count=29 523 34 18 353 67 26
internal_value=-3.78385e-06 0.00396041 -0.0237759 0.00680238 0.0220998 -0.00301847
internal_weight=1050 527 47 480 127 60
internal_count=1050 527 47 480 127 60
cat_boundaries=0 1
cat_threshold=28
is_linear=0
shrinkage=0.03


Tree=157
num_leaves=7
num_cat=0
split_feature=20 44 26 42 12 28
split_gain=18.0478 65.1825 63.9928 52.5395 36.1734 50.6328
threshold=-2.6795328142380717 2.1850482225418095 43.250000000000007 16.106816291809086 -22.619688542825482 56.95000000000001
decision_type=2 2 2 2 2 10
left_child=1 2 -1 -3 5 -2
right_child=4 3 -4 -5 -6 -7
leaf_value=-0.0052337035909295077 -0.035125814660319256 -0.048946976395029769 0.074796047468077054 0.023817052968284663 0.0013063712521091343 0.00092052065860480066
leaf_weight=14.999999999999998 62 18 21 15.999999999999998 839 79
leaf_count=15 62 18 21 16 839 79
internal_value=-5.00636e-06 0.014601 0.0422101 -0.0150029 -0.00106211 -0.0150654
internal_weight=1050 70 36 34 980 141
internal_count=1050 70 36 34 980 141
is_linear=0
shrinkage=0.03


Tree=158
num_leaves=7
num_cat=0
split_feature=37 33 20 19 28 42
split_gain=18.7339 29.2231 24.8072 62.7415 43.7028 34.6848
threshold=15.500000000000002 29.500000000000004 -2.6795328142380717 113.36699061075545 55.95000000000001 15.137839794158937
decision_type=2 2 2 2 10 2
left_child=2 -2 3 -1 -5 -4
right_child=1 -3 5 4 -6 -7
leaf_value=0.049710470120753011 0.015774667859077447 -0.043462542848927629 -0.02187630224667373 -0.04796410584449768 0.017363672461360693 0.00098927177874151648
leaf_weight=30 11.000000000000002 20 63 13.999999999999998 23 889
leaf_count=30 11 20 63 14 23 889
internal_value=-4.52685e-06 -0.0226068 0.000704568 0.0182102 -0.00796667 -0.000545259
internal_weight=1050 31 1019 67 37 952
internal_count=1050 31 1019 67 37 952
is_linear=0
shrinkage=0.03


Tree=159
num_leaves=7
num_cat=0
split_feature=37 30 15 10 25 16
split_gain=17.8785 61.4549 80.6494 45.8885 45.4711 48.8123
threshold=8.5000000000000018 21.050000000000004 18.283333333333335 2544.7960660455051 0.8781559520961808 186.25000000000003
decision_type=2 8 2 2 2 2
left_child=1 -1 3 -3 -2 -6
right_child=4 2 -4 -5 5 -7
leaf_value=-0.049810547996977608 -0.040234567996762366 0.0037016007809315696 0.064705704919993876 -0.044864253491163256 0.039476111586536133 0.0011683315214260849
leaf_weight=27 22 58 13.999999999999998 24 30 875
leaf_count=27 22 58 14 24 30 875
internal_value=-5.23202e-06 -0.0107042 0.000694574 -0.0108821 0.00142438 0.00248037
internal_weight=1050 123 96 82 927 905
internal_count=1050 123 96 82 927 905
is_linear=0
shrinkage=0.03


Tree=160
num_leaves=7
num_cat=0
split_feature=3 25 30 4 15 14
split_gain=18.4629 24.0837 56.1342 70.4335 61.3387 35.0606
threshold=190.70000000000002 0.91091030053177247 20.050000000000004 72.850000000000009 13.216666666666667 22.016666666666669
decision_type=2 2 8 2 2 2
left_child=1 -1 4 5 -3 -4
right_child=-2 2 3 -5 -6 -7
leaf_value=0.00097521453067546642 0.030116437822580337 -0.024331656154245131 -0.016377884523198008 0.018107685343078946 0.07027345185096448 -0.065239396942779415
leaf_weight=933 17 11.000000000000002 24 22 11.999999999999998 31
leaf_count=933 17 11 24 22 12 31
internal_value=-5.81332e-06 -0.00053018 -0.0144461 -0.0266748 0.025899 -0.0445912
internal_weight=1050 1033 100 77 23 55
internal_count=1050 1033 100 77 23 55
is_linear=0
shrinkage=0.03


Tree=161
num_leaves=7
num_cat=1
split_feature=37 33 36 20 7 3
split_gain=17.9517 27.8362 24.0272 48.9215 43.3243 50.4848
threshold=15.500000000000002 29.500000000000004 3.5000000000000004 -2.8896551724138306 0 160.15000000000001
decision_type=2 2 2 2 1 2
left_child=2 -2 3 -1 -5 -6
right_child=1 -3 -4 4 5 -7
leaf_value=0.053154931727208587 0.015333039015531534 -0.042484672814607619 -0.0032373866383139951 -0.012418603336014451 -0.026127639657352118 0.013689217525002146
leaf_weight=18 11.000000000000002 20 590 101 31 279
leaf_count=18 11 20 590 101 31 279
internal_value=-5.25271e-06 -0.0221307 0.000688883 0.00608362 0.00389809 0.00933613
internal_weight=1050 31 1019 429 411 310
internal_count=1050 31 1019 429 411 310
cat_boundaries=0 1
cat_threshold=59136
is_linear=0
shrinkage=0.03


Tree=162
num_leaves=7
num_cat=0
split_feature=6 30 30 33 26 14
split_gain=18.2338 61.3743 55.0304 65.2156 68.8429 68.5485
threshold=8.5000000000000018 19.350000000000005 21.650000000000002 25.500000000000004 52.416666666666671 22.283333333333335
decision_type=2 8 10 2 2 2
left_child=2 -2 -1 4 -4 -5
right_child=1 -3 3 5 -6 -7
leaf_value=-0.0084952353404311939 0.037400683143641797 0.00021300379450386195 -0.042483081030122077 -0.013101011683184911 0.033426844239234921 0.024739334612358908
leaf_weight=487 47 238 38 57 13.999999999999998 169
leaf_count=487 47 238 38 57 14 169
internal_value=-8.69975e-06 0.00645504 -0.00242204 0.00820929 -0.0218007 0.0151799
internal_weight=1050 285 765 278 52 226
internal_count=1050 285 765 278 52 226
is_linear=0
shrinkage=0.03


Tree=163
num_leaves=7
num_cat=0
split_feature=46 46 10 25 33 41
split_gain=17.7056 60.034 43.815 78.5987 44.1268 42.7856
threshold=302.86943054199224 320.12947082519537 2812.6589390163567 0.89429269307353854 27.500000000000004 79.02417373657228
decision_type=2 2 2 2 2 2
left_child=2 -2 3 -1 -4 -3
right_child=1 5 4 -5 -6 -7
leaf_value=0.051957872622090596 -0.029331872623975144 0.027817750809830614 -0.059939486235380174 0.002763928272697105 0.0083977168612182143 -0.0032237657782339933
leaf_weight=30 72 44 18 515 14.999999999999998 356
leaf_count=30 72 44 18 515 15 356
internal_value=-7.5338e-06 -0.00431356 0.00351018 0.00556205 -0.0295437 0.000251657
internal_weight=1050 472 578 545 33 400
internal_count=1050 472 578 545 33 400
is_linear=0
shrinkage=0.03


Tree=164
num_leaves=7
num_cat=1
split_feature=7 4 3 28 39 31
split_gain=17.6338 29.5004 61.3234 50.3792 58.1986 41.593
threshold=0 48.150000000000013 171.55000000000004 50.750000000000007 0.98430141287284145 1.5000000000000002
decision_type=1 2 2 8 2 10
left_child=-1 2 -2 4 -3 -4
right_child=1 3 5 -5 -6 -7
leaf_value=-0.01014398590521887 0.054327284445365262 -0.076483729393221428 0.029320029128681521 0.0014688538184814285 0.014525897387753834 -0.051630128026008602
leaf_weight=124 26 15.000000000000002 10.000000000000002 854 9.9999999999999982 10.999999999999998
leaf_count=124 26 15 10 854 10 11
internal_value=-7.35244e-06 0.00145327 0.0243707 0.000218085 -0.0409213 -0.0135019
internal_weight=1050 926 47 879 25 21
internal_count=1050 926 47 879 25 21
cat_boundaries=0 1
cat_threshold=33025
is_linear=0
shrinkage=0.03


Tree=165
num_leaves=7
num_cat=0
split_feature=3 25 30 4 15 23
split_gain=17.5318 22.6222 52.4754 65.9858 57.2977 40.7485
threshold=190.70000000000002 0.91091030053177247 20.050000000000004 72.850000000000009 13.216666666666667 10.309464439230855
decision_type=2 2 8 2 2 2
left_child=1 -1 4 -4 -3 -5
right_child=-2 2 3 5 -6 -7
leaf_value=0.00093691595565409012 0.029341738199194271 -0.023546076193451875 -0.043173809957557492 0.056030659899115549 0.067888252058854459 -0.022463083406910299
leaf_weight=933 17 11.000000000000002 55 11.000000000000002 11.999999999999998 10.999999999999998
leaf_count=933 17 11 55 11 12 11
internal_value=-1.11297e-05 -0.000522097 -0.0140092 -0.0258323 0.0249998 0.0175135
internal_weight=1050 1033 100 77 23 22
internal_count=1050 1033 100 77 23 22
is_linear=0
shrinkage=0.03


Tree=166
num_leaves=7
num_cat=0
split_feature=42 16 45 19 6 32
split_gain=17.4061 37.0653 42.3003 63.606 37.2587 37.7521
threshold=28.319406509399418 186.25000000000003 2.8308131694793706 319.60051093331248 8.5000000000000018 19.500000000000004
decision_type=2 2 2 2 2 2
left_child=1 -1 3 -3 5 -4
right_child=-2 2 4 -5 -6 -7
leaf_value=0.027693404719493414 -0.034507439554167477 -0.00054587903307448768 -0.019900113965074219 0.049959952883098437 0.01762160388322977 -0.083656477607213522
leaf_weight=42 11.999999999999998 924 26 22 11.999999999999998 11.999999999999998
leaf_count=42 12 924 26 22 12 12
internal_value=-8.94e-06 0.000422715 -0.000753877 0.000680191 -0.0273678 -0.0416625
internal_weight=1050 1038 996 946 50 38
internal_count=1050 1038 996 946 50 38
is_linear=0
shrinkage=0.03


Tree=167
num_leaves=7
num_cat=0
split_feature=25 16 42 45 19 6
split_gain=17.5498 32.1995 47.2045 39.953 60.0063 35.2038
threshold=0.87438875206422717 186.25000000000003 28.216244697570804 2.8308131694793706 319.60051093331248 8.5000000000000018
decision_type=2 2 2 2 2 2
left_child=-1 2 -2 4 -3 -5
right_child=1 3 -4 5 -6 -7
leaf_value=-0.037704391677609896 0.044910789672285317 -0.00052952040280341292 -0.021617733572742766 -0.040492278400522011 0.048526319317195726 0.017133620450129873
leaf_weight=9.9999999999999982 31 924 12.999999999999998 38 22 11.999999999999998
leaf_count=10 31 924 13 38 22 12
internal_value=-9.90878e-06 0.000388409 0.025211 -0.00073236 0.000661351 -0.0265973
internal_weight=1050 1040 44 996 946 50
internal_count=1050 1040 44 996 946 50
is_linear=0
shrinkage=0.03


Tree=168
num_leaves=7
num_cat=0
split_feature=3 6 3 31 22 30
split_gain=17.142 50.3269 87.0417 66.8477 95.1821 54.9115
threshold=168.15000000000001 8.5000000000000018 168.95000000000002 1.5000000000000002 438.48333333333341 22.750000000000004
decision_type=2 2 2 8 2 10
left_child=-1 2 -2 4 -3 -5
right_child=1 3 -4 5 -6 -7
leaf_value=0.0053452475040397613 -0.056453139262814672 0.071337627251632507 -0.004542681288383173 0.0087557997876921527 -0.012840449921786784 -0.038013965434261728
leaf_weight=355 30 31 472 116 19 27
leaf_count=355 30 31 472 116 19 27
internal_value=-9.31954e-06 -0.00274814 -0.00775097 0.0102373 0.0397254 -0.000277517
internal_weight=1050 695 502 193 50 143
internal_count=1050 695 502 193 50 143
is_linear=0
shrinkage=0.03


Tree=169
num_leaves=7
num_cat=1
split_feature=0 29 31 23 42 25
split_gain=17.0528 38.0905 34.1506 74.2027 70.7726 67.9987
threshold=0 20.800000000000001 2.5000000000000004 8.9679185197392268 15.173978805541994 0.90547569241770731
decision_type=1 10 10 2 2 2
left_child=1 2 3 -1 -4 -6
right_child=-2 -3 4 -5 5 -7
leaf_value=-0.029775011360140168 -0.0038074912170335392 -0.051429886709560044 -0.049892323660579586 0.0064392284863072653 0.01133503404709528 0.070297303332222838
leaf_weight=58 523 9.9999999999999982 9.9999999999999982 371 52 26
leaf_count=58 523 10 10 371 52 26
internal_value=-9.79382e-06 0.00376005 0.00499737 0.00148527 0.0219098 0.0316302
internal_weight=1050 527 517 429 88 78
internal_count=1050 527 517 429 88 78
cat_boundaries=0 1
cat_threshold=28
is_linear=0
shrinkage=0.03


Tree=170
num_leaves=7
num_cat=0
split_feature=46 46 23 41 10 19
split_gain=17.1492 54.7895 42.0142 41.5567 41.411 74.2366
threshold=302.86943054199224 320.12947082519537 10.250427167934214 86.25037002563478 2812.6589390163567 123.55968094156826
decision_type=2 2 2 2 2 2
left_child=4 2 -2 -4 5 -1
right_child=1 -3 3 -5 -6 -7
leaf_value=0.00036699099400270305 -0.050607312710301292 0.00011182726870646277 -0.033038616560931711 0.030077000448808948 -0.028684427755720474 0.029547248175845628
leaf_weight=451 36 400 20 15.999999999999998 33 94
leaf_count=451 36 400 20 16 33 94
internal_value=-1.19237e-05 -0.00424975 -0.0281503 -0.00493248 0.00345008 0.00544481
internal_weight=1050 472 72 36 578 545
internal_count=1050 472 72 36 578 545
is_linear=0
shrinkage=0.03


Tree=171
num_leaves=7
num_cat=0
split_feature=44 44 4 25 25 20
split_gain=17.307 32.6199 41.8862 34.7233 50.2869 31.7975
threshold=2.0705319643020634 2.1072475910186772 65.550000000000011 0.91517911910850824 0.91428102472985551 -1.0530589543938111
decision_type=2 2 2 2 2 2
left_child=-1 2 -2 4 -3 -5
right_child=1 3 -4 5 -6 -7
leaf_value=0.030950051215477288 0.0071433289498090725 0.00039377631265690398 -0.062469987851731919 -0.0016296771168708795 -0.059002592242681055 0.07064435180276632
leaf_weight=14.999999999999998 14.000000000000002 972 15.999999999999998 10.000000000000002 11.999999999999998 10.999999999999998
leaf_count=15 14 972 16 10 12 11
internal_value=-1.30567e-05 -0.000491239 -0.0308013 0.000443257 -0.000389735 0.0377184
internal_weight=1050 1035 30 1005 984 21
internal_count=1050 1035 30 1005 984 21
is_linear=0
shrinkage=0.03


Tree=172
num_leaves=7
num_cat=1
split_feature=39 7 37 14 26 34
split_gain=17.1871 53.6022 49.0227 59.2596 47.6661 41.8452
threshold=0.88977832512315269 0 11.500000000000002 21.81666666666667 37.350000000000009 18.500000000000004
decision_type=2 1 2 2 2 2
left_child=1 -1 -3 -4 -2 -5
right_child=4 2 3 5 -6 -7
leaf_value=0.019009120539324173 0.039548347368836403 -0.016827700965638671 -0.050329076968706574 0.047572580948472026 -0.0044024554089368978 0.0054782041430473322
leaf_weight=140 22 125 11.999999999999998 29 648 74
leaf_count=140 22 125 12 29 648 74
internal_value=-1.30637e-05 0.00507573 -0.00373118 0.0102049 -0.00290251 0.0176735
internal_weight=1050 380 240 115 670 103
internal_count=1050 380 240 115 670 103
cat_boundaries=0 1
cat_threshold=9362
is_linear=0
shrinkage=0.03


Tree=173
num_leaves=7
num_cat=1
split_feature=7 26 45 42 46 13
split_gain=16.5789 34.13 40.834 40.7118 38.7719 53.4345
threshold=0 40.350000000000001 1.6511660814285281 14.991961479187013 311.61114501953131 5.8708333333333345
decision_type=1 2 2 2 2 2
left_child=1 4 3 -3 5 -1
right_child=-2 2 -4 -5 -6 -7
leaf_value=0.03198909831047058 0.004305494579370895 -0.0045805765635200894 -0.0039277887248681505 -0.080036139304821313 0.061330462737408067 -0.027412379733100532
leaf_weight=29 448 13.000000000000002 511 11.999999999999998 12.999999999999998 24
leaf_count=29 448 13 511 12 13 24
internal_value=-6.10253e-06 -0.00323432 -0.00580191 -0.0424845 0.0169103 0.0050808
internal_weight=1050 602 536 25 66 53
internal_count=1050 602 536 25 66 53
cat_boundaries=0 1
cat_threshold=39257
is_linear=0
shrinkage=0.03


Tree=174
num_leaves=7
num_cat=0
split_feature=41 36 28 39 10 39
split_gain=16.9948 46.4306 39.858 31.8577 33.399 24.9272
threshold=75.174037933349624 4.5000000000000009 72.15000000000002 0.83141321044546856 1441.6104019204952 1.2026785714285717
decision_type=2 2 10 2 2 2
left_child=1 2 3 -1 -5 -2
right_child=5 -3 -4 4 -6 -7
leaf_value=0.049569080982889452 0.00077384361044527394 0.043720672251014364 -0.043208641614764925 0.039590615183115005 -0.023156111164391039 -0.013130154899424975
leaf_weight=12.999999999999998 826 28 14.999999999999998 9.9999999999999982 24 134
leaf_count=13 826 28 15 10 24 134
internal_value=-5.21398e-06 0.012386 -0.00223456 0.01147 -0.00409731 -0.00117857
internal_weight=1050 90 62 47 34 960
internal_count=1050 90 62 47 34 960
is_linear=0
shrinkage=0.03


Tree=175
num_leaves=7
num_cat=0
split_feature=37 33 20 19 28 39
split_gain=16.5794 26.993 22.3291 57.7616 39.3771 32.1377
threshold=15.500000000000002 29.500000000000004 -2.6795328142380717 113.36699061075545 55.95000000000001 1.0867346938775515
decision_type=2 2 2 2 10 2
left_child=2 -2 3 5 -5 -1
right_child=1 -3 -4 4 -6 -7
leaf_value=0.021861163213849063 0.015593436062335965 -0.041316554184470861 -0.00052219116012199322 -0.045801690444350243 0.01621249936521053 0.086265497505664826
leaf_weight=19.000000000000004 11.000000000000002 20 952 13.999999999999998 23 10.999999999999998
leaf_count=19 11 20 952 14 23 11
internal_value=-3.51163e-06 -0.0212665 0.000663564 0.0172718 -0.00784014 0.0474971
internal_weight=1050 31 1019 67 37 30
internal_count=1050 31 1019 67 37 30
is_linear=0
shrinkage=0.03


Tree=176
num_leaves=7
num_cat=0
split_feature=3 6 3 31 22 28
split_gain=16.382 47.395 82.1111 62.5904 88.3931 58.3245
threshold=168.15000000000001 8.5000000000000018 168.95000000000002 1.5000000000000002 438.48333333333341 77.550000000000011
decision_type=2 2 2 8 2 10
left_child=-1 2 -2 4 -3 -5
right_child=1 3 -4 5 -6 -7
leaf_value=0.0052325959644918697 -0.054836931940047975 0.068919016239233313 -0.0044181336084849364 0.0052007553858487909 -0.012207999229431152 -0.066658449769020078
leaf_weight=355 30 31 472 133 19 9.9999999999999982
leaf_count=355 30 31 472 133 19 10
internal_value=-1.91352e-06 -0.00267933 -0.00753424 0.0099222 0.0384559 -0.000252373
internal_weight=1050 695 502 193 50 143
internal_count=1050 695 502 193 50 143
is_linear=0
shrinkage=0.03


Tree=177
num_leaves=7
num_cat=0
split_feature=9 14 29 10 20 12
split_gain=16.2727 56.6449 45.0649 45.327 79.8288 43.2455
threshold=8933.1166666666686 22.416666666666668 19.050000000000004 2812.6589390163567 4.5545050055617056 -28.153170189099203
decision_type=2 2 8 2 2 2
left_child=2 5 -1 4 -4 -2
right_child=1 -3 3 -5 -6 -7
leaf_value=0.017844209645632401 0.0015129657360640439 0.00067402015023757347 -0.0044167529416559376 -0.034229510013546259 0.034156041390409592 -0.042452895804825759
leaf_weight=145 32 415 315 34 56 53
leaf_count=145 32 415 315 34 56 53
internal_value=-3.53371e-06 -0.00391644 0.00355431 -0.00159318 0.00148172 -0.0260759
internal_weight=1050 500 550 405 371 85
internal_count=1050 500 550 405 371 85
is_linear=0
shrinkage=0.03


Tree=178
num_leaves=7
num_cat=0
split_feature=44 44 4 39 29 6
split_gain=15.9386 30.0477 38.9495 28.7874 84.6659 64.8669
threshold=2.0705319643020634 2.1072475910186772 65.550000000000011 1.2026785714285717 12.050000000000002 1.5000000000000002
decision_type=2 2 2 2 8 2
left_child=-1 2 -2 -3 -5 -6
right_child=1 3 -4 4 5 -7
leaf_value=0.029709613071754574 0.0070278202593326549 0.002471643692828315 -0.060092803143403102 0.060913261839976668 -0.080535401566220174 -0.011920828246228072
leaf_weight=14.999999999999998 14.000000000000002 866 15.999999999999998 11.999999999999998 12.999999999999998 114
leaf_count=15 14 866 16 12 13 114
internal_value=-4.19593e-06 -0.000463092 -0.0295536 0.000433794 -0.0121894 -0.0195187
internal_weight=1050 1035 30 1005 139 127
internal_count=1050 1035 30 1005 139 127
is_linear=0
shrinkage=0.03


Tree=179
num_leaves=7
num_cat=1
split_feature=41 23 5 44 44 4
split_gain=16.0312 46.5704 54.6462 63.5096 32.635 19.8894
threshold=75.174037933349624 10.773130652358835 0 2.1242638826370244 2.2715421915054326 71.65000000000002
decision_type=2 2 1 2 2 2
left_child=1 2 3 -1 -3 -2
right_child=5 4 -4 -5 -6 -7
leaf_value=-0.024498127797761789 -0.0036932445921821501 -0.062507338090376396 -0.037851962880654767 0.051225251115541506 0.0084228435438126331 0.0061557330038533153
leaf_weight=11.999999999999998 712 10.000000000000002 9.9999999999999982 46 11.999999999999998 248
leaf_count=12 712 10 10 46 12 248
internal_value=-5.5662e-06 0.0120292 0.0242426 0.0354087 -0.0251341 -0.00114517
internal_weight=1050 90 68 58 22 960
internal_count=1050 90 68 58 22 960
cat_boundaries=0 1
cat_threshold=2
is_linear=0
shrinkage=0.03


Tree=180
num_leaves=7
num_cat=0
split_feature=3 25 30 4 44 14
split_gain=16.0303 19.7984 45.8012 58.7383 43.9899 32.9792
threshold=190.70000000000002 0.91091030053177247 20.050000000000004 72.850000000000009 2.2069227695465092 22.016666666666669
decision_type=2 2 8 2 2 2
left_child=1 -1 4 5 -3 -4
right_child=-2 2 3 -5 -6 -7
leaf_value=0.00086913237875931731 0.02806065092484156 -0.016087122439191887 -0.013300757467746735 0.0167309877762328 0.06409044395200908 -0.060520784575492141
leaf_weight=933 17 12.000000000000002 24 22 10.999999999999998 31
leaf_count=933 17 12 24 22 11 31
internal_value=-7.19051e-06 -0.000495792 -0.0131131 -0.0241586 0.0233314 -0.0405211
internal_weight=1050 1033 100 77 23 55
internal_count=1050 1033 100 77 23 55
is_linear=0
shrinkage=0.03


Tree=181
num_leaves=7
num_cat=0
split_feature=42 15 45 28 26 41
split_gain=15.9166 29.3341 28.3221 31.3745 54.8526 56.933
threshold=28.319406509399418 20.500000000000004 3.1187303066253667 71.950000000000017 54.150000000000006 87.001453399658217
decision_type=2 2 2 8 2 2
left_child=1 2 3 -1 -5 -6
right_child=-2 -3 -4 4 5 -7
leaf_value=0.0053465915143248314 -0.032995833972325694 0.02964023347198963 -0.042835389694997242 -0.0093134452840445726 0.050629612386226652 -0.0045469381602910855
leaf_weight=508 11.999999999999998 29 12.999999999999998 421 29 38
leaf_count=508 12 29 13 421 29 38
internal_value=-6.40851e-06 0.000406362 -0.000462373 0.000133098 -0.0052939 0.0197288
internal_weight=1050 1038 1009 996 488 67
internal_count=1050 1038 1009 996 488 67
is_linear=0
shrinkage=0.03


Tree=182
num_leaves=7
num_cat=0
split_feature=25 14 6 45 19 32
split_gain=15.8754 24.2425 41.2882 35.5724 56.656 33.3573
threshold=0.87438875206422717 33.550000000000004 5.5000000000000009 2.8308131694793706 319.60051093331248 19.500000000000004
decision_type=2 2 2 2 2 2
left_child=-1 3 -3 4 -2 -5
right_child=1 2 -4 5 -6 -7
leaf_value=-0.035857658684835765 -0.0005001850517212667 0.047904079985618589 -0.0075091326795518392 -0.00883401685314519 0.047167164670384447 -0.062872468709945672
leaf_weight=9.9999999999999982 923 24 23 34 22 13.999999999999998
leaf_count=10 923 24 23 34 22 14
internal_value=-6.3323e-06 0.000372506 0.0211955 -0.000633404 0.000658218 -0.0255567
internal_weight=1050 1040 47 993 945 48
internal_count=1050 1040 47 993 945 48
is_linear=0
shrinkage=0.03


Tree=183
num_leaves=7
num_cat=0
split_feature=46 46 41 39 1 23
split_gain=15.8886 49.3901 40.2786 59.3374 42.6424 38.8629
threshold=302.86943054199224 320.12947082519537 79.02417373657228 1.1863711001642037 19.500000000000004 10.250427167934214
decision_type=2 2 2 2 2 2
left_child=-1 5 4 -4 -3 -2
right_child=1 2 3 -5 -6 -7
leaf_value=0.0033256076153251944 -0.048375723943919743 -0.020220144757857689 0.0012655159730573962 -0.035937711921605199 0.044513892639767044 -0.0044568931502667634
leaf_weight=578 36 11.999999999999998 313 43 32 36
leaf_count=578 36 12 313 43 32 36
internal_value=-6.72765e-06 -0.00408583 5.53847e-05 -0.00331621 0.0268021 -0.0267782
internal_weight=1050 472 400 356 44 72
internal_count=1050 472 400 356 44 72
is_linear=0
shrinkage=0.03


Tree=184
num_leaves=7
num_cat=1
split_feature=0 3 4 3 25 3
split_gain=15.5634 39.784 45.1952 40.6131 73.9569 45.4416
threshold=0 159.80000000000004 67.250000000000014 167.45000000000002 0.90903781271182738 169.15000000000001
decision_type=1 2 2 2 2 2
left_child=1 2 -1 4 -3 -5
right_child=-2 3 -4 5 -6 -7
leaf_value=-0.045004109695553782 -0.0036363188991077201 0.032841367747262123 0.01448467282872451 -0.03310212806565687 -0.021746132199106545 0.0043771602170925373
leaf_weight=29 523 99 18 31 28 322
leaf_count=29 523 99 18 31 28 322
internal_value=-8.23521e-06 0.0035932 -0.0223941 0.00625375 0.0207305 0.00100157
internal_weight=1050 527 47 480 127 353
internal_count=1050 527 47 480 127 353
cat_boundaries=0 1
cat_threshold=28
is_linear=0
shrinkage=0.03


Tree=185
num_leaves=7
num_cat=1
split_feature=26 15 39 7 29 39
split_gain=15.437 42.3744 21.1605 49.1611 39.7293 62.4536
threshold=36.983333333333341 13.350000000000003 0.88977832512315269 0 12.450000000000001 0.98430141287284145
decision_type=2 2 2 1 8 2
left_child=1 -1 3 -2 5 -4
right_child=2 -3 4 -5 -6 -7
leaf_value=-0.017284108056471893 0.018584405177247684 0.058426292554608412 -0.043337681572884319 -0.0034605379628979398 -0.0060068172029919594 0.037078993091749585
leaf_weight=12.000000000000002 137 12.999999999999998 9.9999999999999982 233 603 42
leaf_count=12 137 13 10 233 603 42
internal_value=-1.05043e-05 0.0228183 -0.000589001 0.00513779 -0.00382688 0.0210883
internal_weight=1050 25 1025 370 655 52
internal_count=1050 25 1025 370 655 52
cat_boundaries=0 1
cat_threshold=9362
is_linear=0
shrinkage=0.03


Tree=186
num_leaves=7
num_cat=0
split_feature=32 16 23 36 26 41
split_gain=15.4367 65.1955 94.3488 52.4527 57.2471 44.7516
threshold=20.500000000000004 204.41666666666671 9.8179110816599131 2.5000000000000004 48.866666666666674 86.093959808349624
decision_type=2 2 2 2 2 2
left_child=-1 3 -3 5 -5 -2
right_child=1 2 -4 4 -6 -7
leaf_value=-0.0015606969240484539 -0.058298847033427297 0.027760233220301175 -0.061205681508779523 0.054225614845752709 0.0080331369654999835 0.02243736079894006
leaf_weight=888 12.000000000000002 18 24 44 53 10.999999999999998
leaf_count=888 12 18 24 44 53 11
internal_value=-4.61636e-06 0.00848226 -0.0233185 0.0197133 0.0293259 -0.0203599
internal_weight=1050 162 42 120 97 23
internal_count=1050 162 42 120 97 23
is_linear=0
shrinkage=0.03


Tree=187
num_leaves=7
num_cat=0
split_feature=44 44 4 25 25 12
split_gain=15.4453 26.4832 36.3044 31.2525 45.0724 22.4079
threshold=2.0705319643020634 2.1072475910186772 65.550000000000011 0.91517911910850824 0.91428102472985551 -66.880200222469611
decision_type=2 2 2 2 2 2
left_child=-1 2 -2 4 5 -3
right_child=1 3 -4 -5 -6 -7
leaf_value=0.029245692207477986 0.0075050025563687056 -0.037343529154147424 -0.057255992757923459 0.035748788584023715 -0.055895435626690207 0.00088631048988463586
leaf_weight=14.999999999999998 14.000000000000002 12.999999999999998 15.999999999999998 21 11.999999999999998 959
leaf_count=15 14 13 16 21 12 959
internal_value=-4.72352e-06 -0.000456463 -0.027767 0.000385568 -0.000404662 0.000337152
internal_weight=1050 1035 30 1005 984 972
internal_count=1050 1035 30 1005 984 972
is_linear=0
shrinkage=0.03


Tree=188
num_leaves=7
num_cat=0
split_feature=9 9 31 28 20 12
split_gain=15.3738 22.9599 78.9124 26.8429 65.5319 107.878
threshold=4668.9333333333343 5499.0500000000002 1.5000000000000002 69.450000000000017 11.456618464961034 295.33081201334812
decision_type=2 2 10 8 2 2
left_child=-1 2 -2 4 -3 -6
right_child=1 3 -4 -5 5 -7
leaf_value=-0.02541786023548671 0.064274253421708144 0.012753077978149247 -0.032087346361233636 -0.0047192484786659607 -0.052871647284525196 0.0050394047574478795
leaf_weight=20 18.000000000000004 312 11.999999999999998 550 40 98
leaf_count=20 18 312 12 550 40 98
internal_value=-6.7828e-06 0.000510811 0.0259379 -0.000277152 0.0051505 -0.012006
internal_weight=1050 1030 30 1000 450 138
internal_count=1050 1030 30 1000 450 138
is_linear=0
shrinkage=0.03


Tree=189
num_leaves=7
num_cat=0
split_feature=26 23 23 25 41 41
split_gain=15.2305 16.3721 75.4764 64.2857 47.2015 40.6162
threshold=64.88333333333334 18.747745747798149 18.339157803161012 0.88772745666752606 92.920215606689467 100.1671485900879
decision_type=2 2 2 2 2 2
left_child=1 2 -1 4 -3 -6
right_child=-2 3 -4 -5 5 -7
leaf_value=0.00021177990587087616 -0.027366142372290292 -0.037999444007873528 -0.07551283150911331 0.048737532019615171 0.032996025943430138 -0.025691860942170023
leaf_weight=924 17 23 10.999999999999998 29 31 14.999999999999998
leaf_count=924 17 23 11 29 31 15
internal_value=-7.52214e-06 0.000468747 -0.000758822 0.0120701 -0.00381691 0.0137192
internal_weight=1050 1033 935 98 69 46
internal_count=1050 1033 935 98 69 46
is_linear=0
shrinkage=0.03


Tree=190
num_leaves=7
num_cat=0
split_feature=37 30 26 28 31 43
split_gain=15.1676 54.6236 82.2744 47.3288 40.6948 40.0844
threshold=8.5000000000000018 21.050000000000004 55.583333333333343 68.550000000000011 1.5000000000000002 120.50000000000001
decision_type=2 8 2 8 10 2
left_child=1 -1 3 -3 5 -5
right_child=-2 2 -4 4 -6 -7
leaf_value=-0.046733150666155521 0.0013070630335322016 0.031466052780548731 0.060872412013876089 0.024126830494031307 -0.061966140468915305 -0.031535699857132775
leaf_weight=27 927 17 15.999999999999998 19 17 27
leaf_count=27 927 17 16 19 17 27
internal_value=-9.71197e-06 -0.00986421 0.000880066 -0.0117218 -0.0236852 -0.00852049
internal_weight=1050 123 96 80 63 46
internal_count=1050 123 96 80 63 46
is_linear=0
shrinkage=0.03


Tree=191
num_leaves=7
num_cat=0
split_feature=42 16 45 19 12 43
split_gain=14.8902 30.4208 35.3877 52.5636 31.7743 55.0251
threshold=28.319406509399418 186.25000000000003 2.8308131694793706 319.60051093331248 209.24327030033351 139.50000000000003
decision_type=2 2 2 2 2 2
left_child=1 -1 3 4 5 -3
right_child=-2 2 -4 -5 -6 -7
leaf_value=0.025094937933392302 -0.031918045706473858 -0.0019716511401845936 -0.025019141917719562 0.045433249914127845 -0.013068950380112309 0.018157964674242785
leaf_weight=42 11.999999999999998 623 50 22 150 151
leaf_count=42 12 623 50 22 150 151
internal_value=-1.00618e-05 0.000389182 -0.000676753 0.000634903 -0.000479688 0.00197381
internal_weight=1050 1038 996 946 924 774
internal_count=1050 1038 996 946 924 774
is_linear=0
shrinkage=0.03


Tree=192
num_leaves=7
num_cat=0
split_feature=20 44 26 15 44 23
split_gain=15.2592 58.1604 55.9443 47.6716 25.5126 101.884
threshold=-2.6795328142380717 2.1850482225418095 43.250000000000007 13.65 2.1830983161926274 10.612831004292469
decision_type=2 2 2 2 2 2
left_child=1 2 -1 -3 5 -2
right_child=4 3 -4 -5 -6 -7
leaf_value=-0.0048589782952331009 -0.001756025746296671 -0.050715230089776651 0.069971014559268949 0.01860152987934845 0.0011211857717702972 -0.068966387510299682
leaf_weight=14.999999999999998 132 15.999999999999998 21 18 825 23
leaf_count=15 132 16 21 18 825 23
internal_value=-9.28302e-06 0.013421 0.0395032 -0.0145351 -0.00098129 -0.0121073
internal_weight=1050 70 36 34 980 155
internal_count=1050 70 36 34 980 155
is_linear=0
shrinkage=0.03


Tree=193
num_leaves=7
num_cat=0
split_feature=25 16 44 45 19 43
split_gain=15.0334 26.322 41.6879 33.4358 49.5088 30.9346
threshold=0.87438875206422717 186.25000000000003 3.5036246776580815 2.8308131694793706 319.60051093331248 163.50000000000003
decision_type=2 2 2 2 2 2
left_child=-1 2 -2 4 5 -3
right_child=1 3 -4 -5 -6 -7
leaf_value=-0.034897625635970722 0.045359053558536935 0.0013158979148077188 -0.013554296319683393 -0.024316260889172554 0.044097339757110755 -0.017381774757179135
leaf_weight=9.9999999999999982 27 837 17 50 22 87
leaf_count=10 27 837 17 50 22 87
internal_value=-1.00494e-05 0.000358609 0.0228017 -0.000654728 0.000620238 -0.000461485
internal_weight=1050 1040 44 996 946 924
internal_count=1050 1040 44 996 946 924
is_linear=0
shrinkage=0.03


Tree=194
num_leaves=7
num_cat=0
split_feature=37 6 30 28 32 33
split_gain=15.047 72.9803 55.7614 50.1537 50.1798 88.2955
threshold=13.500000000000002 4.5000000000000009 17.550000000000004 59.350000000000001 18.500000000000004 28.500000000000004
decision_type=2 2 8 8 2 2
left_child=-1 -2 -3 -4 -5 -6
right_child=1 2 3 4 5 -7
leaf_value=0.0015543885880130938 -0.034776455297134815 0.067449332103133197 -0.053696507641247337 0.067370587153868247 -0.053599994576403069 0.01871207123486833
leaf_weight=883 59 10.999999999999998 12.999999999999998 9.9999999999999982 20 54
leaf_count=883 59 11 13 10 20 54
internal_value=-9.7302e-06 -0.00823992 0.00644295 -0.00109297 0.00758401 -0.00128581
internal_weight=1050 167 108 97 84 74
internal_count=1050 167 108 97 84 74
is_linear=0
shrinkage=0.03


Tree=195
num_leaves=7
num_cat=0
split_feature=36 12 14 10 30 29
split_gain=14.6167 38.964 52.8563 84.9115 79.4695 56.2226
threshold=3.5000000000000004 -44.13959955506138 22.283333333333335 1894.9721157606461 19.750000000000004 10.15
decision_type=2 2 2 2 8 8
left_child=1 -1 3 4 -3 -4
right_child=-2 2 5 -5 -6 -7
leaf_value=0.038969426155090331 -0.0031261959779107741 0.056274454804027783 0.068976591687936045 -0.06485303316414355 -0.016246119796243661 0.005275253654635023
leaf_weight=26 591 15.999999999999998 11.999999999999998 24 67 314
leaf_count=26 591 16 12 24 67 314
internal_value=-9.06676e-06 0.00400256 0.00181798 -0.0163833 -0.00176274 0.00782386
internal_weight=1050 459 433 107 83 326
internal_count=1050 459 433 107 83 326
is_linear=0
shrinkage=0.03


Tree=196
num_leaves=7
num_cat=1
split_feature=3 7 33 28 16 22
split_gain=14.769 47.5529 47.6954 53.4923 69.2186 50.767
threshold=168.15000000000001 0 26.500000000000004 52.45000000000001 204.78333333333339 430.41666666666669
decision_type=2 1 2 8 2 2
left_child=1 -1 5 -4 -5 -3
right_child=-2 2 3 4 -6 -7
leaf_value=0.021169588343306841 -0.0025485520927470825 -0.049813804068766968 0.057897273916751146 0.0077409416660176285 -0.049193503951484509 0.0019731462148151226
leaf_weight=101 695 33 14.999999999999998 151 21 34
leaf_count=101 695 33 15 151 21 34
internal_value=-6.36076e-06 0.00496378 -0.00227882 0.00542937 0.000545468 -0.0238913
internal_weight=1050 355 254 187 172 67
internal_count=1050 355 254 187 172 67
cat_boundaries=0 1
cat_threshold=51360
is_linear=0
shrinkage=0.03


Tree=197
num_leaves=7
num_cat=0
split_feature=41 36 28 39 10 25
split_gain=14.2963 39.4482 35.6441 28.7118 30.1855 21.6953
threshold=75.174037933349624 4.5000000000000009 72.15000000000002 0.83141321044546856 1441.6104019204952 0.90262735957333307
decision_type=2 2 10 2 2 2
left_child=1 2 3 -1 -5 -3
right_child=-2 5 -4 4 -6 -7
leaf_value=0.047017972980226794 -0.0010766707384100224 0.069226824732927156 -0.040858880225569008 0.037605212968350808 -0.022046866928413508 0.015718795543207841
leaf_weight=12.999999999999998 960 12.000000000000002 14.999999999999998 9.9999999999999982 24 15.999999999999998
leaf_count=13 960 12 15 10 24 16
internal_value=-4.92033e-07 0.0113644 -0.00211119 0.0108487 -0.00392898 0.0402472
internal_weight=1050 90 62 47 34 28
internal_count=1050 90 62 47 34 28
is_linear=0
shrinkage=0.03


Tree=198
num_leaves=7
num_cat=0
split_feature=37 6 30 28 32 33
split_gain=14.2853 68.5592 52.2892 48.4293 47.5134 82.9181
threshold=13.500000000000002 4.5000000000000009 17.550000000000004 59.350000000000001 18.500000000000004 28.500000000000004
decision_type=2 2 8 8 2 2
left_child=-1 -2 -3 -4 -5 -6
right_child=1 2 3 4 5 -7
leaf_value=0.0015265412787312633 -0.033736765308305619 0.065291269645094879 -0.052773793254579815 0.065620461377230557 -0.051884558371135168 0.018190872879868203
leaf_weight=883 59 10.999999999999998 12.999999999999998 9.9999999999999982 20 54
leaf_count=883 59 11 13 10 20 54
internal_value=2.53669e-06 -0.00801665 0.00621477 -0.00108251 0.00744409 -0.0011877
internal_weight=1050 167 108 97 84 74
internal_count=1050 167 108 97 84 74
is_linear=0
shrinkage=0.03


Tree=199
num_leaves=7
num_cat=0
split_feature=44 44 4 39 29 6
split_gain=14.5151 23.8717 33.4955 24.8848 74.5373 57.7537
threshold=2.0705319643020634 2.1072475910186772 65.550000000000011 1.2026785714285717 12.050000000000002 1.5000000000000002
decision_type=2 2 2 2 8 2
left_child=-1 2 -2 -3 -5 -6
right_child=1 3 -4 4 5 -7
leaf_value=0.028358686119318008 0.0074978410676121683 0.0022590426537353278 -0.054691589962252797 0.057217516257212712 -0.075821345757160874 -0.011081872531577296
leaf_weight=14.999999999999998 14.000000000000002 866 15.999999999999998 11.999999999999998 12.999999999999998 114
leaf_count=15 14 866 16 12 13 114
internal_value=2.80978e-06 -0.000435122 -0.0263642 0.000364318 -0.011372 -0.0182493
internal_weight=1050 1035 30 1005 139 127
internal_count=1050 1035 30 1005 139 127
is_linear=0
shrinkage=0.03


Tree=200
num_leaves=7
num_cat=0
split_feature=11 14 33 45 46 33
split_gain=14.2688 48.4304 51.8887 46.6248 38.6252 61.2423
threshold=267993.50000000006 22.416666666666668 25.500000000000004 1.7398706674575808 278.07301330566412 27.500000000000004
decision_type=2 2 2 2 2 2
left_child=4 2 -2 -4 -1 -6
right_child=1 -3 3 -5 5 -7
leaf_value=-0.0006100781875374489 0.020225351421456587 0.00058201431986302707 -0.017968393525351647 -0.071080377490624139 -0.0068509651938492948 0.038551298100944785
leaf_weight=442 18 415 45 22 46 62
leaf_count=442 18 415 45 22 46 62
internal_value=1.40498e-06 -0.00366266 -0.0241525 -0.036197 0.00333298 0.0193279
internal_weight=1050 500 85 67 550 108
internal_count=1050 500 85 67 550 108
is_linear=0
shrinkage=0.03


Tree=201
num_leaves=7
num_cat=0
split_feature=3 37 6 12 12 30
split_gain=14.5532 17.0884 67.0053 48.2684 79.5103 51.0301
threshold=190.70000000000002 13.500000000000002 4.5000000000000009 -32.196996662959144 -21.43848720800904 18.750000000000004
decision_type=2 2 2 2 2 8
left_child=1 -1 -3 -4 -5 -6
right_child=-2 2 3 4 5 -7
leaf_value=0.0012139519898798959 0.026743695164720215 -0.03494637418917175 0.054810018569231032 -0.07896045863628387 0.055027387887239453 -0.0045499150137252664
leaf_weight=869 17 58 13.999999999999998 9.9999999999999982 14.999999999999998 67
leaf_count=869 17 58 14 10 15 67
internal_value=3.0246e-07 -0.00046525 -0.00931641 0.00490308 -0.00319915 0.00688005
internal_weight=1050 1033 164 106 92 82
internal_count=1050 1033 164 106 92 82
is_linear=0
shrinkage=0.03


Tree=202
num_leaves=7
num_cat=0
split_feature=23 24 26 29 23 16
split_gain=14.3838 67.565 55.0977 53.2426 44.4694 75.7258
threshold=11.384805360806505 432.58333333333343 55.88333333333334 17.350000000000005 10.894609887961265 204.08333333333334
decision_type=2 2 2 10 2 2
left_child=2 -2 3 4 -1 -6
right_child=1 -3 -4 -5 5 -7
leaf_value=-0.004567864656830246 0.021306812444057029 -0.0094210527147594331 0.0457397565474877 0.032437114516894024 0.048396793069121861 -0.021808912916616959
leaf_weight=477 77 369 25 44 37 21
leaf_count=477 77 369 25 44 37 21
internal_value=8.45325e-07 -0.00408022 0.00301611 0.00109571 -0.00153761 0.0230387
internal_weight=1050 446 604 579 535 58
internal_count=1050 446 604 579 535 58
is_linear=0
shrinkage=0.03


Tree=203
num_leaves=7
num_cat=1
split_feature=3 7 24 14 24 33
split_gain=14.3194 44.6319 60.5059 54.023 44.583 85.4852
threshold=168.15000000000001 0 493.25000000000006 21.383333333333336 492.66666666666669 26.500000000000004
decision_type=2 1 2 2 2 2
left_child=1 4 3 -3 5 -1
right_child=-2 2 -4 -5 -6 -7
leaf_value=-0.046373028765831673 -0.0024991912158619581 -0.054172939559710871 0.034717442421958997 0.0078296915663562672 -0.028982876318924385 0.024123267198013047
leaf_weight=20 695 12.999999999999998 77 130 57 58
leaf_count=20 695 13 77 130 57 58
internal_value=4.01922e-06 0.00489792 0.0128798 0.00185603 -0.00843539 0.0056891
internal_weight=1050 355 220 143 135 78
internal_count=1050 355 220 143 135 78
cat_boundaries=0 1
cat_threshold=12807
is_linear=0
shrinkage=0.03


Tree=204
num_leaves=7
num_cat=0
split_feature=37 33 1 25 24 24
split_gain=14.2708 70.6104 70.6195 37.2231 35.8172 70.6552
threshold=8.5000000000000018 28.500000000000004 20.500000000000004 0.8781559520961808 450.31666666666672 489.46666666666675
decision_type=2 2 2 2 2 2
left_child=1 4 -3 -2 -1 -6
right_child=3 2 -4 -5 5 -7
leaf_value=0.0088591676685959107 -0.036412471129518488 0.071024676350986235 -0.018885774888098238 0.0022347199007942391 -0.067111728545879171 -0.0062545257769525044
leaf_weight=24 22 16.000000000000004 13.999999999999998 905 30 39
leaf_count=24 22 16 14 905 30 39
internal_value=2.03315e-06 -0.00955671 0.0298107 0.00127928 -0.0224379 -0.0332949
internal_weight=1050 123 30 927 93 69
internal_count=1050 123 30 927 93 69
is_linear=0
shrinkage=0.03


Tree=205
num_leaves=7
num_cat=0
split_feature=9 9 31 41 43 12
split_gain=14.1547 21.4797 73.0036 21.4139 36.7992 60.2272
threshold=4668.9333333333343 5499.0500000000002 1.5000000000000002 77.576045989990249 108.50000000000001 -26.468854282536402
decision_type=2 2 10 2 2 2
left_child=-1 2 -2 -3 5 -5
right_child=1 3 -4 4 -6 -7
leaf_value=-0.024382174781390598 0.061961742563075121 0.0097220176604093499 -0.030726841917404758 -0.076178891837596865 -0.0010894803875827861 0.017419127307154916
leaf_weight=20 18.000000000000004 161 11.999999999999998 14.000000000000002 815 9.9999999999999982
leaf_count=20 18 161 12 14 815 10
internal_value=6.43559e-07 0.000497286 0.0250911 -0.000264857 -0.00219058 -0.0380429
internal_weight=1050 1030 30 1000 839 24
internal_count=1050 1030 30 1000 839 24
is_linear=0
shrinkage=0.03


Tree=206
num_leaves=7
num_cat=0
split_feature=20 44 26 12 45 12
split_gain=14.0308 53.7737 50.2922 43.5683 31.207 26.7939
threshold=-2.6795328142380717 2.1850482225418095 43.250000000000007 -51.66707452725273 1.7716745734214785 -22.619688542825482
decision_type=2 2 2 2 2 2
left_child=1 2 -1 4 -3 -2
right_child=5 3 -4 -5 -6 -7
leaf_value=-0.0041337621118873354 -0.012984504579028612 -0.065924939811229696 0.066843597821213976 0.033172929878346621 0.0031612645496021615 0.0011057602311318206
leaf_weight=14.999999999999998 141 13.000000000000002 21 10.999999999999998 9.9999999999999982 839
leaf_count=15 141 13 21 11 10 839
internal_value=-6.11024e-07 0.0128777 0.0379573 -0.0140029 -0.0370073 -0.000932682
internal_weight=1050 70 36 34 23 980
internal_count=1050 70 36 34 23 980
is_linear=0
shrinkage=0.03


Tree=207
num_leaves=7
num_cat=0
split_feature=36 24 30 38 32 15
split_gain=13.8563 35.9263 46.8643 51.2642 40.1037 38.3772
threshold=3.5000000000000004 456.58333333333343 22.650000000000002 1.5000000000000002 16.500000000000004 13.750000000000002
decision_type=2 2 8 2 2 2
left_child=-1 4 3 -3 -2 -5
right_child=1 2 -4 5 -6 -7
leaf_value=0.0039058962754054882 -0.037710594611708073 0.020244569615884257 -0.00068189796478895651 -0.0097259067426271311 0.011974514116266623 -0.04459135241779115
leaf_weight=459 14.999999999999998 21 266 50 172 67
leaf_count=459 15 21 266 50 172 67
internal_value=1.35887e-08 -0.00303496 -0.00806153 -0.0221788 0.00780969 -0.0299003
internal_weight=1050 591 404 138 187 117
internal_count=1050 591 404 138 187 117
is_linear=0
shrinkage=0.03


Tree=208
num_leaves=7
num_cat=0
split_feature=32 14 23 24 36 38
split_gain=13.7933 54.7886 84.5241 51.4293 48.4881 39.0761
threshold=20.500000000000004 22.216666666666672 9.8829935680310843 446.61666666666673 2.5000000000000004 3.5000000000000004
decision_type=2 2 2 2 2 2
left_child=-1 2 -2 -3 -5 -6
right_child=1 3 -4 4 5 -7
leaf_value=-0.0014725263184558492 0.021932142417539251 0.056792240238189691 -0.060544933249121122 -0.036247489042580128 0.043266026337038389 0.00047422414130352913
leaf_weight=888 21 24 22 17 32 46
leaf_count=888 21 24 22 17 32 46
internal_value=-1.60192e-06 0.00802081 -0.0206824 0.0184785 0.00830846 0.0183553
internal_weight=1050 162 43 119 95 78
internal_count=1050 162 43 119 95 78
is_linear=0
shrinkage=0.03


Tree=209
num_leaves=7
num_cat=0
split_feature=3 37 39 39 39 12
split_gain=13.6793 16.7571 44.1126 58.2252 51.376 47.6977
threshold=190.70000000000002 13.500000000000002 0.90097402597402609 1.0315270935960592 0.83141321044546856 1.3938820912123273
decision_type=2 2 2 2 2 2
left_child=1 -1 4 -4 -3 -5
right_child=-2 2 3 5 -6 -7
leaf_value=0.0012106164526987163 0.025927136962612469 -0.0018779696337878702 -0.041464369599792085 0.026154683977365492 0.072398836612701412 -0.024475780848194573
leaf_weight=869 17 35 54 32 9.9999999999999982 33
leaf_count=869 17 35 54 32 10 33
internal_value=-8.63207e-07 -0.00045222 -0.00921716 -0.0187468 0.015843 0.000468606
internal_weight=1050 1033 164 119 45 65
internal_count=1050 1033 164 119 45 65
is_linear=0
shrinkage=0.03


Tree=210
num_leaves=7
num_cat=1
split_feature=36 3 20 7 29 41
split_gain=13.6402 35.7145 39.6017 42.2106 45.0323 38.786
threshold=3.5000000000000004 160.15000000000001 -2.6795328142380717 0 12.850000000000003 81.426162719726577
decision_type=2 2 2 1 8 2
left_child=1 -1 -3 4 -4 -5
right_child=-2 2 3 5 -6 -7
leaf_value=-0.020631328294984996 -0.0030103986928018433 0.042564697609497951 0.044911029989069158 -0.0041683823827687386 -0.019405059939430605 0.018763534167556314
leaf_weight=47 591 25 9.9999999999999982 104 92 181
leaf_count=47 591 25 10 104 92 181
internal_value=8.14631e-07 0.00387611 0.00671505 0.00429545 -0.0115987 0.0100584
internal_weight=1050 459 412 387 102 285
internal_count=1050 459 412 387 102 285
cat_boundaries=0 1
cat_threshold=52992
is_linear=0
shrinkage=0.03


Tree=211
num_leaves=7
num_cat=0
split_feature=44 44 4 25 25 37
split_gain=13.5682 21.7369 31.5387 27.4576 40.6458 37.1306
threshold=2.0705319643020634 2.1072475910186772 65.550000000000011 0.91517911910850824 0.91277000121924867 11.500000000000002
decision_type=2 2 2 2 2 2
left_child=-1 2 -2 4 -3 -6
right_child=1 3 -4 -5 5 -7
leaf_value=0.027417833742219955 0.0076700814962387068 0.00068065795215493594 -0.052653985137996427 0.033488722891726698 -0.0013183774310164152 -0.068158960461616513
leaf_weight=14.999999999999998 14.000000000000002 955 15.999999999999998 21 15.000000000000002 13.999999999999998
leaf_count=15 14 955 16 21 15 14
internal_value=2.47505e-06 -0.000420931 -0.0251634 0.000341931 -0.000398751 -0.0347826
internal_weight=1050 1035 30 1005 984 29
internal_count=1050 1035 30 1005 984 29
is_linear=0
shrinkage=0.03


Tree=212
num_leaves=7
num_cat=0
split_feature=26 15 25 4 4 15
split_gain=13.5683 37.0198 18.3927 39.0772 37.5239 30.2647
threshold=36.983333333333341 13.350000000000003 0.91029295487473949 73.050000000000011 52.750000000000007 13.183333333333335
decision_type=2 2 2 2 2 2
left_child=1 -1 5 4 -4 -2
right_child=2 -3 3 -5 -6 -7
leaf_value=-0.01608418478415562 0.014768503557157808 0.054684406556189058 0.018521516354133686 0.023948519084263931 -0.030143601618809239 -0.0012793452383704342
leaf_weight=12.000000000000002 121 12.999999999999998 17 21 72 794
leaf_count=12 121 13 17 21 72 794
internal_value=8.91584e-07 0.0214034 -0.000541472 -0.0120741 -0.0207455 0.000856635
internal_weight=1050 25 1025 110 89 915
internal_count=1050 25 1025 110 89 915
is_linear=0
shrinkage=0.03


Tree=213
num_leaves=7
num_cat=0
split_feature=9 9 31 28 45 12
split_gain=13.5333 20.065 67.728 24.1741 53.3692 79.8263
threshold=4668.9333333333343 5499.0500000000002 1.5000000000000002 69.450000000000017 2.1233822107315068 295.33081201334812
decision_type=2 2 10 8 2 2
left_child=-1 2 -2 4 -3 -6
right_child=1 3 -4 -5 5 -7
leaf_value=-0.023838880913598197 0.059770276218064508 0.011977928878712173 -0.029509569429434262 -0.0044638130591401386 -0.042260179441977054 0.0052526495436375793
leaf_weight=20 18.000000000000004 306 11.999999999999998 550 46 98
leaf_count=20 18 306 12 550 46 98
internal_value=2.70351e-06 0.00048832 0.0242584 -0.000248305 0.00490246 -0.0101118
internal_weight=1050 1030 30 1000 450 144
internal_count=1050 1030 30 1000 450 144
is_linear=0
shrinkage=0.03


Tree=214
num_leaves=7
num_cat=1
split_feature=7 38 24 24 28 4
split_gain=13.2033 29.4923 27.0552 65.228 38.7577 41.9554
threshold=0 6.5000000000000009 526.58333333333337 508.25000000000006 75.050000000000011 76.550000000000011
decision_type=1 2 2 2 10 2
left_child=1 2 3 4 5 -1
right_child=-2 -3 -4 -5 -6 -7
leaf_value=0.0023204332323589674 -0.0024502024650205224 0.033681828204927773 -0.020101242571376091 0.0517365261554718 -0.027919784002006055 0.05586691008282027
leaf_weight=224 684 28 42 24 35 12.999999999999998
leaf_count=224 684 28 42 24 35 13
internal_value=1.96387e-06 0.00452243 0.00214803 0.00536207 0.00109568 0.00547998
internal_weight=1050 366 338 296 272 237
internal_count=1050 366 338 296 272 237
cat_boundaries=0 1
cat_threshold=1702
is_linear=0
shrinkage=0.03


Tree=215
num_leaves=7
num_cat=0
split_feature=30 33 30 44 44 42
split_gain=13.4994 39.9857 78.6821 43.107 40.0945 39.9433
threshold=21.650000000000002 25.500000000000004 25.750000000000004 2.1356675624847417 2.1666680574417119 15.109181404113771
decision_type=10 2 10 2 2 2
left_child=-1 2 -2 5 -5 -3
right_child=1 3 -4 4 -6 -7
leaf_value=-0.0025411342478216313 0.0095084002774886121 0.010091418352994048 -0.05493387869692274 0.054376278049067452 0.0091962827819709967 -0.071871508468281137
leaf_weight=673 43 10.000000000000002 27 18 269 9.9999999999999982
leaf_count=673 43 10 27 18 269 10
internal_value=3.8641e-06 0.00454176 -0.0157715 0.00920963 0.0122088 -0.032361
internal_weight=1050 377 70 307 287 20
internal_count=1050 377 70 307 287 20
is_linear=0
shrinkage=0.03


Tree=216
num_leaves=7
num_cat=0
split_feature=4 31 28 25 6 30
split_gain=13.1788 43.1077 39.8419 76.5183 31.3319 22.9944
threshold=48.150000000000013 1.5000000000000002 50.750000000000007 0.90547569241770731 5.5000000000000009 16.400000000000002
decision_type=2 8 8 2 2 8
left_child=1 -1 3 -2 -3 -4
right_child=2 4 5 -5 -6 -7
leaf_value=0.064590943157672887 -0.071472302483100617 -0.021783596974611283 0.03211717287590727 0.026113330808002502 0.030125420838594437 -0.0003868922488051481
leaf_weight=10.999999999999998 18.000000000000004 24 19 10.999999999999998 17 950
leaf_count=11 18 24 19 11 17 950
internal_value=2.43018e-06 0.0145804 -0.000770976 -0.0348205 -5.55321e-05 0.000282896
internal_weight=1050 52 998 29 41 969
internal_count=1050 52 998 29 41 969
is_linear=0
shrinkage=0.03


Tree=217
num_leaves=7
num_cat=0
split_feature=37 15 36 20 41 10
split_gain=13.0666 22.6906 18.5053 35.8406 35.5766 47.7347
threshold=15.500000000000002 13.983333333333336 3.5000000000000004 -2.8896551724138306 84.51428604125978 3241.3077959248726
decision_type=2 2 2 2 2 2
left_child=2 -2 3 -1 -5 -6
right_child=1 -3 -4 4 5 -7
leaf_value=0.045620878213330315 -0.041200611597547919 0.0091797118633985507 -0.0028494395611590238 -0.0054195166678031583 0.025760761735114181 -0.0030029193187400584
leaf_weight=18 17.000000000000004 13.999999999999998 590 204 109 98
leaf_count=18 17 14 590 204 109 98
internal_value=4.04989e-06 -0.0188724 0.000596247 0.00533068 0.00345969 0.0121942
internal_weight=1050 31 1019 429 411 207
internal_count=1050 31 1019 429 411 207
is_linear=0
shrinkage=0.03


Tree=218
num_leaves=7
num_cat=0
split_feature=32 16 23 30 26 33
split_gain=13.2926 52.3505 76.7212 45.6397 31.0532 26.5722
threshold=20.500000000000004 204.41666666666671 9.8179110816599131 24.350000000000005 42.783333333333339 33.500000000000007
decision_type=2 2 2 10 2 2
left_child=5 3 -3 4 -2 -1
right_child=1 2 -4 -5 -6 -7
leaf_value=-0.00085772987552076168 0.047740788180381057 0.02542672525895269 -0.054789288854599001 0.058192497278962814 0.0021534952608500278 -0.047777741984887559
leaf_weight=878 14.999999999999998 18 24 20 85 9.9999999999999982
leaf_count=878 15 18 24 20 85 10
internal_value=4.73024e-06 0.00788019 -0.0206192 0.0179429 0.00939657 -0.00143926
internal_weight=1050 162 42 120 100 888
internal_count=1050 162 42 120 100 888
is_linear=0
shrinkage=0.03


Tree=219
num_leaves=7
num_cat=0
split_feature=25 16 44 44 28 26
split_gain=12.9924 24.6546 38.8387 28.9198 24.8684 57.4587
threshold=0.87438875206422717 186.25000000000003 3.5036246776580815 3.2957533597946171 71.950000000000017 54.150000000000006
decision_type=2 2 2 2 8 2
left_child=-1 2 -2 4 -3 -6
right_child=1 3 -4 -5 5 -7
leaf_value=-0.03242756003005938 0.043841139684830388 0.004662470365177372 -0.01302542654176553 -0.043446362614631653 -0.0089256253289058812 0.021391507717279289
leaf_weight=9.9999999999999982 27 500 17 12.999999999999998 419 64
leaf_count=10 27 500 17 13 419 64
internal_value=5.44721e-06 0.000348154 0.0220688 -0.000632564 -2.27815e-05 -0.00487255
internal_weight=1050 1040 44 996 983 483
internal_count=1050 1040 44 996 983 483
is_linear=0
shrinkage=0.03


Tree=220
num_leaves=7
num_cat=0
split_feature=6 3 33 30 33 23
split_gain=13.0177 57.3214 64.146 47.7425 49.1608 60.1022
threshold=8.5000000000000018 175.15000000000001 26.500000000000004 21.650000000000002 25.500000000000004 8.8610603419646541
decision_type=2 2 2 10 2 2
left_child=3 -2 -3 -1 -5 -6
right_child=1 2 -4 4 5 -7
leaf_value=-0.0076916578686419207 -0.0044355995230556979 0.060447228103876115 0.0079843645139286903 -0.018194108993377325 -0.031130006611347197 0.019148934336023077
leaf_weight=487 185 29 71 52 23 203
leaf_count=487 185 29 71 52 23 203
internal_value=4.4864e-06 0.00546598 0.0236464 -0.00203467 0.00786729 0.0139175
internal_weight=1050 285 100 765 278 226
internal_count=1050 285 100 765 278 226
is_linear=0
shrinkage=0.03


Tree=221
num_leaves=7
num_cat=0
split_feature=44 12 12 24 44 6
split_gain=12.8573 20.2595 27.0554 40.0248 30.8321 36.3296
threshold=2.0705319643020634 -66.880200222469611 -44.13959955506138 465.81666666666672 2.1242638826370244 9.5000000000000018
decision_type=2 2 2 2 2 2
left_child=-1 -2 3 -3 5 -4
right_child=1 2 4 -5 -6 -7
leaf_value=0.026692654041980859 -0.035018764942884445 -0.0067022345587611195 -0.040685239762944331 0.047370915206579059 0.00018149165260875899 0.020606467276811598
leaf_weight=14.999999999999998 13.999999999999998 23 33 25 929 10.999999999999998
leaf_count=15 14 23 33 25 929 11
internal_value=5.09786e-06 -0.00040707 0.000101328 0.0218529 -0.000993053 -0.0252449
internal_weight=1050 1035 1021 48 973 44
internal_count=1050 1035 1021 48 973 44
is_linear=0
shrinkage=0.03


Tree=222
num_leaves=7
num_cat=0
split_feature=39 19 32 46 45 28
split_gain=12.9407 40.0254 76.6428 70.2643 52.0343 50.3076
threshold=0.88977832512315269 105.95147989474349 17.500000000000004 303.92156982421881 1.8024235367774966 65.350000000000009
decision_type=2 2 2 2 2 8
left_child=1 2 -1 -3 -4 -5
right_child=-2 3 4 5 -6 -7
leaf_value=0.034007121142745018 -0.0025019320950048088 0.031223701421367493 -0.016168010192436737 0.0221836343947798 -0.087088677341287793 -0.011108194172848015
leaf_weight=24 670 94 66 59 9.9999999999999982 127
leaf_count=24 670 94 66 59 10 127
internal_value=5.3e-06 0.00442091 -0.0117926 0.0102328 -0.0265095 -0.000485726
internal_weight=1050 380 100 280 76 186
internal_count=1050 380 100 280 76 186
is_linear=0
shrinkage=0.03


Tree=223
num_leaves=7
num_cat=0
split_feature=9 39 39 39 22 39
split_gain=12.839 19.5577 25.106 35.8598 32.1373 32.0667
threshold=4668.9333333333343 1.4532019704433499 1.3514610389610393 1.3243652898825315 410.43333333333334 1.2026785714285717
decision_type=2 2 2 2 2 2
left_child=-1 2 3 5 -4 -2
right_child=1 -3 4 -5 -6 -7
leaf_value=-0.023217660614422389 0.0017328823181095218 0.033387023359537124 -0.068090394030917753 0.045270319688133893 -0.00054339252412319186 -0.016967825018237907
leaf_weight=20 885 14.999999999999998 10.000000000000002 14.999999999999998 14.999999999999998 90
leaf_count=20 885 15 10 15 15 90
internal_value=4.30034e-06 0.000477294 -4.14388e-05 0.000722086 -0.0291419 -8.95322e-06
internal_weight=1050 1030 1015 990 25 975
internal_count=1050 1030 1015 990 25 975
is_linear=0
shrinkage=0.03


Tree=224
num_leaves=7
num_cat=0
split_feature=42 16 45 19 6 32
split_gain=12.7076 26.4291 29.2797 46.6294 27.8789 31.7663
threshold=28.319406509399418 186.25000000000003 2.8308131694793706 319.60051093331248 8.5000000000000018 19.500000000000004
decision_type=2 2 2 2 2 2
left_child=1 -1 3 -3 5 -4
right_child=-2 2 4 -5 -6 -7
leaf_value=0.023400047930867172 -0.029473501696036412 -0.00047803497609455844 -0.015320105366311813 0.042765611066766407 0.016104345367504998 -0.073588890387461733
leaf_weight=42 11.999999999999998 924 26 22 11.999999999999998 11.999999999999998
leaf_count=42 12 924 26 22 12 12
internal_value=3.35995e-06 0.000372172 -0.000621379 0.000571728 -0.0227636 -0.0351359
internal_weight=1050 1038 996 946 50 38
internal_count=1050 1038 996 946 50 38
is_linear=0
shrinkage=0.03


Tree=225
num_leaves=7
num_cat=1
split_feature=3 7 24 14 12 22
split_gain=12.5583 42.4408 56.8196 47.5904 42.6235 49.0992
threshold=168.15000000000001 0 493.25000000000006 21.383333333333336 -35.19276974416038 447.71666666666675
decision_type=2 1 2 2 2 2
left_child=1 4 3 -3 -1 -6
right_child=-2 2 -4 -5 5 -7
leaf_value=0.034118446062008541 -0.0023420127456734792 -0.050897994403328213 0.033532845635826772 0.0072961726306958966 -0.00043382437825202939 -0.040178118883321685
leaf_weight=17 695 12.999999999999998 77 130 74 44
leaf_count=17 695 13 77 130 74 44
internal_value=2.21468e-06 0.0045853 0.0123757 0.00168907 -0.00840014 -0.0154668
internal_weight=1050 355 220 143 135 118
internal_count=1050 355 220 143 135 118
cat_boundaries=0 1
cat_threshold=12807
is_linear=0
shrinkage=0.03


Tree=226
num_leaves=7
num_cat=0
split_feature=18 19 4 19 10 23
split_gain=12.8246 44.4415 61.3317 43.1366 38.9647 42.9195
threshold=2089.7500000000005 105.85543668095552 62.95000000000001 106.89996762398526 1597.5330398350077 9.7822527594236153
decision_type=2 2 2 2 2 2
left_child=4 2 -2 -3 -1 -6
right_child=1 3 -4 -5 5 -7
leaf_value=-0.0019113365994019654 0.0046292964590247711 0.055716905221343038 -0.080869112253189088 -0.0016572559389029528 0.050630071267485616 0.0075080271810293196
leaf_weight=226 15.000000000000002 10.999999999999998 13.999999999999998 686 29 69
leaf_count=226 15 11 14 686 29 69
internal_value=1.60868e-06 -0.00221307 -0.0379656 -0.000673255 0.00495566 0.0206512
internal_weight=1050 726 29 697 324 98
internal_count=1050 726 29 697 324 98
is_linear=0
shrinkage=0.03


Tree=227
num_leaves=7
num_cat=0
split_feature=32 14 23 26 36 28
split_gain=12.4203 48.1448 73.4325 47.9076 43.6461 25.3676
threshold=20.500000000000004 22.216666666666672 9.8829935680310843 49.550000000000004 2.5000000000000004 57.850000000000001
decision_type=2 2 2 2 2 10
left_child=-1 2 -2 4 -3 -6
right_child=1 3 -4 -5 5 -7
leaf_value=-0.001393265309933462 0.020428186431527138 -0.0078896897519007327 -0.056447498066269829 -0.0018259154967963697 0.013843806918178285 0.064609791311350723
leaf_weight=888 21 14.999999999999998 22 59 12.999999999999998 32
leaf_count=888 21 15 22 59 13 32
internal_value=2.53209e-06 0.00761518 -0.0192926 0.0174179 0.0360607 0.0505638
internal_weight=1050 162 43 119 60 45
internal_count=1050 162 43 119 60 45
is_linear=0
shrinkage=0.03


Tree=228
num_leaves=7
num_cat=1
split_feature=7 18 18 43 16 14
split_gain=12.745 33.4489 30.4787 32.098 48.3638 40.7995
threshold=0 2435.8833333333337 2352.6666666666674 163.50000000000003 189.95000000000002 23.150000000000002
decision_type=1 2 2 2 2 2
left_child=-1 2 3 5 -5 -2
right_child=1 -3 -4 4 -6 -7
leaf_value=-0.0028815572927225223 -0.0021030814013900342 -0.045655745901167388 0.036013478405980598 0.026831346406335273 -0.040027931972660795 0.018007793853329006
leaf_weight=592 225 10.999999999999998 26 12.999999999999998 32 151
leaf_count=592 225 11 26 13 32 151
internal_value=3.35041e-06 0.00371237 0.00510931 0.00311992 -0.0205496 0.0059997
internal_weight=1050 458 447 421 45 376
internal_count=1050 458 447 421 45 376
cat_boundaries=0 1
cat_threshold=55577
is_linear=0
shrinkage=0.03


Tree=229
num_leaves=7
num_cat=0
split_feature=44 12 20 44 25 25
split_gain=12.521 18.6913 25.4943 25.3497 28.356 37.1328
threshold=2.0705319643020634 -66.880200222469611 -3.5385984427141817 2.1072475910186772 0.91517911910850824 0.91428102472985551
decision_type=2 2 2 2 2 2
left_child=-1 -2 -3 -4 5 -5
right_child=1 2 3 4 -6 -7
leaf_value=0.026338354757172056 -0.033649789164308455 0.037655292749404906 -0.027676490753889081 0.00025666926313343264 0.034804797818152496 -0.050793085373364959
leaf_weight=14.999999999999998 13.999999999999998 14.999999999999998 29 945 20 11.999999999999998
leaf_count=15 14 15 29 945 20 12
internal_value=2.14707e-06 -0.000404592 8.37473e-05 -0.000513302 0.00032045 -0.000435805
internal_weight=1050 1035 1021 1006 977 957
internal_count=1050 1035 1021 1006 977 957
is_linear=0
shrinkage=0.03


Tree=230
num_leaves=7
num_cat=0
split_feature=18 19 4 19 10 23
split_gain=12.522 41.9046 58.0284 40.5324 36.6136 40.0324
threshold=2089.7500000000005 105.85543668095552 62.95000000000001 106.89996762398526 1597.5330398350077 9.7822527594236153
decision_type=2 2 2 2 2 2
left_child=4 2 -2 -3 -1 -6
right_child=1 3 -4 -5 5 -7
leaf_value=-0.001760007157954613 0.0045267199294175943 0.053970177397131919 -0.078636028766632074 -0.0016451905482432368 0.049065502822399132 0.0074152898682015283
leaf_weight=226 15.000000000000002 10.999999999999998 13.999999999999998 686 29 69
leaf_count=226 15 11 14 686 29 69
internal_value=1.70986e-06 -0.00218668 -0.0369038 -0.000691409 0.00489697 0.0201115
internal_weight=1050 726 29 697 324 98
internal_count=1050 726 29 697 324 98
is_linear=0
shrinkage=0.03


Tree=231
num_leaves=7
num_cat=0
split_feature=4 3 28 25 41 30
split_gain=12.3392 51.8366 38.1288 71.2108 37.3859 21.819
threshold=48.150000000000013 171.55000000000004 50.750000000000007 0.90547569241770731 84.048618316650405 16.400000000000002
decision_type=2 2 8 2 2 8
left_child=1 -1 3 -2 -3 -4
right_child=2 4 5 -5 -6 -7
leaf_value=0.041194954319246885 -0.069406552908353888 0.016268597032675247 0.031295164251700043 0.024755815165117382 -0.056221891641616818 -0.00036726472830276473
leaf_weight=28 18.000000000000004 13.000000000000002 19 10.999999999999998 10.999999999999998 950
leaf_count=28 18 13 19 11 11 950
internal_value=2.59861e-06 0.0141085 -0.000745766 -0.0340552 -0.0178761 0.00028519
internal_weight=1050 52 998 29 24 969
internal_count=1050 52 998 29 24 969
is_linear=0
shrinkage=0.03


Tree=232
num_leaves=7
num_cat=0
split_feature=23 24 28 24 24 24
split_gain=12.2142 55.7669 39.1721 38.7505 41.3901 65.4349
threshold=11.384805360806505 432.58333333333343 59.150000000000013 444.83333333333337 457.98333333333341 462.10000000000008
decision_type=2 2 8 2 2 2
left_child=-1 2 -2 -3 -5 -6
right_child=1 3 -4 4 5 -7
leaf_value=0.0027807336461014489 -0.01622877014534814 -0.045492981774732467 0.031839032270785037 0.019552392096078137 -0.058839693027346027 -0.0061330377432897631
leaf_weight=604 20 23 57 48 22 276
leaf_count=604 20 23 57 48 22 276
internal_value=2.16442e-06 -0.00375854 0.0193059 -0.00861062 -0.00603486 -0.0102079
internal_weight=1050 446 77 369 346 298
internal_count=1050 446 77 369 346 298
is_linear=0
shrinkage=0.03


Tree=233
num_leaves=7
num_cat=0
split_feature=6 3 33 30 44 30
split_gain=12.3705 54.8174 59.2868 45.3353 57.2358 45.0681
threshold=8.5000000000000018 175.15000000000001 26.500000000000004 19.650000000000002 2.2501819133758549 21.650000000000002
decision_type=2 2 2 8 2 10
left_child=5 -2 -3 -4 -5 -1
right_child=1 2 3 4 -6 -7
leaf_value=-0.0074840360056211948 -0.0043587700713185532 0.058484376370906824 0.049288012782732642 -0.044672144140516006 0.017994368382862634 0.0076328613725240519
leaf_weight=487 185 29 17 20 34 278
leaf_count=487 185 29 17 20 34 278
internal_value=2.94068e-08 0.00532403 0.023103 0.00803989 -0.00560568 -0.00198778
internal_weight=1050 285 100 71 54 765
internal_count=1050 285 100 71 54 765
is_linear=0
shrinkage=0.03


Tree=234
num_leaves=7
num_cat=0
split_feature=37 33 1 25 24 24
split_gain=12.1977 63.7718 62.228 32.5784 31.5903 64.1459
threshold=8.5000000000000018 28.500000000000004 20.500000000000004 0.8781559520961808 450.31666666666672 489.46666666666675
decision_type=2 2 2 2 2 2
left_child=1 4 -3 -2 -1 -6
right_child=3 2 -4 -5 5 -7
leaf_value=0.008314496194571256 -0.034078716240499331 0.067254817906547984 -0.017168908476829527 0.0020769186963216207 -0.063494337273220861 -0.0055219407978001978
leaf_weight=24 22 16.000000000000004 13.999999999999998 905 30 39
leaf_count=24 22 16 14 905 30 39
internal_value=2.22308e-06 -0.00883501 0.0285741 0.00118306 -0.0210781 -0.0312743
internal_weight=1050 123 30 927 93 69
internal_count=1050 123 30 927 93 69
is_linear=0
shrinkage=0.03


Tree=235
num_leaves=7
num_cat=0
split_feature=9 9 31 28 45 12
split_gain=12.1902 18.8104 61.7265 20.2213 45.5833 73.0668
threshold=4668.9333333333343 5499.0500000000002 1.5000000000000002 69.450000000000017 2.1233822107315068 295.33081201334812
decision_type=2 2 10 8 2 2
left_child=-1 2 -2 4 -3 -6
right_child=1 3 -4 -5 5 -7
leaf_value=-0.022626624235085078 0.057373300661912048 0.010998633223899004 -0.027870070544572977 -0.0041068459093695784 -0.040173900541948512 0.0052811130000786346
leaf_weight=20 18.000000000000004 306 11.999999999999998 550 46 98
leaf_count=20 18 306 12 550 46 98
internal_value=9.39916e-07 0.00046183 0.0234768 -0.000251383 0.00445951 -0.00941616
internal_weight=1050 1030 30 1000 450 144
internal_count=1050 1030 30 1000 450 144
is_linear=0
shrinkage=0.03


Tree=236
num_leaves=7
num_cat=0
split_feature=37 6 30 28 32 32
split_gain=12.1651 58.1286 42.4606 44.9506 42.4175 68.1672
threshold=13.500000000000002 4.5000000000000009 17.550000000000004 59.350000000000001 18.500000000000004 19.500000000000004
decision_type=2 2 8 8 2 2
left_child=-1 -2 -3 -4 -5 -6
right_child=1 2 3 4 5 -7
leaf_value=0.0014066799721930531 -0.031082748025655742 0.058939873725175861 -0.050674061179161067 0.062308232188224788 -0.045321864837949921 0.01732653990284436
leaf_weight=883 59 10.999999999999998 12.999999999999998 9.9999999999999982 21 53
leaf_count=883 59 11 13 10 21 53
internal_value=3.08777e-07 -0.00739988 0.00570444 -0.00087239 0.0073405 -0.000819305
internal_weight=1050 167 108 97 84 74
internal_count=1050 167 108 97 84 74
is_linear=0
shrinkage=0.03


Tree=237
num_leaves=7
num_cat=0
split_feature=28 4 41 29 4 3
split_gain=11.9483 28.5586 18.8372 32.1962 41.0067 50.7544
threshold=86.65000000000002 84.65000000000002 75.174037933349624 16.350000000000005 69.050000000000011 174.35000000000005
decision_type=10 2 2 8 2 2
left_child=1 2 3 -1 -5 -6
right_child=-2 -3 -4 4 5 -7
leaf_value=-0.017709371079893215 -0.028581991677100842 0.036800611975945918 -0.0015622988237070545 0.043800493282707111 0.026780234028895691 -0.05503108523108742
leaf_weight=22 11.999999999999998 18 934 37 17.000000000000004 9.9999999999999982
leaf_count=22 12 18 934 37 17 10
internal_value=6.67764e-07 0.000358294 -0.000320219 0.0130322 0.0237096 -0.00440349
internal_weight=1050 1038 1020 86 64 27
internal_count=1050 1038 1020 86 64 27
is_linear=0
shrinkage=0.03


Tree=238
num_leaves=7
num_cat=0
split_feature=37 33 36 30 25 8
split_gain=11.8489 22.161 16.9803 34.272 45.3452 50.7927
threshold=15.500000000000002 29.500000000000004 3.5000000000000004 23.750000000000004 0.91253467769482954 1.0000000180025095e-35
decision_type=2 2 2 8 2 2
left_child=2 -2 3 -1 5 -5
right_child=1 -3 -4 4 -6 -7
leaf_value=0.014355066750217608 0.015346649140119548 -0.036159298912222894 -0.0027359361504381854 0.013276361936943665 -0.059449901804327965 -0.015381422760610533
leaf_weight=195 11.000000000000002 20 590 123 10.999999999999998 100
leaf_count=195 11 20 590 123 11 100
internal_value=7.76109e-07 -0.0179745 0.000564707 0.00509986 -0.00264108 0.000414041
internal_weight=1050 31 1019 429 234 223
internal_count=1050 31 1019 429 234 223
is_linear=0
shrinkage=0.03


Tree=239
num_leaves=7
num_cat=0
split_feature=34 14 24 36 38 22
split_gain=12.007 44.4129 44.9005 42.1942 33.6195 50.543
threshold=20.500000000000004 22.216666666666672 446.61666666666673 2.5000000000000004 3.5000000000000004 469.36666666666673
decision_type=2 2 2 2 2 2
left_child=-1 -2 -3 -4 5 -5
right_child=1 2 3 4 -6 -7
leaf_value=-0.0013736404209314971 -0.018362021456811237 0.052694927412271497 -0.03415732486173511 0.064429286381472703 0.00019465710749810047 -0.01507270253517411
leaf_weight=888 43 24 17 22 46 9.9999999999999982
leaf_count=888 43 24 17 22 46 10
internal_value=-1.2666e-06 0.00748365 0.016898 0.00739991 0.016775 0.039881
internal_weight=1050 162 119 95 78 32
internal_count=1050 162 119 95 78 32
is_linear=0
shrinkage=0.03


Tree=240
num_leaves=7
num_cat=0
split_feature=15 15 23 23 29 26
split_gain=12.0192 45.7139 41.6107 33.5812 46.266 30.9428
threshold=13.183333333333335 13.216666666666667 10.773130652358835 9.9524153707277687 16.150000000000002 36.983333333333341
decision_type=2 2 2 2 10 2
left_child=2 -2 3 4 -1 -3
right_child=1 5 -4 -5 -6 -7
leaf_value=-0.0035910692049021067 -0.051650363635271784 0.038450017472108203 -0.025463823203382821 0.037295847102999685 0.053425445079803464 -0.0012976330336178931
leaf_weight=87 14.999999999999998 17 28 39 13.999999999999998 850
leaf_count=87 15 17 28 39 14 850
internal_value=1.51648e-07 -0.00140271 0.00732989 0.0140227 0.00475851 -0.000474868
internal_weight=1050 882 168 140 101 867
internal_count=1050 882 168 140 101 867
is_linear=0
shrinkage=0.03


Tree=241
num_leaves=7
num_cat=0
split_feature=4 3 28 25 41 6
split_gain=11.9676 49.1424 35.6419 65.8711 35.3079 20.6574
threshold=48.150000000000013 171.55000000000004 50.750000000000007 0.90547569241770731 84.048618316650405 5.5000000000000009
decision_type=2 2 8 2 2 2
left_child=1 5 3 -2 -3 -1
right_child=2 4 -4 -5 -6 -7
leaf_value=0.011210711768695283 -0.066937943359738891 0.015922301142875635 0.00026126866743986292 0.023634238075464963 -0.054520446956157681 0.063170768022537224
leaf_weight=13.000000000000002 18.000000000000004 13.000000000000002 969 10.999999999999998 10.999999999999998 14.999999999999998
leaf_count=13 18 13 969 11 11 15
internal_value=1.49348e-06 0.0138934 -0.000735515 -0.0329403 -0.0172533 0.0402649
internal_weight=1050 52 998 29 24 28
internal_count=1050 52 998 29 24 28
is_linear=0
shrinkage=0.03


Tree=242
num_leaves=7
num_cat=1
split_feature=7 41 19 10 10 10
split_gain=11.9667 37.8224 33.3872 30.5928 28.6439 52.9666
threshold=0 76.035320281982436 100.09501832524926 6831.3679081749769 4423.55682295317 4140.2598989918315
decision_type=1 2 2 2 2 2
left_child=1 2 -1 4 5 -2
right_child=3 -3 -4 -5 -6 -7
leaf_value=-0.018417727798223493 0.004193511851046914 -0.0052791083702769083 0.034084656201303007 -0.041711899964855269 0.02485148971410174 -0.055232302269765311
leaf_weight=13.999999999999998 377 537 41 11.999999999999998 56 12.999999999999998
leaf_count=14 377 537 41 12 56 13
internal_value=1.24149e-06 -0.00279415 0.0206302 0.00359526 0.0049853 0.00207646
internal_weight=1050 592 55 458 446 390
internal_count=1050 592 55 458 446 390
cat_boundaries=0 1
cat_threshold=55577
is_linear=0
shrinkage=0.03


Tree=243
num_leaves=7
num_cat=0
split_feature=39 26 37 25 12 9
split_gain=11.9751 40.1094 34.8927 72.8454 47.0261 45.6346
threshold=0.91372912801484241 37.350000000000009 11.500000000000002 0.90651810891221585 28.313459399332405 5757.1333333333341
decision_type=2 2 2 2 2 2
left_child=2 -2 5 -4 -5 -1
right_child=1 -3 3 4 -6 -7
leaf_value=0.045083510060794647 0.038208735351051605 -0.0039530726203729546 0.024325045339097934 -0.03626852249354124 0.035158385932445524 -0.0074422219907215158
leaf_weight=14.999999999999998 20 618 139 34 9.9999999999999982 214
leaf_count=15 20 618 139 34 10 214
internal_value=-4.37461e-07 -0.00257366 0.00398089 0.0137111 -0.0196146 -0.00382062
internal_weight=1050 638 412 183 44 229
internal_count=1050 638 412 183 44 229
is_linear=0
shrinkage=0.03


Tree=244
num_leaves=7
num_cat=0
split_feature=37 30 4 3 37 1
split_gain=11.531 48.3532 44.5157 34.8977 31.6878 39.5772
threshold=13.500000000000002 18.750000000000004 60.850000000000001 178.55000000000004 12.500000000000002 20.500000000000004
decision_type=2 8 2 2 2 2
left_child=4 3 -3 -2 -1 -6
right_child=1 2 -4 -5 5 -7
leaf_value=-0.0012151467453697595 -0.016895532553846179 -0.043343546676139037 -0.0045355805898053886 0.050395269244909287 -0.0040548862753292687 0.026894216134890236
leaf_weight=732 10.000000000000002 35 103 19 64 87
leaf_count=732 10 35 103 19 64 87
internal_value=2.2905e-06 -0.00720246 -0.0146192 0.0274018 0.00137152 0.0138363
internal_weight=1050 167 138 29 883 151
internal_count=1050 167 138 29 883 151
is_linear=0
shrinkage=0.03


Tree=245
num_leaves=7
num_cat=0
split_feature=9 3 6 31 29 26
split_gain=11.4965 39.8722 45.8486 43.2738 43.4077 45.9823
threshold=9043.2500000000018 174.75000000000003 8.5000000000000018 3.5000000000000004 15.550000000000002 43.95000000000001
decision_type=2 2 2 10 10 2
left_child=-1 3 -3 4 5 -2
right_child=1 2 -4 -5 -6 -7
leaf_value=0.0028588387959758224 -0.032273126572318789 -0.0014179889726467795 0.033484958020296503 0.041824628540447779 -0.041307321022264656 -0.0011345426770972041
leaf_weight=574 53 121 46 12.999999999999998 39 204
leaf_count=574 53 121 46 13 39 204
internal_value=2.42869e-06 -0.00344084 0.00833809 -0.00981316 -0.0122142 -0.00765632
internal_weight=1050 476 167 309 296 257
internal_count=1050 476 167 309 296 257
is_linear=0
shrinkage=0.03


Tree=246
num_leaves=7
num_cat=1
split_feature=3 7 4 28 39 25
split_gain=11.7991 39.2629 59.2577 50.7581 74.4477 55.6662
threshold=168.15000000000001 0 49.050000000000004 59.650000000000013 1.2149234693877553 0.9067525349569292
decision_type=2 1 2 10 2 2
left_child=1 -1 -3 -4 5 -5
right_child=-2 2 3 4 -6 -7
leaf_value=0.019171639173956853 -0.0022698540137157421 0.057805380054882588 -0.021118169739563888 0.024044878833680127 -0.061858758639830799 -0.024693840630352494
leaf_weight=101 695 12.999999999999998 106 97 11.999999999999998 26
leaf_count=101 695 13 106 97 12 26
internal_value=2.41381e-06 0.00444482 -0.00213158 -0.00567828 0.00651103 0.0136263
internal_weight=1050 355 254 241 135 123
internal_count=1050 355 254 241 135 123
cat_boundaries=0 1
cat_threshold=51360
is_linear=0
shrinkage=0.03


Tree=247
num_leaves=7
num_cat=1
split_feature=7 41 3 10 18 43
split_gain=11.425 35.8009 30.5621 29.2823 30.1617 29.4271
threshold=0 76.035320281982436 174.95000000000002 6831.3679081749769 2352.6666666666674 163.50000000000003
decision_type=1 2 2 2 2 2
left_child=1 2 -1 4 5 -2
right_child=3 -3 -4 -5 -6 -7
leaf_value=0.034744409320589441 0.0056927424091450492 -0.0051416834103822934 -0.01285291776061058 -0.040806866488777668 0.036242254460946872 -0.019727873321946549
leaf_weight=38 376 537 17 11.999999999999998 25 45
leaf_count=38 376 537 17 12 25 45
internal_value=7.55931e-06 -0.00272396 0.0200657 0.00351917 0.00487915 0.00293526
internal_weight=1050 592 55 458 446 421
internal_count=1050 592 55 458 446 421
cat_boundaries=0 1
cat_threshold=55577
is_linear=0
shrinkage=0.03


Tree=248
num_leaves=7
num_cat=0
split_feature=15 15 14 4 29 22
split_gain=11.3653 42.5114 38.5848 38.6884 63.2176 48.5062
threshold=13.183333333333335 13.216666666666667 22.283333333333335 60.050000000000004 14.050000000000002 408.81666666666672
decision_type=2 2 2 2 8 2
left_child=2 -2 3 4 -1 -5
right_child=1 -3 -4 5 -6 -7
leaf_value=-0.038324310160600221 -0.049812530446797607 -0.00046213606591458475 0.040008857068088315 -0.058781628208234904 0.037242194136435335 -0.001019015334138315
leaf_weight=11.999999999999998 14.999999999999998 867 26 14.999999999999998 43 72
leaf_count=12 15 867 26 15 43 72
internal_value=7.27963e-06 -0.00135689 0.00713483 0.000877946 0.020365 -0.0115329
internal_weight=1050 882 168 142 55 87
internal_count=1050 882 168 142 55 87
is_linear=0
shrinkage=0.03


Tree=249
num_leaves=7
num_cat=0
split_feature=9 39 39 39 22 39
split_gain=11.2813 18.5095 22.7595 32.8523 29.8689 29.8112
threshold=4668.9333333333343 1.4532019704433499 1.3514610389610393 1.3243652898825315 410.43333333333334 1.2026785714285717
decision_type=2 2 2 2 2 2
left_child=-1 2 3 5 -4 -2
right_child=1 -3 4 -5 -6 -7
leaf_value=-0.021762684030192238 0.0016505516162731665 0.032464089766144753 -0.065311937846920687 0.043310031071305273 -0.00021344549953937529 -0.01638049278735787
leaf_weight=20 885 14.999999999999998 10.000000000000002 14.999999999999998 14.999999999999998 90
leaf_count=20 885 15 10 15 15 90
internal_value=5.03046e-06 0.000448403 -5.62225e-05 0.000670761 -0.0277633 -2.89304e-05
internal_weight=1050 1030 1015 990 25 975
internal_count=1050 1030 1015 990 25 975
is_linear=0
shrinkage=0.03


Tree=250
num_leaves=7
num_cat=1
split_feature=36 3 12 7 28 41
split_gain=11.3711 32.0157 33.8896 35.855 45.6109 56.3029
threshold=3.5000000000000004 160.15000000000001 -44.13959955506138 0 56.150000000000013 91.282321929931655
decision_type=2 2 2 1 10 2
left_child=1 -1 -3 4 5 -4
right_child=-2 2 3 -5 -6 -7
leaf_value=-0.019660601525101812 -0.0027452399539981492 0.040094838380813597 -0.016828051892746436 -0.007144388510085687 0.02278779559037954 0.03432309040656456
leaf_weight=47 591 24 75 152 136 25
leaf_count=47 591 24 75 152 136 25
internal_value=4.13046e-06 0.00354244 0.00623059 0.0040382 0.0110745 -0.00382705
internal_weight=1050 459 412 388 236 100
internal_count=1050 459 412 388 236 100
cat_boundaries=0 1
cat_threshold=12447
is_linear=0
shrinkage=0.03


Tree=251
num_leaves=7
num_cat=1
split_feature=3 7 24 14 36 28
split_gain=11.19 38.4883 51.3594 40.9435 40.1623 38.7326
threshold=168.15000000000001 0 493.25000000000006 21.383333333333336 5.5000000000000009 69.350000000000009
decision_type=2 1 2 2 2 10
left_child=1 5 3 -3 -5 -1
right_child=-2 2 -4 4 -6 -7
leaf_value=-0.018815154331861084 -0.0022094230685415195 -0.047187884088073451 0.031863921693024724 -0.00086801287743749965 0.042785070862459099 0.016305549692362548
leaf_weight=96 695 12.999999999999998 77 108 22 39
leaf_count=96 695 13 77 108 22 39
internal_value=3.41799e-06 0.00432964 0.0117498 0.00158898 0.00678964 -0.00803321
internal_weight=1050 355 220 143 130 135
internal_count=1050 355 220 143 130 135
cat_boundaries=0 1
cat_threshold=12807
is_linear=0
shrinkage=0.03


Tree=252
num_leaves=7
num_cat=0
split_feature=26 23 23 25 41 41
split_gain=11.1094 14.7693 63.5404 52.9561 39.2879 35.1231
threshold=64.88333333333334 18.747745747798149 18.339157803161012 0.88772745666752606 92.920215606689467 100.1671485900879
decision_type=2 2 2 2 2 2
left_child=1 2 -1 4 -3 -6
right_child=-2 3 -4 -5 5 -7
leaf_value=0.00013541111986379364 -0.023362015411257743 -0.034187191221863027 -0.069344087131321439 0.044708350673317909 0.030917872167192398 -0.023662437787279486
leaf_weight=924 17 23 10.999999999999998 29 31 14.999999999999998
leaf_count=924 17 23 11 29 31 15
internal_value=3.93987e-06 0.000410693 -0.000755207 0.0114296 -0.002996 0.0129952
internal_weight=1050 1033 935 98 69 46
internal_count=1050 1033 935 98 69 46
is_linear=0
shrinkage=0.03


Tree=253
num_leaves=7
num_cat=0
split_feature=32 26 14 23 30 25
split_gain=10.9827 42.1725 48.9713 41.8467 35.7449 29.567
threshold=20.500000000000004 42.783333333333339 22.650000000000002 9.8829935680310843 24.350000000000005 0.9101772309281706
decision_type=2 2 2 2 10 2
left_child=-1 5 3 -3 -4 -2
right_child=1 2 4 -5 -6 -7
leaf_value=-0.0013108506228531741 0.069394471198320359 0.0081462043837497115 0.0035978376249281257 -0.05144713433235884 0.051718625680488697 0.0069824487077338347
leaf_weight=888 14.000000000000002 18 77 24 15.999999999999998 12.999999999999998
leaf_count=888 14 18 77 24 16 13
internal_value=1.68662e-06 0.00716024 0.000209173 -0.0263116 0.0123388 0.0406668
internal_weight=1050 162 135 42 93 27
internal_count=1050 162 135 42 93 27
is_linear=0
shrinkage=0.03


Tree=254
num_leaves=7
num_cat=0
split_feature=36 29 12 39 39 29
split_gain=11.0951 30.3505 30.0262 33.0207 52.7364 52.5903
threshold=3.5000000000000004 10.15 -44.13959955506138 0.91372912801484241 0.7864357864357866 22.500000000000004
decision_type=2 8 2 2 2 8
left_child=1 -1 -3 4 -4 -6
right_child=-2 2 3 -5 5 -7
leaf_value=0.045474590361118318 -0.0027116783090388855 0.032743679218822055 -0.0064259977899491783 -0.0067772437159770299 -0.011277580782771111 0.041422330173513586
leaf_weight=13.999999999999998 591 26 84 251 23 61
leaf_count=14 591 26 84 251 23 61
internal_value=4.12173e-06 0.00349923 0.00207966 0.000103446 0.0103628 0.0270297
internal_weight=1050 459 445 419 168 84
internal_count=1050 459 445 419 168 84
is_linear=0
shrinkage=0.03


Tree=255
num_leaves=7
num_cat=0
split_feature=44 44 4 25 25 39
split_gain=11.0478 14.6648 26.5413 21.5326 31.9988 24.3984
threshold=2.0705319643020634 2.1072475910186772 65.550000000000011 0.91517911910850824 0.91428102472985551 1.2026785714285717
decision_type=2 2 2 2 2 2
left_child=-1 2 -2 4 5 -3
right_child=1 3 -4 -5 -6 -7
leaf_value=0.024745037402026354 0.0092863585352897619 0.0021330103744988315 -0.04593761835904682 0.029604567251252857 -0.047160102931352761 -0.01156605027451673
leaf_weight=14.999999999999998 14.000000000000002 837 15.999999999999998 21 11.999999999999998 135
leaf_count=15 14 837 16 21 12 135
internal_value=6.63698e-06 -0.00037543 -0.0206982 0.000251192 -0.000404672 0.000220432
internal_weight=1050 1035 30 1005 984 972
internal_count=1050 1035 30 1005 984 972
is_linear=0
shrinkage=0.03


Tree=256
num_leaves=7
num_cat=1
split_feature=6 3 33 24 30 0
split_gain=11.0888 50.6069 54.701 40.7284 39.7986 44.1826
threshold=8.5000000000000018 175.15000000000001 26.500000000000004 431.95000000000005 21.650000000000002 0
decision_type=2 2 2 2 10 1
left_child=4 -2 -3 -4 -1 -6
right_child=1 2 3 -5 5 -7
leaf_value=-0.0070416410024789333 -0.0042571987530156483 0.056113779515028002 0.053593536535544051 -0.003368321373048475 -0.0077141023355246589 0.016114615704555538
leaf_weight=487 185 29 12.999999999999998 58 108 170
leaf_count=487 185 29 13 58 108 170
internal_value=5.32771e-06 0.00504599 0.0221286 0.00766081 -0.0018767 0.00716404
internal_weight=1050 285 100 71 765 278
internal_count=1050 285 100 71 765 278
cat_boundaries=0 1
cat_threshold=10
is_linear=0
shrinkage=0.03


Tree=257
num_leaves=7
num_cat=0
split_feature=4 3 41 28 6 30
split_gain=11.1281 44.5904 33.3452 33.2047 19.4003 18.6515
threshold=48.150000000000013 171.55000000000004 84.048618316650405 50.750000000000007 5.5000000000000009 16.400000000000002
decision_type=2 2 2 8 2 8
left_child=1 4 -3 -2 -1 -5
right_child=3 2 -4 5 -6 -7
leaf_value=0.010411561386925831 -0.031784419868141407 0.015945208798428725 -0.052493722513318061 0.028932739198207855 0.060716433450579643 -0.00034132545568601281
leaf_weight=13.000000000000002 29 13.000000000000002 10.999999999999998 19 14.999999999999998 950
leaf_count=13 29 13 11 19 15 950
internal_value=1.05183e-05 0.0134063 -0.0162677 -0.000700178 0.038525 0.000261912
internal_weight=1050 52 24 998 28 969
internal_count=1050 52 24 998 28 969
is_linear=0
shrinkage=0.03


Tree=258
num_leaves=7
num_cat=1
split_feature=7 10 3 30 22 3
split_gain=11.0165 22.5217 56.4842 28.2301 33.5056 28.1263
threshold=0 1616.8774353481206 173.65000000000001 19.550000000000004 451.18333333333339 178.45000000000002
decision_type=1 2 2 8 2 2
left_child=1 2 -1 -3 5 -5
right_child=-2 3 -4 4 -6 -7
leaf_value=0.016773031629048859 0.0011652428446250114 0.032338089197874065 -0.067093402673216423 -0.036994563271536635 0.016740739676972916 0.012039795577526092
leaf_weight=12.000000000000002 926 17 15.999999999999998 37 28 13.999999999999998
leaf_count=12 926 17 16 37 28 14
internal_value=1.10987e-05 -0.00800124 -0.0318117 -0.00162505 -0.00924644 -0.0235615
internal_weight=1050 124 28 96 79 51
internal_count=1050 124 28 96 79 51
cat_boundaries=0 1
cat_threshold=33025
is_linear=0
shrinkage=0.03


Tree=259
num_leaves=7
num_cat=0
split_feature=15 15 23 23 29 26
split_gain=11.0578 39.8708 38.8925 29.8301 41.3069 27.8563
threshold=13.183333333333335 13.216666666666667 10.773130652358835 9.9524153707277687 16.150000000000002 36.983333333333341
decision_type=2 2 2 2 10 2
left_child=2 -2 3 4 -1 -3
right_child=1 5 -4 -5 -6 -7
leaf_value=-0.0031156033281744882 -0.04826182337477803 0.036463960707187652 -0.024663114290812919 0.035447505131363868 0.050760486289858818 -0.0012492981654253694
leaf_weight=87 14.999999999999998 17 28 39 13.999999999999998 850
leaf_count=87 15 17 28 39 14 850
internal_value=1.03839e-05 -0.00133521 0.00704085 0.0135116 0.00477681 -0.000468665
internal_weight=1050 882 168 140 101 867
internal_count=1050 882 168 140 101 867
is_linear=0
shrinkage=0.03


Tree=260
num_leaves=7
num_cat=0
split_feature=37 6 22 30 28 32
split_gain=10.9027 50.0925 38.1964 36.2253 41.0078 39.0592
threshold=13.500000000000002 4.5000000000000009 406.45000000000005 17.550000000000004 59.350000000000001 18.500000000000004
decision_type=2 2 2 8 8 2
left_child=-1 2 -2 -3 -5 -6
right_child=1 3 -4 4 5 -7
leaf_value=0.0013427579923842642 0.013564594209194184 0.054343110173940661 -0.042221896796608746 -0.048469121626445226 0.059689843248237263 -0.00088600184321403492
leaf_weight=883 13.999999999999998 10.999999999999998 45 12.999999999999998 9.9999999999999982 74
leaf_count=883 14 11 45 13 10 74
internal_value=1.13677e-05 -0.00699435 -0.028979 0.00517145 -0.000902343 0.0069428
internal_weight=1050 167 59 108 97 84
internal_count=1050 167 59 108 97 84
is_linear=0
shrinkage=0.03


Tree=261
num_leaves=7
num_cat=1
split_feature=9 9 7 41 29 19
split_gain=10.8115 35.0927 38.1987 39.1482 33.548 43.9045
threshold=9043.2500000000018 10266.033333333335 0 79.074306488037124 14.950000000000001 250.3177810710072
decision_type=2 2 1 2 10 2
left_child=-1 -2 4 -4 5 -3
right_child=1 2 3 -5 -6 -7
leaf_value=0.0027820962342636089 -0.013373404108874854 -0.030394196428824214 0.050787688153130665 0.0070636464934796086 -0.041479560863971705 0.01324933890190165
leaf_weight=574 188 31 20 155 24 58
leaf_count=574 188 31 20 155 24 58
internal_value=1.20932e-05 -0.00332703 0.0032546 0.0116584 -0.00990236 -0.00212115
internal_weight=1050 476 288 175 113 89
internal_count=1050 476 288 175 113 89
cat_boundaries=0 1
cat_threshold=2968
is_linear=0
shrinkage=0.03


Tree=262
num_leaves=7
num_cat=0
split_feature=42 16 45 19 12 10
split_gain=10.7276 24.6268 24.8113 39.8177 29.1418 45.8178
threshold=28.319406509399418 186.25000000000003 2.8308131694793706 319.60051093331248 386.86395995550606 4519.6753604259511
decision_type=2 2 2 2 2 2
left_child=1 -1 3 4 5 -3
right_child=-2 2 -4 -5 -6 -7
leaf_value=0.022579095199011093 -0.027071868181228635 -0.00088975953013915247 -0.02099148158203153 0.039479962574399036 -0.037250733728471555 0.038784793855415445
leaf_weight=42 11.999999999999998 880 50 22 18 26
leaf_count=42 12 880 50 22 18 26
internal_value=1.1406e-05 0.000350262 -0.000608805 0.000489532 -0.000480489 0.00029031
internal_weight=1050 1038 996 946 924 906
internal_count=1050 1038 996 946 924 906
is_linear=0
shrinkage=0.03


Tree=263
num_leaves=7
num_cat=0
split_feature=25 16 44 45 19 12
split_gain=10.7693 21.3886 31.6365 23.3755 37.5641 27.51
threshold=0.87438875206422717 186.25000000000003 3.5036246776580815 2.8308131694793706 319.60051093331248 386.86395995550606
decision_type=2 2 2 2 2 2
left_child=-1 2 -2 4 5 -3
right_child=1 3 -4 -5 -6 -7
leaf_value=-0.029516680728305471 0.040199523210924647 0.00028285429995548582 -0.011146676788727442 -0.020374085535021388 0.038347059138443156 -0.036192028226428911
leaf_weight=9.9999999999999982 27 906 17 50 22 18
leaf_count=10 27 906 17 50 22 18
internal_value=1.14817e-05 0.000323488 0.0205544 -0.000589966 0.000476117 -0.000466054
internal_weight=1050 1040 44 996 946 924
internal_count=1050 1040 44 996 946 924
is_linear=0
shrinkage=0.03


Tree=264
num_leaves=7
num_cat=0
split_feature=39 39 39 22 39 45
split_gain=10.6205 20.7023 31.5611 28.2326 25.0559 54.7264
threshold=1.4532019704433499 1.3514610389610393 1.3243652898825315 410.43333333333334 1.2026785714285717 1.6841470003128054
decision_type=2 2 2 2 2 2
left_child=1 2 4 -3 -1 -6
right_child=-2 3 -4 -5 5 -7
leaf_value=0.0011418273823203271 0.023530325468848732 -0.06331267159093508 0.042104517482221125 -3.4099146723747254e-05 0.04773066316138614 -0.023752353420412098
leaf_weight=904 15.999999999999998 10.000000000000002 14.999999999999998 14.999999999999998 9.9999999999999982 80
leaf_count=904 16 10 15 15 10 80
internal_value=1.06121e-05 -0.000375712 0.000305072 -0.0268071 -0.000367386 -0.0153726
internal_weight=1050 1034 1009 25 994 90
internal_count=1050 1034 1009 25 994 90
is_linear=0
shrinkage=0.03


Tree=265
num_leaves=7
num_cat=0
split_feature=9 39 39 39 22 39
split_gain=10.5458 17.0435 20.0899 29.32 26.7136 24.6902
threshold=4668.9333333333343 1.4532019704433499 1.3514610389610393 1.3243652898825315 410.43333333333334 1.2026785714285717
decision_type=2 2 2 2 2 2
left_child=-1 2 3 5 -4 -2
right_child=1 -3 4 -5 -6 -7
leaf_value=-0.021035045981407166 0.001505939031945348 0.031161402873694895 -0.061585961255160221 0.040920326784253121 -3.314070403575897e-05 -0.014903482546323683
leaf_weight=20 885 14.999999999999998 10.000000000000002 14.999999999999998 14.999999999999998 90
leaf_count=20 885 15 10 15 15 90
internal_value=1.10761e-05 0.000439745 -4.44936e-05 0.000638517 -0.026076 -2.24948e-05
internal_weight=1050 1030 1015 990 25 975
internal_count=1050 1030 1015 990 25 975
is_linear=0
shrinkage=0.03


Tree=266
num_leaves=7
num_cat=1
split_feature=18 3 7 42 42 19
split_gain=10.4113 43.3624 45.1456 64.7277 39.8405 37.5384
threshold=2089.7500000000005 166.45000000000002 0 15.979762554168703 16.413958549499515 105.85543668095552
decision_type=2 2 1 2 2 2
left_child=1 -1 -3 -4 -5 -2
right_child=5 2 3 4 -6 -7
leaf_value=0.022599228876161163 -0.03484405451640487 0.0088315826900752219 -0.00354356571957469 -0.093158697060176279 -0.018435336425900457 -0.0005702872999278658
leaf_weight=86 29 138 74 13.000000000000002 12.999999999999998 697
leaf_count=86 29 138 74 13 13 697
internal_value=1.00596e-05 0.00447371 -0.002143 -0.0164692 -0.0578636 -0.0019854
internal_weight=1050 324 238 100 26 726
internal_count=1050 324 238 100 26 726
cat_boundaries=0 1
cat_threshold=12822
is_linear=0
shrinkage=0.03


Tree=267
num_leaves=7
num_cat=0
split_feature=37 33 42 16 38 22
split_gain=10.7199 18.7043 14.0721 21.9935 22.7464 37.7162
threshold=15.500000000000002 29.500000000000004 28.319406509399418 186.25000000000003 2.5000000000000004 424.13333333333338
decision_type=2 2 2 2 2 2
left_child=2 -2 3 4 -1 -6
right_child=1 -3 -4 -5 5 -7
leaf_value=0.059298836751417679 0.013557578921318049 -0.033787128488932332 -0.033204005387696356 -9.8331789875362678e-06 0.032714616688234457 -0.034029304906725885
leaf_weight=9.9999999999999982 11.000000000000002 20 9.9999999999999982 968 20.000000000000004 10.999999999999998
leaf_count=10 11 20 10 968 20 11
internal_value=8.87853e-06 -0.0170887 0.000545265 0.000912291 0.0221653 0.00870798
internal_weight=1050 31 1019 1009 41 31
internal_count=1050 31 1019 1009 41 31
is_linear=0
shrinkage=0.03


Tree=268
num_leaves=7
num_cat=0
split_feature=37 6 22 30 12 12
split_gain=10.5568 47.1363 35.8663 34.1973 35.4412 53.1345
threshold=13.500000000000002 4.5000000000000009 406.45000000000005 17.550000000000004 -32.196996662959144 -20.996106785317206
decision_type=2 2 2 8 2 2
left_child=-1 2 -2 -3 -5 -6
right_child=1 3 -4 4 5 -7
leaf_value=0.0013188425131295954 0.013021300733089446 0.052692780792713161 -0.041042710096048915 0.043256149595337252 -0.069778900932181961 0.00087525874078273763
leaf_weight=883 13.999999999999998 10.999999999999998 45 12.999999999999998 9.9999999999999982 74
leaf_count=883 14 11 45 13 10 74
internal_value=8.74176e-06 -0.00688494 -0.0282108 0.00491721 -0.000983035 -0.00825792
internal_weight=1050 167 59 108 97 84
internal_count=1050 167 59 108 97 84
is_linear=0
shrinkage=0.03


Tree=269
num_leaves=7
num_cat=0
split_feature=23 26 19 24 29 28
split_gain=10.6798 48.5534 44.9062 44.0779 43.4423 40.2944
threshold=11.384805360806505 55.88333333333334 125.8399061677613 432.85000000000008 17.350000000000005 59.150000000000013
decision_type=2 2 2 2 10 8
left_child=1 4 -2 5 -1 -4
right_child=2 -3 3 -5 -6 -7
leaf_value=-0.0015739990978974349 -0.030922985524521208 0.042712655617640566 -0.017037080229492858 -0.0048619468885510711 0.029114844347039859 0.034064387865881951
leaf_weight=535 47 25 18 328 44 53
leaf_count=535 47 25 18 328 44 53
internal_value=8.48917e-06 0.00260667 -0.00350808 -0.00020952 0.000804318 0.0210524
internal_weight=1050 604 446 399 579 71
internal_count=1050 604 446 399 579 71
is_linear=0
shrinkage=0.03


Tree=270
num_leaves=7
num_cat=0
split_feature=32 26 16 6 38 25
split_gain=10.5729 38.3199 39.7782 33.6981 43.4944 27.5795
threshold=20.500000000000004 42.783333333333339 203.45000000000002 4.5000000000000009 4.5000000000000009 0.9101772309281706
decision_type=2 2 2 2 2 2
left_child=-1 5 3 4 -3 -2
right_child=1 2 -4 -5 -6 -7
leaf_value=-0.0012781184781562743 0.066716018497943855 -0.048658562511205657 -0.019638378082050215 0.027486254986789489 0.022581099630842798 0.0064644269671823296
leaf_weight=888 14.000000000000002 14.000000000000002 53 53 14.999999999999998 12.999999999999998
leaf_count=888 14 14 53 53 15 13
internal_value=9.70451e-06 0.00703342 0.000405916 0.0134419 -0.012286 0.0389729
internal_weight=1050 162 135 82 29 27
internal_count=1050 162 135 82 29 27
is_linear=0
shrinkage=0.03


Tree=271
num_leaves=7
num_cat=1
split_feature=36 29 24 7 39 41
split_gain=10.5041 26.7731 26.1961 38.0405 57.0051 43.9114
threshold=3.5000000000000004 10.15 456.58333333333343 0 0.98430141287284145 91.648311614990249
decision_type=2 8 2 1 2 2
left_child=1 -1 -2 4 -4 -6
right_child=2 -3 3 -5 5 -7
leaf_value=0.042836073219776151 0.0066289304834889597 0.0020780972546308968 -0.016501970718405683 -0.012439726160798976 0.037537951219488268 -0.024287760464044718
leaf_weight=13.999999999999998 187 445 48 290 54 11.999999999999998
leaf_count=14 187 445 48 290 54 12
internal_value=1.09455e-05 0.00341168 -0.00263154 -0.00692372 0.007522 0.0261022
internal_weight=1050 459 591 404 114 66
internal_count=1050 459 591 404 114 66
cat_boundaries=0 1
cat_threshold=51746
is_linear=0
shrinkage=0.03


Tree=272
num_leaves=7
num_cat=0
split_feature=9 3 3 46 31 29
split_gain=10.257 36.0367 45.083 40.5396 39.4782 39.457
threshold=9043.2500000000018 174.75000000000003 177.65000000000001 447.03201293945318 3.5000000000000004 16.350000000000005
decision_type=2 2 2 2 10 8
left_child=-1 4 5 -4 -2 -3
right_child=1 2 3 -5 -6 -7
leaf_value=0.0027061198770190063 -0.011595919387076388 -0.018418349081819708 -0.011486531405919981 0.028621289491653441 0.040017708369663778 0.047254971249683482
leaf_weight=574 296 9.9999999999999982 92 29 12.999999999999998 36
leaf_count=574 296 10 92 29 13 36
internal_value=8.08958e-06 -0.00324427 0.00795371 -0.0017181 -0.00930239 0.03289
internal_weight=1050 476 167 121 309 46
internal_count=1050 476 167 121 309 46
is_linear=0
shrinkage=0.03


Tree=273
num_leaves=7
num_cat=0
split_feature=20 44 15 12 29 10
split_gain=10.2769 45.1106 37.6186 24.2218 56.576 51.0249
threshold=-2.6795328142380717 2.1850482225418095 13.65 -22.619688542825482 19.900000000000002 1666.7697002749112
decision_type=2 2 2 2 8 2
left_child=1 -1 -3 4 5 -2
right_child=3 2 -4 -5 -6 -7
leaf_value=0.034008190448622445 -0.021647792270309045 -0.045702161508447983 0.015888961204572727 0.0011503611147470239 -0.024759142376256711 0.043210127347937
leaf_weight=36 18 15.999999999999998 18 839 98 25
leaf_count=36 18 16 18 839 98 25
internal_value=1.00476e-05 0.0110318 -0.0135728 -0.000787662 -0.0122465 0.0161853
internal_weight=1050 70 34 980 141 43
internal_count=1050 70 34 980 141 43
is_linear=0
shrinkage=0.03


Tree=274
num_leaves=7
num_cat=0
split_feature=23 19 24 28 19 20
split_gain=10.3546 41.9234 40.143 37.2357 38.9979 36.5081
threshold=11.384805360806505 125.8399061677613 432.85000000000008 59.150000000000013 187.07323634496572 5.0783092324804864
decision_type=2 2 2 8 2 2
left_child=5 -2 3 -3 -5 -1
right_child=1 2 -4 4 -6 -7
leaf_value=0.0004040219628512459 -0.029941597559954972 -0.016582505277505044 -0.0047052738644850741 0.073801785290241242 0.016246624276041982 0.027672315463423729
leaf_weight=557 47 18 328 13.999999999999998 39 47
leaf_count=557 47 18 328 14 39 47
internal_value=9.80758e-06 -0.00345281 -0.000265527 0.0200253 0.032535 0.00256812
internal_weight=1050 446 399 71 53 604
internal_count=1050 446 399 71 53 604
is_linear=0
shrinkage=0.03


Tree=275
num_leaves=7
num_cat=0
split_feature=25 16 44 44 36 28
split_gain=10.0886 19.7645 28.237 21.2259 18.6067 17.2549
threshold=0.87438875206422717 186.25000000000003 3.5036246776580815 3.2957533597946171 3.5000000000000004 71.950000000000017
decision_type=2 2 2 2 2 8
left_child=-1 2 4 5 -2 -3
right_child=1 3 -4 -5 -6 -7
leaf_value=-0.028568308556621722 0.0092321779922797109 0.0038604713024984216 -0.010203372289737065 -0.037243881736482895 0.059555520303547382 -0.0040819646624852095
leaf_weight=9.9999999999999982 12.000000000000002 500 17 12.999999999999998 14.999999999999998 483
leaf_count=10 12 500 17 13 15 483
internal_value=1.14229e-05 0.000313407 0.019761 -0.000564683 0.0383181 -4.22508e-05
internal_weight=1050 1040 44 996 27 983
internal_count=1050 1040 44 996 27 983
is_linear=0
shrinkage=0.03


Tree=276
num_leaves=7
num_cat=0
split_feature=37 33 1 28 11 22
split_gain=10.2562 56.7871 54.6075 28.525 37.7336 31.8928
threshold=8.5000000000000018 28.500000000000004 20.500000000000004 76.850000000000009 245233.00000000003 397.66666666666674
decision_type=2 2 2 8 2 2
left_child=1 3 -3 5 -5 -1
right_child=-2 2 -4 4 -6 -7
leaf_value=0.014437527602369136 0.001093645148583415 0.063434947623926041 -0.015668864905834197 0.047901029315861793 -0.017675275536520142 -0.043354436251275399
leaf_weight=9.9999999999999982 927 16.000000000000004 13.999999999999998 9.9999999999999982 27 46
leaf_count=10 927 16 14 10 27 46
internal_value=1.08675e-05 -0.00809259 0.0272052 -0.0196473 0.0008422 -0.0329622
internal_weight=1050 123 30 93 37 56
internal_count=1050 123 30 93 37 56
is_linear=0
shrinkage=0.03


Tree=277
num_leaves=7
num_cat=2
split_feature=6 7 24 9 30 0
split_gain=10.215 46.5188 71.1242 36.732 36.7025 43.0876
threshold=8.5000000000000018 0 451.28333333333336 6288.5833333333339 21.650000000000002 1
decision_type=2 1 2 2 10 1
left_child=4 2 -2 -3 -1 -6
right_child=1 3 -4 -5 5 -7
leaf_value=-0.0067543654449925307 0.056637927008526663 -0.041003937177698721 0.0038084812549983751 0.00029187160197690856 -0.0077828457887761859 0.015733638701970733
leaf_weight=487 34 21 67 163 108 170
leaf_count=487 34 21 67 163 108 170
internal_value=1.19735e-05 0.00484995 0.0200116 -0.00438061 -0.00179439 0.00688756
internal_weight=1050 285 101 184 765 278
internal_count=1050 285 101 184 765 278
cat_boundaries=0 1 2
cat_threshold=8304 10
is_linear=0
shrinkage=0.03


Tree=278
num_leaves=7
num_cat=1
split_feature=7 18 37 6 22 24
split_gain=9.99755 25.8613 24.7679 41.7387 29.524 44.484
threshold=0 2435.8833333333337 8.5000000000000018 6.5000000000000009 455.58333333333343 502.03333333333336
decision_type=1 2 2 2 2 2
left_child=2 -2 3 -1 5 -4
right_child=1 -3 4 -5 -6 -7
leaf_value=-0.043699071548868568 0.0045282655796472678 -0.040109392646700145 0.0010823112556913948 0.0046432750951498746 -0.012748236476697705 0.043215507837012411
leaf_weight=32 447 10.999999999999998 375 31 131 23
leaf_count=32 447 11 375 31 131 23
internal_value=1.44812e-05 0.00329925 -0.00254085 -0.0202107 -0.000450275 0.00361935
internal_weight=1050 458 592 63 529 398
internal_count=1050 458 592 63 529 398
cat_boundaries=0 1
cat_threshold=55577
is_linear=0
shrinkage=0.03


Tree=279
num_leaves=7
num_cat=0
split_feature=28 4 12 20 12 20
split_gain=9.97338 28.2801 15.5606 69.9617 65.1124 49.297
threshold=86.65000000000002 84.65000000000002 176.65728587319236 5.0783092324804864 295.33081201334812 20.847163515016657
decision_type=10 2 2 2 2 2
left_child=1 2 3 -1 -4 -6
right_child=-2 -3 4 -5 5 -7
leaf_value=-0.0017994897262570949 -0.026101037126321058 0.036603781737779312 -0.025140854142074075 0.024700874459530626 0.040210995109478842 -0.0020797793491375304
leaf_weight=613 11.999999999999998 18 104 104 28 171
leaf_count=613 12 18 104 104 28 171
internal_value=1.2817e-05 0.000339542 -0.000335639 0.00207341 -0.00602432 0.00404198
internal_weight=1050 1038 1020 717 303 199
internal_count=1050 1038 1020 717 303 199
is_linear=0
shrinkage=0.03


Tree=280
num_leaves=7
num_cat=0
split_feature=37 6 33 22 41 3
split_gain=9.89708 43.6285 32.4577 51.5347 42.8498 46.1922
threshold=13.500000000000002 4.5000000000000009 27.500000000000004 428.23333333333341 81.34336090087892 165.15000000000001
decision_type=2 2 2 2 2 2
left_child=-1 -2 3 -3 -4 -6
right_child=1 2 4 -5 5 -7
leaf_value=0.0012822581086796602 -0.02717791418544948 -0.061297935366630529 -0.015483233905557928 0.01918236487678119 -0.020633272861058895 0.04475664932812963
leaf_weight=883 59 14.000000000000002 28 12.999999999999998 11.999999999999998 41
leaf_count=883 59 14 28 13 12 41
internal_value=1.37567e-05 -0.00666106 0.00469373 -0.023247 0.0141772 0.0298435
internal_weight=1050 167 108 27 81 53
internal_count=1050 167 108 27 81 53
is_linear=0
shrinkage=0.03


Tree=281
num_leaves=7
num_cat=0
split_feature=15 15 23 23 29 30
split_gain=9.99022 36.9642 34.6964 27.2545 37.2004 27.7194
threshold=13.183333333333335 13.216666666666667 10.773130652358835 9.9524153707277687 16.150000000000002 18.850000000000005
decision_type=2 2 2 2 10 10
left_child=2 -2 3 4 -1 -5
right_child=1 -3 -4 5 -6 -7
leaf_value=-0.0030313465109264308 -0.04645111628808081 -0.0004330014275421264 -0.023251305181404641 0.061447743078072867 0.048096147090196606 0.010645705461502075
leaf_weight=87 14.999999999999998 867 28 17 13.999999999999998 22
leaf_count=87 15 867 28 17 14 22
internal_value=1.16493e-05 -0.00126734 0.00669412 0.0128056 0.00445768 0.0337728
internal_weight=1050 882 168 140 101 39
internal_count=1050 882 168 140 101 39
is_linear=0
shrinkage=0.03


Tree=282
num_leaves=7
num_cat=0
split_feature=32 26 16 30 3 42
split_gain=9.98513 35.7255 35.7293 34.0858 27.3074 30.639
threshold=20.500000000000004 42.783333333333339 204.41666666666671 24.350000000000005 173.75000000000003 16.533039093017582
decision_type=2 2 2 10 2 2
left_child=-1 -2 3 4 5 -3
right_child=1 2 -4 -5 -6 -7
leaf_value=-0.0012388763308977652 0.037677735584521935 -0.054008481227434603 -0.026230186840848012 0.046741542859623827 0.018268398164316663 0.0008349700336111709
leaf_weight=888 27 11.999999999999998 33 17 42 31
leaf_count=888 27 12 33 17 42 31
internal_value=1.26421e-05 0.00683833 0.00043876 0.00923784 0.00128081 -0.0153498
internal_weight=1050 162 135 102 85 43
internal_count=1050 162 135 102 85 43
is_linear=0
shrinkage=0.03


Tree=283
num_leaves=7
num_cat=0
split_feature=20 44 26 12 42 12
split_gain=10.0605 42.4891 39.5797 35.78 23.814 22.388
threshold=-2.6795328142380717 2.1850482225418095 43.250000000000007 -51.66707452725273 16.106816291809086 -22.619688542825482
decision_type=2 2 2 2 2 2
left_child=1 2 -1 4 -3 -2
right_child=5 3 -4 -5 -6 -7
leaf_value=-0.0040981477859895676 -0.011792882477051356 -0.059064522896494165 0.058842271722175855 0.029798636380583048 0.0014122651381926101 0.0010868620740781937
leaf_weight=14.999999999999998 141 13.000000000000002 21 10.999999999999998 9.9999999999999982 839
leaf_count=15 141 13 21 11 10 839
internal_value=1.28922e-05 0.010918 0.0332151 -0.0129653 -0.033807 -0.000776376
internal_weight=1050 70 36 34 23 980
internal_count=1050 70 36 34 23 980
is_linear=0
shrinkage=0.03


Tree=284
num_leaves=7
num_cat=0
split_feature=4 3 41 28 25 4
split_gain=9.94408 40.6348 31.1459 30.5425 57.4916 18.1817
threshold=48.150000000000013 171.55000000000004 84.048618316650405 50.750000000000007 0.90547569241770731 43.750000000000007
decision_type=2 2 2 8 2 2
left_child=1 5 -3 4 -2 -1
right_child=3 2 -4 -5 -6 -7
leaf_value=0.0094947231773819217 -0.062236779492936614 0.015480719605194666 -0.050660201758146284 0.00026384102817163946 0.022364158723503353 0.058131113201379772
leaf_weight=13.000000000000002 18.000000000000004 13.000000000000002 10.999999999999998 969 10.999999999999998 14.999999999999998
leaf_count=13 18 13 11 969 11 15
internal_value=1.29672e-05 0.0126761 -0.0156477 -0.000658862 -0.030471 0.036656
internal_weight=1050 52 24 998 29 28
internal_count=1050 52 24 998 29 28
is_linear=0
shrinkage=0.03


Tree=285
num_leaves=7
num_cat=1
split_feature=18 19 4 19 7 9
split_gain=9.7339 33.6851 53.3486 34.5955 30.9127 43.5868
threshold=2089.7500000000005 105.85543668095552 62.95000000000001 106.89996762398526 0 7404.9333333333343
decision_type=2 2 2 2 1 2
left_child=4 2 -2 -3 -1 -6
right_child=1 3 -4 -5 5 -7
leaf_value=-0.0077875747150323521 0.006544782598502932 0.04992329135537147 -0.073068382978439331 -0.0014577673193917296 0.0045631680038890664 0.038788820489176687
leaf_weight=116 15.000000000000002 10.999999999999998 13.999999999999998 686 167 41
leaf_count=116 15 11 14 686 167 41
internal_value=1.23738e-05 -0.00191708 -0.0330436 -0.000576514 0.00432837 0.0109395
internal_weight=1050 726 29 697 324 208
internal_count=1050 726 29 697 324 208
cat_boundaries=0 1
cat_threshold=39169
is_linear=0
shrinkage=0.03


Tree=286
num_leaves=7
num_cat=0
split_feature=9 9 38 19 41 28
split_gain=9.57261 16.3978 38.8767 18.0723 19.1553 35.0693
threshold=4668.9333333333343 5499.0500000000002 3.5000000000000004 85.996409742666387 77.576045989990249 70.950000000000017
decision_type=2 2 2 2 2 10
left_child=-1 2 -2 -3 5 -5
right_child=1 3 -4 4 -6 -7
leaf_value=-0.020041295268705912 0.058964913253273264 -0.029226687683870916 -0.0081326735702653714 0.017731975272879938 -0.0014970494130686987 -0.016081271370251973
leaf_weight=20 13.000000000000002 18 17 119 828 35
leaf_count=20 13 18 17 119 828 35
internal_value=1.02794e-05 0.000418691 0.0219071 -0.000247203 0.000313181 0.00999298
internal_weight=1050 1030 30 1000 982 154
internal_count=1050 1030 30 1000 982 154
is_linear=0
shrinkage=0.03


Tree=287
num_leaves=7
num_cat=1
split_feature=36 3 3 24 7 41
split_gain=9.68327 28.5637 30.5448 27.5418 24.5741 27.8056
threshold=3.5000000000000004 160.15000000000001 161.85000000000005 511.58333333333337 0 81.734226226806655
decision_type=2 2 2 2 1 2
left_child=1 3 -3 -1 -4 -6
right_child=-2 2 4 -5 5 -7
leaf_value=-0.030444401718283956 -0.002527118497355086 0.04646691547706723 -0.0079477955423619441 0.023829254508018493 -0.0034197381821771461 0.015728386148790467
leaf_weight=37 591 14.999999999999998 104 9.9999999999999982 107 186
leaf_count=37 591 15 104 10 107 186
internal_value=1.002e-05 0.00327519 0.00581441 -0.0186409 0.00416553 0.00846012
internal_weight=1050 459 412 47 397 293
internal_count=1050 459 412 47 397 293
cat_boundaries=0 1
cat_threshold=52992
is_linear=0
shrinkage=0.03


Tree=288
num_leaves=7
num_cat=0
split_feature=23 26 29 19 26 23
split_gain=9.63105 45.6313 38.2943 38.0525 39.4462 37.5814
threshold=11.384805360806505 55.88333333333334 17.350000000000005 125.8399061677613 39.050000000000004 10.894609887961265
decision_type=2 2 10 2 2 2
left_child=1 2 5 -2 -5 -1
right_child=3 -3 -4 4 -6 -7
leaf_value=-0.0042896856903975288 -0.028567111510783436 0.041356342538045002 0.027309036611268916 0.055732415183023971 -0.0018736092339341455 0.021089016009532544
leaf_weight=477 47 25 44 9.9999999999999982 389 58
leaf_count=477 47 25 44 10 389 58
internal_value=8.64068e-06 0.00247596 0.000728774 -0.00333081 -0.000294128 -0.00150414
internal_weight=1050 604 579 446 399 535
internal_count=1050 604 579 446 399 535
is_linear=0
shrinkage=0.03


Tree=289
num_leaves=7
num_cat=0
split_feature=6 3 33 10 18 30
split_gain=9.55803 46.9294 49.7759 37.0776 68.1923 35.977
threshold=8.5000000000000018 175.15000000000001 26.500000000000004 1397.5499807501662 2077.6000000000008 19.650000000000002
decision_type=2 2 2 2 2 8
left_child=-1 3 -3 -2 -5 -4
right_child=1 2 5 4 -6 -7
leaf_value=-0.0017357624690631994 -0.039924479982127316 0.053561165601015086 0.044084239502747855 0.049926117472350595 -0.0068092055688123701 -0.0048185585149648517
leaf_weight=765 22 29 17 21 142 54
leaf_count=765 22 29 17 21 142 54
internal_value=1.1543e-05 0.00469135 0.0211419 -0.00426669 0.000760111 0.00734022
internal_weight=1050 285 100 185 163 71
internal_count=1050 285 100 185 163 71
is_linear=0
shrinkage=0.03


Tree=290
num_leaves=7
num_cat=1
split_feature=3 7 24 24 33 23
split_gain=9.75571 35.0761 47.7348 36.0338 69.7087 33.3912
threshold=168.15000000000001 0 493.25000000000006 485.68333333333339 26.500000000000004 10.376919569787823
decision_type=2 1 2 2 2 2
left_child=1 3 5 4 -1 -3
right_child=-2 2 -4 -5 -6 -7
leaf_value=-0.041442053340375422 -0.0020522816993440661 -0.015566444037802761 0.030522661080154088 -0.024460622000579649 0.024310452741272047 0.013596394451867257
leaf_weight=19 695 60 77 64 52 83
leaf_count=19 695 60 77 64 52 83
internal_value=1.38878e-05 0.00405333 0.0111399 -0.00774197 0.00638351 0.00133711
internal_weight=1050 355 220 135 71 143
internal_count=1050 355 220 135 71 143
cat_boundaries=0 1
cat_threshold=12807
is_linear=0
shrinkage=0.03


Tree=291
num_leaves=7
num_cat=0
split_feature=12 20 20 45 29 18
split_gain=9.49811 71.1151 44.2366 42.1668 55.506 38.9007
threshold=209.24327030033351 13.63737486095658 5.0783092324804864 1.8240064382553103 16.950000000000003 2219.1833333333338
decision_type=2 2 2 2 10 2
left_child=2 -2 3 4 -1 -3
right_child=1 5 -4 -5 -6 -7
leaf_value=-0.0019888593922894634 -0.06828398275375365 -0.022344078687950967 0.016657671964034056 -0.024033727775163511 0.030824657671893126 0.0051360647511832858
leaf_weight=513 13.999999999999998 59 144 67 50 203
leaf_count=513 14 59 144 67 50 203
internal_value=1.30404e-05 -0.00475504 0.00171723 -0.00171872 0.000974794 -0.00111364
internal_weight=1050 276 774 630 563 262
internal_count=1050 276 774 630 563 262
is_linear=0
shrinkage=0.03


Tree=292
num_leaves=7
num_cat=0
split_feature=9 3 3 29 26 29
split_gain=9.49085 32.6324 40.6999 35.9212 34.6519 43.0872
threshold=9043.2500000000018 174.75000000000003 177.65000000000001 16.350000000000005 43.95000000000001 15.550000000000002
decision_type=2 2 2 8 2 10
left_child=-1 4 3 -3 -2 -6
right_child=1 2 -4 -5 5 -7
leaf_value=0.0026061336047137557 -0.028172019524499773 -0.01771420281041752 -0.0016511646620013185 0.044938815350870825 0.0013076418632982482 -0.035538354319604955
leaf_weight=574 65 9.9999999999999982 121 36 212 32
leaf_count=574 65 10 121 36 212 32
internal_value=1.08215e-05 -0.00311772 0.00753832 0.0312315 -0.00888255 -0.00364995
internal_weight=1050 476 167 46 309 244
internal_count=1050 476 167 46 309 244
is_linear=0
shrinkage=0.03


Tree=293
num_leaves=7
num_cat=0
split_feature=37 6 22 12 6 41
split_gain=9.42798 39.9981 31.6292 31.386 51.9081 32.7163
threshold=13.500000000000002 4.5000000000000009 406.45000000000005 -32.196996662959144 5.5000000000000009 80.745162963867202
decision_type=2 2 2 2 2 2
left_child=-1 2 -2 -3 -5 -6
right_child=1 3 -4 4 5 -7
leaf_value=0.0012475978302252078 0.012553184971213341 0.044669925689697264 -0.038201571427609604 0.042390777751019126 -0.04491255287613187 -0.00098608175782780895
leaf_weight=883 13.999999999999998 13.999999999999998 45 18 20 56
leaf_count=883 14 14 45 18 20 56
internal_value=9.51985e-06 -0.00650519 -0.0261496 0.00436792 -0.00204153 -0.0129788
internal_weight=1050 167 59 108 94 76
internal_count=1050 167 59 108 94 76
is_linear=0
shrinkage=0.03


Tree=294
num_leaves=7
num_cat=0
split_feature=20 44 26 12 45 12
split_gain=9.60256 39.0462 37.3682 33.1757 24.3969 20.1932
threshold=-2.6795328142380717 2.1850482225418095 43.250000000000007 -51.66707452725273 1.7716745734214785 -22.619688542825482
decision_type=2 2 2 2 2 2
left_child=1 2 -1 4 -3 -2
right_child=5 3 -4 -5 -6 -7
leaf_value=-0.004205108945898246 -0.011223938305088331 -0.057879207474844784 0.056938526671041143 0.028931671092286705 0.0031713785908438941 0.0010081968124224139
leaf_weight=14.999999999999998 141 13.000000000000002 21 10.999999999999998 9.9999999999999982 839
leaf_count=15 141 13 21 11 10 839
internal_value=9.71288e-06 0.0106637 0.0320369 -0.0122355 -0.0323093 -0.00076138
internal_weight=1050 70 36 34 23 980
internal_count=1050 70 36 34 23 980
is_linear=0
shrinkage=0.03


Tree=295
num_leaves=7
num_cat=0
split_feature=23 26 40 19 26 29
split_gain=9.38985 43.2006 35.8985 35.2831 36.9559 34.448
threshold=11.384805360806505 55.88333333333334 10.500000000000002 125.8399061677613 39.050000000000004 17.350000000000005
decision_type=2 2 2 2 2 10
left_child=1 5 -3 -2 -5 -1
right_child=3 2 -4 4 -6 -7
leaf_value=-0.0013718583962685469 -0.027588101769797504 0.0071057638823986032 0.078384239077568044 0.053866273300214249 -0.0018917960722644167 0.025956071331243339
leaf_weight=535 47 14.000000000000002 10.999999999999998 9.9999999999999982 389 44
leaf_count=535 47 14 11 10 389 44
internal_value=9.89923e-06 0.00244612 0.0402768 -0.00328747 -0.000363179 0.000746047
internal_weight=1050 604 25 446 399 579
internal_count=1050 604 25 446 399 579
is_linear=0
shrinkage=0.03


Tree=296
num_leaves=7
num_cat=1
split_feature=3 7 24 24 33 28
split_gain=9.46879 33.1865 44.0315 33.8069 63.5177 38.5808
threshold=168.15000000000001 0 493.25000000000006 492.66666666666669 26.500000000000004 69.350000000000009
decision_type=2 1 2 2 2 10
left_child=1 3 -3 4 -1 -6
right_child=-2 2 -4 -5 5 -7
leaf_value=-0.040068899733679636 -0.0020221183003440242 0.0014763272739946843 0.029508442155157143 -0.025386974573906124 0.0025933460833934634 0.053334360825163976
leaf_weight=20 695 143 77 57 38 20
leaf_count=20 695 143 77 57 38 20
internal_value=1.34405e-05 0.00399303 0.0108842 -0.00748445 0.00480652 0.0206977
internal_weight=1050 355 220 135 78 58
internal_count=1050 355 220 135 78 58
cat_boundaries=0 1
cat_threshold=12807
is_linear=0
shrinkage=0.03


Tree=297
num_leaves=7
num_cat=0
split_feature=36 30 25 37 25 39
split_gain=9.44949 26.532 41.9881 35.4738 39.04 36.7418
threshold=3.5000000000000004 23.750000000000004 0.91253467769482954 13.500000000000002 0.910066826721038 0.90097402597402609
decision_type=2 8 2 2 2 2
left_child=1 -1 3 4 -3 -5
right_child=-2 2 -4 5 -6 -7
leaf_value=0.011136643020257924 -0.0024927361748760214 0.0030420324699271741 -0.053814178749120659 0.014264699518680573 0.061461397863247176 -0.033884836075746494
leaf_weight=208 591 163 12.999999999999998 20 9.9999999999999982 45
leaf_count=208 591 163 13 20 10 45
internal_value=1.35918e-05 0.0032391 -0.0033237 -0.000352197 0.00675269 -0.0190779
internal_weight=1050 459 251 238 173 65
internal_count=1050 459 251 238 173 65
is_linear=0
shrinkage=0.03


Tree=298
num_leaves=7
num_cat=0
split_feature=32 26 14 23 30 25
split_gain=9.33753 33.4952 36.0454 37.5982 28.9736 25.3478
threshold=20.500000000000004 42.783333333333339 22.650000000000002 9.8829935680310843 24.350000000000005 0.9101772309281706
decision_type=2 2 2 2 10 2
left_child=-1 5 3 -3 -4 -2
right_child=1 2 4 -5 -6 -7
leaf_value=-0.0011970786548652281 0.063066061090677958 0.010209018117503115 0.0029563058182024036 -0.046179553896188739 0.046275020333773946 0.0053792986644631523
leaf_weight=888 14.000000000000002 18 77 24 15.999999999999998 12.999999999999998
leaf_count=888 14 18 77 24 16 13
internal_value=1.31759e-05 0.00661381 0.000417277 -0.0223376 0.010822 0.036475
internal_weight=1050 162 135 42 93 27
internal_count=1050 162 135 42 93 27
is_linear=0
shrinkage=0.03


Tree=299
num_leaves=7
num_cat=0
split_feature=6 3 33 30 44 30
split_gain=9.2913 44.3176 46.54 33.6698 45.2071 33.5097
threshold=8.5000000000000018 175.15000000000001 26.500000000000004 19.650000000000002 2.2501819133758549 21.650000000000002
decision_type=2 2 2 8 2 10
left_child=5 -2 -3 -4 -5 -1
right_child=1 2 3 4 -6 -7
leaf_value=-0.0064470183545891502 -0.0040763915633602486 0.051963959276676179 0.042812334001064302 -0.039224471833024709 0.016466031385851759 0.0065880414294279231
leaf_weight=487 185 29 17 20 34 278
leaf_count=487 185 29 17 20 34 278
internal_value=1.50787e-05 0.00462912 0.0206152 0.00726693 -0.00449823 -0.00170768
internal_weight=1050 285 100 71 54 765
internal_count=1050 285 100 71 54 765
is_linear=0
shrinkage=0.03


end of trees

feature_importances:
height_cm=114
sleep_efficiency_mean=104
sleep_debt_mean=101
weight_last=93
position=76
bmi_last=70
calories_std=67
sport=65
sleep_min_std=61
hr_std=61
n_practice=59
weight_kg_baseline=57
acwr=55
steps_slope=51
very_active_min_mean=51
hr_mean=51
years_playing=50
time_in_bed_mean=48
intensity_std=45
intensity_mean=44
calories_mean=42
steps_mean=40
calories_slope=39
total_hours=39
fat_last=37
steps_std=33
sleep_min_mean=31
fairly_active_min_mean=28
steps_hourly_std=27
lightly_active_min_mean=26
n_weight_logs=26
n_sessions_total=24
n_gym=24
age=14
n_scrimmage=13
hr_max=13
prior_season_injury_count=8
steps_sum=6
distance_mean=3
n_unique_session_days=2
dominant_side=1
rest_days=1

parameters:
[boosting: gbdt]
[objective: regression]
[metric: l2]
[tree_learner: serial]
[device_type: cpu]
[data_sample_strategy: bagging]
[data: ]
[valid: ]
[num_iterations: 300]
[learning_rate: 0.03]
[num_leaves: 7]
[num_threads: 6]
[seed: 42]
[deterministic: 0]
[force_col_wise: 0]
[force_row_wise: 0]
[histogram_pool_size: -1]
[max_depth: -1]
[min_data_in_leaf: 10]
[min_sum_hessian_in_leaf: 0.001]
[bagging_fraction: 0.8]
[pos_bagging_fraction: 1]
[neg_bagging_fraction: 1]
[bagging_freq: 0]
[bagging_seed: 400]
[bagging_by_query: 0]
[feature_fraction: 0.8]
[feature_fraction_bynode: 1]
[feature_fraction_seed: 30056]
[extra_trees: 0]
[extra_seed: 12879]
[early_stopping_round: 0]
[early_stopping_min_delta: 0]
[first_metric_only: 0]
[max_delta_step: 0]
[lambda_l1: 0]
[lambda_l2: 1]
[linear_lambda: 0]
[min_gain_to_split: 0]
[drop_rate: 0.1]
[max_drop: 50]
[skip_drop: 0.5]
[xgboost_dart_mode: 0]
[uniform_drop: 0]
[drop_seed: 17869]
[top_rate: 0.2]
[other_rate: 0.1]
[min_data_per_group: 100]
[max_cat_threshold: 32]
[cat_l2: 10]
[cat_smooth: 10]
[max_cat_to_onehot: 4]
[top_k: 20]
[monotone_constraints: ]
[monotone_constraints_method: basic]
[monotone_penalty: 0]
[feature_contri: ]
[forcedsplits_filename: ]
[refit_decay_rate: 0.9]
[cegb_tradeoff: 1]
[cegb_penalty_split: 0]
[cegb_penalty_feature_lazy: ]
[cegb_penalty_feature_coupled: ]
[path_smooth: 0]
[interaction_constraints: ]
[verbosity: -1]
[saved_feature_importance_type: 0]
[use_quantized_grad: 0]
[num_grad_quant_bins: 4]
[quant_train_renew_leaf: 0]
[stochastic_rounding: 1]
[linear_tree: 0]
[max_bin: 255]
[max_bin_by_feature: ]
[min_data_in_bin: 3]
[bin_construct_sample_cnt: 200000]
[data_random_seed: 175]
[is_enable_sparse: 1]
[enable_bundle: 1]
[use_missing: 1]
[zero_as_missing: 0]
[feature_pre_filter: 1]
[pre_partition: 0]
[two_round: 0]
[header: 0]
[label_column: ]
[weight_column: ]
[group_column: ]
[ignore_column: ]
[categorical_feature: 0,2,5,7]
[forcedbins_filename: ]
[precise_float_parser: 0]
[parser_config_file: ]
[objective_seed: 16083]
[num_class: 1]
[is_unbalance: 0]
[scale_pos_weight: 1]
[sigmoid: 1]
[boost_from_average: 1]
[reg_sqrt: 0]
[alpha: 0.9]
[fair_c: 1]
[poisson_max_delta_step: 0.7]
[tweedie_variance_power: 1.5]
[lambdarank_truncation_level: 30]
[lambdarank_norm: 1]
[label_gain: ]
[lambdarank_position_bias_regularization: 0]
[eval_at: ]
[multi_error_top_k: 1]
[auc_mu_weights: ]
[num_machines: 1]
[local_listen_port: 12400]
[time_out: 120]
[machine_list_filename: ]
[machines: ]
[gpu_platform_id: -1]
[gpu_device_id: -1]
[gpu_device_id_list: ]
[gpu_use_dp: 0]
[num_gpu: 1]

end of parameters

pandas_categorical:[["Athletics", "Badminton", "Basketball", "Football", "Tennis", "Volleyball"], ["female", "male"], ["left", "right"], ["Blocker", "Center", "Defender", "Distance", "Doubles", "Forward", "Goalkeeper", "Guard", "Jumps", "Libero", "Midfielder", "Setter", "Singles", "Spiker", "Sprinter", "Throws"]]
